{"stats":{"minecraft:custom":{"minecraft:animals_bred":63,"minecraft:interact_with_crafting_table":189,"minecraft:leave_game":13,"minecraft:time_since_death":6951,"minecraft:damage_resisted":315,"minecraft:sprint_one_cm":1829057,"minecraft:drop":130,"minecraft:talked_to_villager":16,"minecraft:play_time":733531,"minecraft:deaths":153,"minecraft:jump":7623,"minecraft:walk_on_water_one_cm":67370,"minecraft:interact_with_furnace":114,"minecraft:sleep_in_bed":3,"minecraft:damage_dealt":40689,"minecraft:crouch_one_cm":386678,"minecraft:horse_one_cm":5520,"minecraft:use_cauldron":2,"minecraft:mob_kills":1756,"minecraft:inspect_hopper":1,"minecraft:damage_dealt_resisted":1465,"minecraft:walk_one_cm":1947479,"minecraft:sneak_time":153461,"minecraft:walk_under_water_one_cm":79568,"minecraft:total_world_time":733531,"minecraft:time_since_rest":6976,"minecraft:damage_taken":30147782,"minecraft:swim_one_cm":13378,"minecraft:fly_one_cm":1582201,"minecraft:open_chest":2518,"minecraft:fall_one_cm":118298},"minecraft:killed":{"minecraft:zombified_piglin":2,"minecraft:witch":7,"minecraft:spider":18,"minecraft:skeleton":545,"minecraft:chicken":4,"minecraft:tropical_fish":2,"minecraft:magma_cube":42,"minecraft:parrot":1,"minecraft:zombie_villager":13,"bwrtherain:spider_skull":4,"minecraft:creeper":492,"minecraft:sheep":6,"minecraft:goat":1,"minecraft:zombie":482,"minecraft:mooshroom":3,"minecraft:stray":5,"endofherobrine:chicken":1,"endofherobrine:cow":2,"minecraft:blaze":3,"minecraft:cow":3,"minecraft:vex":1,"minecraft:vindicator":3,"minecraft:slime":27,"minecraft:zoglin":3,"minecraft:drowned":1,"minecraft:husk":6,"minecraft:rabbit":1,"minecraft:frog":3,"minecraft:hoglin":1,"minecraft:squid":1,"endofherobrine:sheep":29,"minecraft:wither_skeleton":2},"minecraft:dropped":{"minecraft:lapis_lazuli":17,"minecraft:glass_bottle":1,"minecraft:diamond":1,"minecraft:crafting_table":1,"minecraft:dark_oak_sapling":3,"minecraft:glow_berries":3,"minecraft:leather":17,"minecraft:rail":2,"minecraft:dirt":5,"minecraft:mutton":2,"minecraft:wooden_sword":2,"minecraft:bone_meal":219,"minecraft:iron_pickaxe":1,"minecraft:bone":1,"minecraft:stone_axe":1,"minecraft:spyglass":1,"minecraft:cobbled_deepslate":111,"minecraft:rotten_flesh":14,"minecraft:oak_planks":162,"minecraft:carrot":192,"minecraft:rabbit_foot":1,"minecraft:gunpowder":9,"minecraft:azalea":7,"minecraft:chest":2,"minecraft:leather_leggings":2,"minecraft:spruce_slab":1,"minecraft:written_book":2,"minecraft:water_bucket":1,"minecraft:stone_hoe":1,"minecraft:bread":2,"minecraft:oak_slab":93,"minecraft:wheat_seeds":11,"minecraft:golden_helmet":2,"minecraft:mossy_cobblestone":4,"minecraft:oak_fence":3,"minecraft:lead":5,"minecraft:mushroom_stew":2,"minecraft:stick":2,"minecraft:wooden_hoe":1,"minecraft:pumpkin":4,"minecraft:paper":3,"minecraft:smooth_basalt":2,"minecraft:blue_terracotta":3,"minecraft:stone_sword":1,"minecraft:clay_ball":8,"minecraft:cobbled_deepslate_slab":1,"minecraft:oak_sign":1,"minecraft:deepslate_bricks":1,"minecraft:filled_map":2,"minecraft:muddy_mangrove_roots":3,"minecraft:diamond_pickaxe":1,"minecraft:oak_boat":1,"minecraft:wooden_shovel":1,"minecraft:bamboo":42,"minecraft:bow":2,"minecraft:stone_pickaxe":1,"minecraft:amethyst_cluster":2},"minecraft:crafted":{"minecraft:oak_planks":1004,"minecraft:oak_pressure_plate":1,"minecraft:cooked_chicken":1,"minecraft:hopper":8,"minecraft:raw_copper":45,"minecraft:chest":1,"minecraft:acacia_fence":12,"minecraft:stone_hoe":2,"minecraft:oak_fence":150,"minecraft:golden_sword":1,"minecraft:oak_slab":942,"minecraft:wooden_shovel":3,"minecraft:crafting_table":2,"minecraft:spruce_planks":4,"minecraft:wooden_pickaxe":1,"minecraft:baked_potato":63,"minecraft:birch_planks":52,"minecraft:wooden_hoe":1,"minecraft:charcoal":3,"minecraft:stick":224,"minecraft:iron_ingot":134,"minecraft:iron_pickaxe":11,"minecraft:stone_sword":5,"minecraft:gold_ingot":122,"minecraft:shears":1,"minecraft:wooden_sword":2,"minecraft:cobbled_deepslate_slab":24,"minecraft:raw_iron":18,"minecraft:stone_shovel":4,"minecraft:furnace":4,"minecraft:bone_meal":288,"minecraft:white_carpet":9,"minecraft:oak_trapdoor":2,"minecraft:spruce_stairs":4,"minecraft:iron_axe":1,"minecraft:spruce_slab":18,"minecraft:stone_pickaxe":4,"minecraft:dark_oak_planks":4,"minecraft:golden_helmet":2,"minecraft:cooked_beef":24,"minecraft:iron_sword":3,"minecraft:bowl":12,"minecraft:bucket":1,"minecraft:stone_axe":14,"minecraft:air":0,"minecraft:oak_boat":1,"minecraft:white_wool":27,"minecraft:wooden_axe":5,"minecraft:iron_shovel":1,"minecraft:white_bed":9,"minecraft:acacia_planks":20,"minecraft:torch":52,"minecraft:clay":84},"minecraft:broken":{"minecraft:golden_helmet":1,"minecraft:golden_boots":1,"minecraft:wooden_shovel":2,"minecraft:leather_leggings":1,"minecraft:golden_leggings":1,"minecraft:stone_pickaxe":3,"minecraft:golden_sword":1,"minecraft:wooden_sword":1,"minecraft:stone_axe":5,"minecraft:iron_sword":1,"minecraft:wooden_axe":3,"minecraft:golden_chestplate":2,"minecraft:leather_helmet":1,"minecraft:stone_sword":2,"minecraft:chainmail_helmet":1,"minecraft:leather_chestplate":1,"minecraft:stone_hoe":2,"minecraft:iron_axe":1,"minecraft:leather_boots":2,"minecraft:iron_pickaxe":4},"minecraft:mined":{"minecraft:spruce_planks":1,"minecraft:white_bed":10,"minecraft:oak_sapling":3,"minecraft:farmland":66,"minecraft:red_nether_bricks":25,"minecraft:obsidian":8,"minecraft:granite":97,"minecraft:budding_amethyst":30,"minecraft:acacia_log":9,"minecraft:grass_block":121,"minecraft:oak_pressure_plate":1,"minecraft:deepslate_bricks":112,"minecraft:soul_soil":25,"minecraft:bubble_coral_block":1,"minecraft:mud_bricks":26,"minecraft:gilded_blackstone":10,"minecraft:raw_iron_block":1,"minecraft:magma_block":21,"minecraft:glowstone":18,"minecraft:iron_ore":31,"minecraft:turtle_egg":1,"minecraft:fire":35,"minecraft:cobbled_deepslate":85,"minecraft:pumpkin":8,"minecraft:deepslate_lapis_ore":39,"minecraft:oak_sign":2,"minecraft:dirt_path":1,"minecraft:brain_coral_block":1,"minecraft:spruce_slab":12,"minecraft:blackstone":65,"minecraft:melon_stem":1,"minecraft:crimson_nylium":22,"minecraft:powder_snow":1,"minecraft:clay":28,"minecraft:torch":46,"minecraft:light_gray_terracotta":13,"minecraft:calcite":70,"minecraft:melon":7,"minecraft:chest":83,"minecraft:nether_quartz_ore":12,"minecraft:cobblestone":62,"minecraft:oak_planks":237,"minecraft:sugar_cane":14,"minecraft:prismarine":2,"minecraft:wall_torch":1,"minecraft:amethyst_block":86,"minecraft:deepslate_copper_ore":45,"minecraft:white_terracotta":2,"minecraft:warped_nylium":31,"minecraft:verdant_froglight":1,"minecraft:nether_wart_block":11,"minecraft:mud":36,"minecraft:birch_log":25,"minecraft:wheat":230,"minecraft:blue_ice":2,"minecraft:pumpkin_stem":11,"minecraft:oak_log":230,"minecraft:oak_fence_gate":2,"minecraft:acacia_fence":2,"minecraft:sand":4,"minecraft:dirt":116,"minecraft:mangrove_log":8,"minecraft:raw_copper_block":2,"minecraft:smooth_basalt":19,"minecraft:ancient_debris":5,"minecraft:netherrack":145,"minecraft:oak_leaves":63,"minecraft:deepslate":198,"minecraft:crying_obsidian":1,"minecraft:attached_pumpkin_stem":1,"minecraft:nether_gold_ore":14,"minecraft:dark_prismarine":1,"minecraft:deepslate_tiles":57,"minecraft:diamond_ore":10,"minecraft:tuff":64,"minecraft:mossy_cobblestone":10,"minecraft:deepslate_diamond_ore":15,"minecraft:candle":7,"minecraft:dark_oak_log":36,"minecraft:mangrove_roots":3,"minecraft:nether_bricks":10,"minecraft:cobbled_deepslate_slab":2,"minecraft:rooted_dirt":32,"minecraft:moss_block":115,"minecraft:sandstone":30,"minecraft:diorite_slab":3,"minecraft:redstone_ore":1,"minecraft:oak_trapdoor":2,"minecraft:packed_mud":27,"minecraft:spruce_sapling":2,"minecraft:furnace":2,"minecraft:carrots":233,"minecraft:red_sandstone":3,"minecraft:andesite":38,"minecraft:green_terracotta":12,"minecraft:potatoes":79,"minecraft:shroomlight":7,"minecraft:deepslate_iron_ore":42,"minecraft:stripped_oak_log":5,"minecraft:packed_ice":7,"minecraft:bamboo":3,"minecraft:stone":161,"minecraft:fire_coral_block":1,"minecraft:podzol":19,"minecraft:oak_slab":92,"minecraft:soul_sand":53,"minecraft:snow_block":20,"minecraft:stripped_dark_oak_log":1,"minecraft:basalt":40,"minecraft:oak_fence":101,"minecraft:crafting_table":7,"minecraft:emerald_ore":1,"minecraft:sponge":1,"minecraft:copper_ore":64,"minecraft:deepslate_coal_ore":32,"minecraft:lapis_ore":16,"minecraft:deepslate_gold_ore":34,"minecraft:diorite":80,"minecraft:warped_wart_block":18,"minecraft:prismarine_bricks":3,"minecraft:birch_planks":115,"minecraft:ice":1,"minecraft:spruce_log":24,"minecraft:muddy_mangrove_roots":6,"minecraft:coal_ore":36,"minecraft:ochre_froglight":3,"minecraft:dripstone_block":75,"minecraft:brown_terracotta":1,"minecraft:terracotta":4,"minecraft:gold_ore":12},"minecraft:killed_by":{"yeti:yeti":12,"endofherobrine:cow":1,"midnightlurker:midnight_lurker_backturned":1,"minecraft:wither_skeleton":2,"minecraft:creeper":4,"minecraft:polar_bear":1,"old_goatman:old_goatman":8,"minecraft:drowned":1,"endofherobrine:sheep":1,"minecraft:magma_cube":2,"minecraft:zoglin":3,"bwrtherain:vapor":1,"mimicer:mimicer":4,"midnightlurker:void_hands":3,"minecraft:vindicator":4,"man:managgresive":2,"minecraft:piglin":3,"bwrtherain:rosemary":1,"the_one_who_watches:toww_running":2,"minecraft:zombie":9,"kim_dweller:kim_dweller":10,"minecraft:elder_guardian":1,"minecraft:player":4,"minecraft:spider":2,"endofherobrine:lurker":1,"jacky:jacky":25,"minecraft:slime":1,"cartoon_dweller:cartoon_dweller":16,"minecraft:hoglin":2,"minecraft:skeleton":3,"mokey:mokey":13},"minecraft:used":{"minecraft:writable_book":1,"minecraft:iron_shovel":129,"minecraft:spruce_slab":12,"minecraft:oak_sign":1,"minecraft:chest":72,"minecraft:iron_sword":407,"minecraft:rotten_flesh":1,"minecraft:soul_sand":4,"minecraft:carrot":393,"minecraft:tuff":6,"minecraft:axolotl_bucket":4,"minecraft:snowball":79,"minecraft:obsidian":11,"minecraft:lava_bucket":12,"minecraft:golden_sword":27,"minecraft:bow":10,"minecraft:written_book":1,"minecraft:oak_sapling":39,"minecraft:furnace":7,"minecraft:acacia_fence":14,"minecraft:egg":32,"minecraft:potato":179,"minecraft:leather_leggings":1,"minecraft:diorite":13,"minecraft:wither_skeleton_skull":1,"minecraft:oak_planks":445,"minecraft:stone_pickaxe":494,"minecraft:blackstone":3,"minecraft:wooden_pickaxe":30,"minecraft:sandstone":31,"minecraft:sugar_cane":7,"minecraft:mushroom_stew":57,"minecraft:pumpkin_seeds":12,"minecraft:sponge":2,"minecraft:ochre_froglight":2,"minecraft:oak_pressure_plate":1,"minecraft:golden_helmet":2,"minecraft:wooden_sword":113,"minecraft:oak_fence":196,"minecraft:ice":1,"minecraft:diorite_slab":2,"minecraft:oak_trapdoor":3,"minecraft:cobweb":2,"minecraft:bone_meal":110,"minecraft:stone_sword":395,"minecraft:dried_kelp":3,"minecraft:stone_shovel":85,"minecraft:spruce_planks":1,"minecraft:wooden_shovel":148,"minecraft:cooked_chicken":2,"minecraft:stone_hoe":255,"minecraft:netherrack":51,"minecraft:torch":61,"minecraft:dirt":397,"minecraft:spyglass":20,"minecraft:white_carpet":8,"minecraft:hopper":13,"minecraft:golden_chestplate":1,"minecraft:granite":62,"minecraft:small_dripleaf":1,"minecraft:wooden_axe":176,"minecraft:iron_axe":176,"minecraft:rooted_dirt":45,"minecraft:melon_seeds":3,"minecraft:bamboo":7,"minecraft:golden_carrot":3,"minecraft:cooked_beef":16,"minecraft:cobbled_deepslate":147,"minecraft:pumpkin":1,"minecraft:calcite":3,"minecraft:wheat_seeds":280,"minecraft:water_bucket":40,"minecraft:amethyst_block":1,"minecraft:lead":1,"minecraft:birch_planks":71,"minecraft:baked_potato":31,"minecraft:leather_boots":1,"minecraft:deepslate_bricks":1,"minecraft:mossy_cobblestone":4,"minecraft:oak_slab":854,"minecraft:crafting_table":9,"minecraft:white_bed":17,"minecraft:oak_log":8,"minecraft:mud":3,"minecraft:wooden_hoe":17,"minecraft:diamond_pickaxe":424,"minecraft:apple":8,"minecraft:iron_pickaxe":1491,"minecraft:map":1,"minecraft:leather_helmet":1,"minecraft:spruce_sapling":4,"minecraft:stone_axe":843,"minecraft:cobblestone":9,"minecraft:potion":1,"minecraft:cobbled_deepslate_slab":17,"minecraft:bucket":57,"minecraft:candle":23},"minecraft:picked_up":{"minecraft:seagrass":2,"minecraft:wheat":193,"minecraft:chainmail_boots":4,"minecraft:prismarine_shard":5,"minecraft:lead":16,"minecraft:potion":1,"minecraft:gilded_blackstone":7,"minecraft:amethyst_block":308,"minecraft:string":91,"minecraft:dead_tube_coral_block":10,"minecraft:ocelot_spawn_egg":2,"minecraft:soul_soil":25,"minecraft:raw_copper":1448,"minecraft:red_nether_bricks":24,"minecraft:experience_bottle":12,"minecraft:shroomlight":7,"minecraft:oak_sign":4,"minecraft:deepslate_tiles":113,"minecraft:gold_nugget":62,"minecraft:cobbled_deepslate":560,"minecraft:bucket":1,"minecraft:spruce_planks":68,"minecraft:written_book":3,"minecraft:iron_pickaxe":3,"minecraft:calcite":278,"minecraft:azalea":22,"minecraft:wooden_shovel":9,"minecraft:melon_slice":119,"minecraft:mangrove_log":9,"minecraft:furnace":3,"minecraft:golden_helmet":3,"minecraft:tipped_arrow":3,"minecraft:stick":45,"minecraft:acacia_fence":2,"minecraft:big_dripleaf":24,"minecraft:brown_terracotta":1,"minecraft:oak_fence":109,"minecraft:torch":60,"minecraft:acacia_log":27,"minecraft:spruce_stairs":4,"minecraft:porkchop":3,"minecraft:pointed_dripstone":17,"minecraft:diorite":231,"minecraft:vine":6,"minecraft:golden_chestplate":2,"minecraft:green_terracotta":33,"minecraft:rabbit_foot":2,"minecraft:stone_sword":1,"minecraft:rotten_flesh":952,"minecraft:tropical_fish":27,"minecraft:music_disc_ward":2,"minecraft:cyan_terracotta":9,"minecraft:mangrove_roots":3,"minecraft:white_terracotta":35,"minecraft:blaze_rod":1,"minecraft:obsidian":8,"minecraft:snowball":346,"minecraft:cod":2,"minecraft:cobblestone":378,"minecraft:sponge":17,"minecraft:birch_log":77,"minecraft:magma_block":21,"minecraft:andesite":197,"minecraft:muddy_mangrove_roots":6,"minecraft:feather":43,"minecraft:cooked_beef":3,"minecraft:magma_cream":1,"minecraft:water_bucket":2,"minecraft:jungle_log":7,"minecraft:golden_leggings":1,"minecraft:potato":279,"minecraft:tuff":144,"minecraft:prismarine_bricks":83,"minecraft:wandering_trader_spawn_egg":2,"minecraft:horn_coral":3,"minecraft:map":1,"minecraft:lapis_lazuli":1126,"minecraft:dirt":382,"minecraft:leather_boots":6,"minecraft:hanging_roots":41,"minecraft:bone":871,"minecraft:gray_terracotta":16,"minecraft:bow":47,"minecraft:wheat_seeds":556,"minecraft:small_dripleaf":32,"minecraft:cobbled_deepslate_slab":2,"minecraft:raw_gold":48,"minecraft:bamboo":101,"minecraft:rabbit":2,"minecraft:glowstone_dust":50,"minecraft:moss_block":499,"minecraft:prismarine":120,"minecraft:oak_planks":432,"minecraft:stone_hoe":3,"minecraft:glow_lichen":7,"minecraft:music_disc_13":2,"minecraft:warped_wart_block":18,"minecraft:lime_terracotta":4,"minecraft:oak_pressure_plate":1,"minecraft:poisonous_potato":1,"minecraft:sand":4,"minecraft:ink_sac":3,"minecraft:grass_block":2,"minecraft:dark_oak_log":78,"minecraft:mossy_cobblestone":53,"minecraft:dark_prismarine":52,"minecraft:light_gray_terracotta":39,"minecraft:blue_terracotta":23,"minecraft:clay":85,"minecraft:diamond":73,"minecraft:dead_brain_coral_block":21,"minecraft:granite":64,"minecraft:bone_meal":18,"minecraft:golden_apple":7,"minecraft:white_concrete":4,"minecraft:emerald":39,"minecraft:bread":2,"minecraft:cyan_dye":2,"minecraft:rooted_dirt":44,"minecraft:oak_sapling":221,"minecraft:netherrack":193,"minecraft:diamond_pickaxe":2,"minecraft:blaze_spawn_egg":3,"minecraft:mud":32,"minecraft:crafting_table":9,"minecraft:bubble_coral_fan":1,"minecraft:chicken":10,"minecraft:clay_ball":324,"minecraft:leather_leggings":3,"minecraft:brown_mushroom":2,"minecraft:wooden_pickaxe":5,"minecraft:diorite_slab":8,"minecraft:dead_horn_coral_block":13,"minecraft:oak_trapdoor":1,"minecraft:iron_axe":1,"minecraft:wooden_sword":2,"minecraft:white_carpet":3,"minecraft:iron_shovel":1,"minecraft:blackstone":65,"minecraft:blue_orchid":7,"minecraft:candle":29,"minecraft:music_disc_otherside":1,"minecraft:beef":11,"minecraft:oak_boat":4,"minecraft:spruce_slab":11,"minecraft:sugar_cane":20,"minecraft:chest":132,"minecraft:birch_sapling":6,"minecraft:raw_copper_block":7,"minecraft:egg":28,"minecraft:dark_oak_sapling":22,"minecraft:sandstone":5,"minecraft:raw_iron":86,"minecraft:bowl":3,"minecraft:music_disc_mellohi":3,"minecraft:amethyst_cluster":27,"minecraft:frog_spawn_egg":3,"minecraft:music_disc_11":2,"minecraft:trident":2,"minecraft:carrot":928,"minecraft:redstone":49,"minecraft:prismarine_crystals":89,"minecraft:dark_oak_planks":4,"minecraft:arrow":868,"minecraft:nether_bricks":10,"minecraft:tube_coral_fan":1,"minecraft:shears":1,"minecraft:deepslate_bricks":318,"minecraft:yellow_terracotta":8,"minecraft:gold_ingot":113,"minecraft:glow_berries":30,"minecraft:mutton":19,"minecraft:white_wool":11,"minecraft:rail":4,"minecraft:stripped_oak_log":5,"minecraft:mud_bricks":26,"minecraft:basalt":40,"minecraft:golden_carrot":3,"minecraft:glow_ink_sac":15,"minecraft:salmon":4,"minecraft:leather":56,"minecraft:music_disc_stal":1,"minecraft:red_mushroom":15,"minecraft:birch_planks":57,"minecraft:ochre_froglight":4,"minecraft:filled_map":2,"minecraft:packed_mud":27,"minecraft:mushroom_stew":3,"minecraft:oak_log":328,"minecraft:lily_pad":10,"minecraft:ancient_debris":5,"minecraft:golden_boots":7,"minecraft:nether_wart_block":11,"minecraft:gunpowder":742,"minecraft:paper":6,"man:cassette_1safetyinstructions":5,"minecraft:orange_terracotta":8,"minecraft:apple":42,"minecraft:kelp":1,"minecraft:red_sandstone":14,"minecraft:rabbit_hide":10,"minecraft:spore_blossom":8,"minecraft:iron_ingot":101,"minecraft:oak_fence_gate":2,"minecraft:stone_pickaxe":5,"minecraft:cooked_chicken":1,"minecraft:frogspawn":2,"minecraft:glass_bottle":2,"minecraft:verdant_froglight":1,"minecraft:flowering_azalea":4,"minecraft:soul_sand":53,"minecraft:green_dye":6,"minecraft:book":5,"minecraft:oak_slab":66,"minecraft:smooth_basalt":114,"minecraft:pumpkin":21,"minecraft:budding_amethyst":5,"minecraft:dandelion":5,"minecraft:quartz":12,"minecraft:raw_iron_block":2,"minecraft:spyglass":2,"minecraft:dripstone_block":325,"minecraft:dead_fire_coral_block":13,"minecraft:amethyst_shard":20,"minecraft:spruce_sapling":56,"minecraft:white_bed":8,"minecraft:spruce_log":55,"minecraft:crying_obsidian":1,"minecraft:spider_eye":28,"minecraft:leather_helmet":3,"minecraft:pumpkin_seeds":13,"minecraft:dried_kelp_block":6,"minecraft:slime_ball":22,"minecraft:stone_axe":2,"minecraft:dead_bubble_coral_block":10,"minecraft:scute":1,"minecraft:terracotta":49,"minecraft:melon_seeds":2,"minecraft:stripped_dark_oak_log":1,"minecraft:coal":193,"minecraft:mangrove_propagule":2,"minecraft:hopper":5,"minecraft:wooden_axe":1}},"DataVersion":3120}