{"stats":{"minecraft:crafted":{"minecraft:cooked_beef":4,"minecraft:oak_planks":448,"minecraft:wooden_shovel":2,"minecraft:stone_shovel":1,"minecraft:crafting_table":1,"minecraft:wooden_pickaxe":1,"minecraft:bowl":4,"minecraft:furnace":1,"minecraft:bone_meal":12,"minecraft:birch_planks":40,"minecraft:stone_axe":2,"minecraft:air":0,"minecraft:wooden_hoe":1,"minecraft:charcoal":3,"minecraft:stick":28,"minecraft:iron_ingot":9,"minecraft:stone_pickaxe":1,"minecraft:wooden_axe":2,"minecraft:stone_sword":1,"minecraft:torch":12,"minecraft:oak_fence":27,"minecraft:shears":1},"minecraft:custom":{"minecraft:interact_with_furnace":23,"minecraft:mob_kills":20,"minecraft:animals_bred":2,"minecraft:interact_with_crafting_table":26,"minecraft:damage_dealt_resisted":174,"minecraft:leave_game":5,"minecraft:time_since_death":9531,"minecraft:damage_resisted":315,"minecraft:time_since_rest":9558,"minecraft:sprint_one_cm":148557,"minecraft:damage_taken":3161,"minecraft:walk_one_cm":463959,"minecraft:drop":8,"minecraft:damage_dealt":3551,"minecraft:fly_one_cm":88174,"minecraft:open_chest":197,"minecraft:crouch_one_cm":104970,"minecraft:play_time":115711,"minecraft:deaths":8,"minecraft:sneak_time":33682,"minecraft:jump":447,"minecraft:walk_on_water_one_cm":109,"minecraft:total_world_time":115711,"minecraft:fall_one_cm":3427},"minecraft:killed_by":{"minecraft:polar_bear":1,"minecraft:zombie":2,"mokey:mokey":1,"jacky:jacky":1,"yeti:yeti":2},"minecraft:broken":{"minecraft:stone_pickaxe":2,"minecraft:wooden_shovel":1,"minecraft:stone_axe":1,"minecraft:wooden_axe":1},"minecraft:mined":{"minecraft:oak_sapling":1,"minecraft:melon_stem":1,"minecraft:snow_block":5,"minecraft:oak_fence":27,"minecraft:clay":13,"minecraft:torch":2,"minecraft:granite":30,"minecraft:budding_amethyst":1,"minecraft:calcite":13,"minecraft:grass_block":73,"minecraft:melon":7,"minecraft:chest":17,"minecraft:copper_ore":30,"minecraft:oak_planks":70,"minecraft:diorite":31,"minecraft:amethyst_block":17,"minecraft:white_terracotta":2,"minecraft:birch_planks":10,"minecraft:spruce_sapling":2,"minecraft:carrots":10,"minecraft:iron_ore":16,"minecraft:birch_log":12,"minecraft:wheat":31,"minecraft:ice":1,"minecraft:pumpkin_stem":11,"minecraft:andesite":12,"minecraft:pumpkin":5,"minecraft:coal_ore":19,"minecraft:oak_log":55,"minecraft:dirt":48,"minecraft:packed_ice":2,"minecraft:smooth_basalt":2,"minecraft:stone":64,"minecraft:oak_leaves":1,"minecraft:attached_pumpkin_stem":1,"minecraft:podzol":12},"minecraft:dropped":{"minecraft:mushroom_stew":2,"minecraft:wooden_hoe":1,"minecraft:wooden_shovel":1,"minecraft:wooden_sword":2,"minecraft:written_book":1,"minecraft:smooth_basalt":2},"minecraft:used":{"minecraft:oak_fence":44,"minecraft:wheat_seeds":46,"minecraft:water_bucket":1,"minecraft:writable_book":1,"minecraft:stone_sword":48,"minecraft:birch_planks":60,"minecraft:stone_shovel":12,"minecraft:stone_pickaxe":227,"minecraft:oak_planks":310,"minecraft:chest":8,"minecraft:wooden_pickaxe":30,"minecraft:wooden_shovel":89,"minecraft:stone_hoe":6,"minecraft:torch":5,"minecraft:dirt":170,"minecraft:crafting_table":1,"minecraft:mushroom_stew":16,"minecraft:carrot":29,"minecraft:pumpkin_seeds":12,"minecraft:wooden_axe":86,"minecraft:wooden_hoe":17,"minecraft:spruce_sapling":4,"minecraft:melon_seeds":3,"minecraft:stone_axe":135,"minecraft:oak_sapling":13,"minecraft:furnace":2,"minecraft:bucket":1,"minecraft:ice":1,"minecraft:egg":13,"minecraft:bone_meal":7},"minecraft:killed":{"minecraft:rabbit":1,"minecraft:spider":4,"minecraft:sheep":2,"minecraft:goat":1,"minecraft:zombie":4,"minecraft:mooshroom":2,"minecraft:stray":2},"minecraft:picked_up":{"minecraft:birch_log":42,"minecraft:crafting_table":1,"minecraft:wheat":5,"minecraft:chicken":2,"minecraft:golden_carrot":1,"minecraft:clay_ball":120,"minecraft:andesite":31,"minecraft:leather":14,"minecraft:wooden_pickaxe":5,"minecraft:birch_planks":3,"minecraft:oak_log":92,"minecraft:amethyst_block":29,"minecraft:string":5,"minecraft:dirt":210,"minecraft:raw_copper":235,"man:cassette_1safetyinstructions":3,"minecraft:wooden_sword":2,"minecraft:apple":4,"minecraft:wheat_seeds":43,"minecraft:bucket":1,"minecraft:beef":4,"minecraft:stone_pickaxe":3,"minecraft:calcite":24,"minecraft:wooden_shovel":8,"minecraft:rabbit":1,"minecraft:stone_hoe":1,"minecraft:melon_slice":77,"minecraft:chest":29,"minecraft:birch_sapling":2,"minecraft:oak_planks":47,"minecraft:flowering_azalea":1,"minecraft:furnace":1,"minecraft:egg":8,"minecraft:stick":12,"minecraft:raw_iron":28,"minecraft:smooth_basalt":4,"minecraft:pumpkin":7,"minecraft:oak_fence":31,"minecraft:torch":11,"minecraft:spruce_sapling":9,"minecraft:grass_block":1,"minecraft:diorite":30,"minecraft:spruce_log":4,"minecraft:carrot":20,"minecraft:spider_eye":3,"minecraft:pumpkin_seeds":11,"minecraft:rotten_flesh":6,"minecraft:stone_axe":1,"minecraft:granite":31,"minecraft:white_terracotta":2,"minecraft:snowball":20,"minecraft:oak_sapling":12,"minecraft:melon_seeds":2,"minecraft:mutton":4,"minecraft:coal":36,"minecraft:white_wool":5,"minecraft:cobblestone":133}},"DataVersion":3120}