{"stats":{"minecraft:mined":{"minecraft:white_bed":4,"minecraft:oak_sapling":3,"minecraft:granite":41,"minecraft:budding_amethyst":26,"minecraft:acacia_log":5,"minecraft:grass_block":88,"minecraft:oak_pressure_plate":1,"minecraft:deepslate_bricks":112,"minecraft:raw_iron_block":1,"minecraft:fire":1,"minecraft:iron_ore":31,"minecraft:cobbled_deepslate":32,"minecraft:turtle_egg":1,"minecraft:pumpkin":6,"minecraft:deepslate_lapis_ore":36,"minecraft:oak_sign":1,"minecraft:spruce_slab":12,"minecraft:melon_stem":1,"minecraft:powder_snow":1,"minecraft:clay":17,"minecraft:torch":41,"minecraft:light_gray_terracotta":13,"minecraft:calcite":68,"minecraft:melon":7,"minecraft:chest":69,"minecraft:cobblestone":23,"minecraft:oak_planks":138,"minecraft:wall_torch":1,"minecraft:amethyst_block":79,"minecraft:deepslate_copper_ore":43,"minecraft:white_terracotta":2,"minecraft:birch_log":24,"minecraft:wheat":95,"minecraft:blue_ice":2,"minecraft:pumpkin_stem":11,"minecraft:oak_log":227,"minecraft:acacia_fence":2,"minecraft:dirt":56,"minecraft:smooth_basalt":16,"minecraft:raw_copper_block":2,"minecraft:oak_leaves":63,"minecraft:deepslate":178,"minecraft:attached_pumpkin_stem":1,"minecraft:deepslate_tiles":57,"minecraft:diamond_ore":8,"minecraft:tuff":55,"minecraft:deepslate_diamond_ore":13,"minecraft:candle":5,"minecraft:dark_oak_log":34,"minecraft:cobbled_deepslate_slab":1,"minecraft:moss_block":109,"minecraft:rooted_dirt":29,"minecraft:diorite_slab":3,"minecraft:oak_trapdoor":1,"minecraft:furnace":2,"minecraft:spruce_sapling":2,"minecraft:carrots":120,"minecraft:green_terracotta":12,"minecraft:andesite":36,"minecraft:deepslate_iron_ore":42,"minecraft:stripped_oak_log":5,"minecraft:packed_ice":6,"minecraft:stone":144,"minecraft:podzol":19,"minecraft:oak_slab":26,"minecraft:snow_block":20,"minecraft:stripped_dark_oak_log":1,"minecraft:oak_fence":67,"minecraft:crafting_table":7,"minecraft:copper_ore":62,"minecraft:deepslate_coal_ore":31,"minecraft:lapis_ore":13,"minecraft:deepslate_gold_ore":34,"minecraft:diorite":63,"minecraft:prismarine_bricks":1,"minecraft:birch_planks":46,"minecraft:ice":1,"minecraft:spruce_log":22,"minecraft:coal_ore":35,"minecraft:dripstone_block":75,"minecraft:terracotta":2,"minecraft:gold_ore":6},"minecraft:killed_by":{"endofherobrine:cow":1,"minecraft:creeper":4,"minecraft:polar_bear":1,"old_goatman:old_goatman":2,"minecraft:drowned":1,"mimicer:mimicer":4,"midnightlurker:void_hands":3,"minecraft:vindicator":4,"man:managgresive":2,"bwrtherain:rosemary":1,"minecraft:zombie":9,"kim_dweller:kim_dweller":4,"minecraft:elder_guardian":1,"minecraft:spider":2,"jacky:jacky":12,"cartoon_dweller:cartoon_dweller":6,"minecraft:skeleton":3,"mokey:mokey":9,"yeti:yeti":6},"minecraft:killed":{"minecraft:witch":6,"minecraft:spider":16,"minecraft:skeleton":284,"minecraft:chicken":3,"minecraft:tropical_fish":2,"minecraft:parrot":1,"minecraft:zombie_villager":6,"bwrtherain:spider_skull":2,"minecraft:creeper":235,"minecraft:sheep":2,"minecraft:goat":1,"minecraft:zombie":252,"minecraft:mooshroom":3,"minecraft:stray":5,"endofherobrine:chicken":1,"endofherobrine:cow":1,"minecraft:cow":3,"minecraft:vex":1,"minecraft:vindicator":3,"minecraft:drowned":1,"minecraft:husk":6,"minecraft:rabbit":1,"minecraft:squid":1},"minecraft:used":{"minecraft:writable_book":1,"minecraft:spruce_slab":12,"minecraft:oak_sign":1,"minecraft:chest":65,"minecraft:iron_sword":84,"minecraft:carrot":233,"minecraft:axolotl_bucket":2,"minecraft:snowball":31,"minecraft:golden_sword":16,"minecraft:bow":5,"minecraft:written_book":1,"minecraft:oak_sapling":39,"minecraft:furnace":7,"minecraft:acacia_fence":14,"minecraft:egg":32,"minecraft:diorite":2,"minecraft:stone_pickaxe":362,"minecraft:oak_planks":431,"minecraft:wooden_pickaxe":30,"minecraft:mushroom_stew":57,"minecraft:sponge":2,"minecraft:pumpkin_seeds":12,"minecraft:oak_pressure_plate":1,"minecraft:wooden_sword":113,"minecraft:ice":1,"minecraft:bone_meal":7,"minecraft:diorite_slab":2,"minecraft:oak_fence":109,"minecraft:oak_trapdoor":3,"minecraft:stone_sword":260,"minecraft:dried_kelp":3,"minecraft:stone_shovel":43,"minecraft:wooden_shovel":94,"minecraft:stone_hoe":10,"minecraft:torch":50,"minecraft:dirt":200,"minecraft:spyglass":2,"minecraft:white_carpet":8,"minecraft:hopper":12,"minecraft:golden_chestplate":1,"minecraft:granite":10,"minecraft:small_dripleaf":1,"minecraft:wooden_axe":176,"minecraft:melon_seeds":3,"minecraft:golden_carrot":3,"minecraft:cooked_beef":4,"minecraft:cobbled_deepslate":106,"minecraft:pumpkin":1,"minecraft:calcite":1,"minecraft:wheat_seeds":130,"minecraft:water_bucket":29,"minecraft:birch_planks":66,"minecraft:lead":1,"minecraft:deepslate_bricks":1,"minecraft:oak_slab":531,"minecraft:crafting_table":7,"minecraft:white_bed":6,"minecraft:oak_log":8,"minecraft:wooden_hoe":17,"minecraft:apple":2,"minecraft:iron_pickaxe":1176,"minecraft:leather_helmet":1,"minecraft:spruce_sapling":4,"minecraft:stone_axe":642,"minecraft:cobblestone":9,"minecraft:potion":1,"minecraft:cobbled_deepslate_slab":15,"minecraft:bucket":32,"minecraft:candle":17},"minecraft:crafted":{"minecraft:oak_planks":984,"minecraft:oak_pressure_plate":1,"minecraft:cooked_chicken":1,"minecraft:hopper":8,"minecraft:raw_copper":45,"minecraft:chest":1,"minecraft:acacia_fence":12,"minecraft:oak_fence":72,"minecraft:golden_sword":1,"minecraft:oak_slab":600,"minecraft:wooden_shovel":3,"minecraft:crafting_table":1,"minecraft:spruce_planks":4,"minecraft:wooden_pickaxe":1,"minecraft:birch_planks":52,"minecraft:wooden_hoe":1,"minecraft:charcoal":3,"minecraft:stick":140,"minecraft:iron_ingot":123,"minecraft:iron_pickaxe":7,"minecraft:stone_sword":3,"minecraft:gold_ingot":121,"minecraft:shears":1,"minecraft:wooden_sword":2,"minecraft:cobbled_deepslate_slab":24,"minecraft:raw_iron":18,"minecraft:stone_shovel":3,"minecraft:furnace":4,"minecraft:bone_meal":12,"minecraft:white_carpet":9,"minecraft:oak_trapdoor":2,"minecraft:spruce_stairs":4,"minecraft:spruce_slab":18,"minecraft:stone_pickaxe":3,"minecraft:dark_oak_planks":4,"minecraft:cooked_beef":11,"minecraft:bowl":12,"minecraft:bucket":1,"minecraft:stone_axe":11,"minecraft:air":0,"minecraft:oak_boat":1,"minecraft:white_wool":17,"minecraft:wooden_axe":5,"minecraft:white_bed":3,"minecraft:acacia_planks":20,"minecraft:torch":44,"minecraft:clay":84},"minecraft:picked_up":{"minecraft:wooden_axe":1,"minecraft:seagrass":2,"minecraft:wheat":73,"minecraft:chainmail_boots":4,"minecraft:prismarine_shard":5,"minecraft:lead":7,"minecraft:potion":1,"minecraft:amethyst_block":297,"minecraft:string":84,"minecraft:dead_tube_coral_block":10,"minecraft:ocelot_spawn_egg":2,"minecraft:raw_copper":1415,"minecraft:experience_bottle":12,"minecraft:oak_sign":1,"minecraft:deepslate_tiles":113,"minecraft:cobbled_deepslate":384,"minecraft:bucket":1,"minecraft:spruce_planks":66,"minecraft:written_book":3,"minecraft:calcite":274,"minecraft:azalea":22,"minecraft:wooden_shovel":9,"minecraft:iron_pickaxe":3,"minecraft:melon_slice":119,"minecraft:furnace":3,"minecraft:tipped_arrow":3,"minecraft:golden_helmet":3,"minecraft:stick":43,"minecraft:acacia_fence":2,"minecraft:big_dripleaf":24,"minecraft:oak_fence":74,"minecraft:torch":53,"minecraft:acacia_log":23,"minecraft:spruce_stairs":4,"minecraft:pointed_dripstone":17,"minecraft:diorite":229,"minecraft:vine":6,"minecraft:golden_chestplate":2,"minecraft:green_terracotta":33,"minecraft:rabbit_foot":1,"minecraft:rotten_flesh":892,"minecraft:tropical_fish":27,"minecraft:music_disc_ward":2,"minecraft:cyan_terracotta":9,"minecraft:white_terracotta":35,"minecraft:cod":2,"minecraft:snowball":346,"minecraft:cobblestone":321,"minecraft:sponge":16,"minecraft:birch_log":76,"minecraft:cooked_beef":3,"minecraft:feather":43,"minecraft:jungle_log":7,"minecraft:water_bucket":2,"minecraft:andesite":190,"minecraft:golden_leggings":1,"minecraft:tuff":141,"minecraft:prismarine_bricks":81,"minecraft:wandering_trader_spawn_egg":2,"minecraft:horn_coral":3,"minecraft:map":1,"minecraft:lapis_lazuli":1065,"minecraft:dirt":248,"minecraft:leather_boots":6,"minecraft:bone":826,"minecraft:bow":41,"minecraft:gray_terracotta":16,"minecraft:wheat_seeds":226,"minecraft:small_dripleaf":32,"minecraft:raw_gold":42,"minecraft:cobbled_deepslate_slab":1,"minecraft:rabbit":2,"minecraft:moss_block":493,"minecraft:prismarine":118,"minecraft:stone_hoe":2,"minecraft:oak_planks":388,"minecraft:glow_lichen":7,"minecraft:music_disc_13":2,"minecraft:lime_terracotta":4,"minecraft:oak_pressure_plate":1,"minecraft:ink_sac":3,"minecraft:grass_block":2,"minecraft:dark_oak_log":76,"minecraft:mossy_cobblestone":42,"minecraft:dark_prismarine":52,"minecraft:light_gray_terracotta":39,"minecraft:blue_terracotta":23,"minecraft:clay":85,"minecraft:diamond":71,"minecraft:dead_brain_coral_block":20,"minecraft:granite":59,"minecraft:bone_meal":9,"minecraft:white_concrete":4,"minecraft:golden_apple":7,"minecraft:emerald":37,"minecraft:cyan_dye":2,"minecraft:rooted_dirt":41,"minecraft:oak_sapling":221,"minecraft:blaze_spawn_egg":3,"minecraft:crafting_table":9,"minecraft:bubble_coral_fan":1,"minecraft:chicken":10,"minecraft:clay_ball":284,"minecraft:leather_leggings":1,"minecraft:brown_mushroom":2,"minecraft:wooden_pickaxe":5,"minecraft:diorite_slab":8,"minecraft:dead_horn_coral_block":13,"minecraft:oak_trapdoor":1,"minecraft:wooden_sword":2,"minecraft:white_carpet":3,"minecraft:iron_shovel":1,"minecraft:blue_orchid":5,"minecraft:candle":23,"minecraft:music_disc_otherside":1,"minecraft:beef":9,"minecraft:oak_boat":3,"minecraft:spruce_slab":11,"minecraft:birch_sapling":6,"minecraft:chest":116,"minecraft:raw_copper_block":7,"minecraft:egg":28,"minecraft:dark_oak_sapling":22,"minecraft:raw_iron":85,"minecraft:bowl":3,"minecraft:music_disc_mellohi":3,"minecraft:amethyst_cluster":23,"minecraft:frog_spawn_egg":3,"minecraft:music_disc_11":1,"minecraft:trident":2,"minecraft:carrot":430,"minecraft:redstone":45,"minecraft:prismarine_crystals":89,"minecraft:dark_oak_planks":4,"minecraft:arrow":814,"minecraft:tube_coral_fan":1,"minecraft:shears":1,"minecraft:deepslate_bricks":317,"minecraft:yellow_terracotta":8,"minecraft:gold_ingot":113,"minecraft:glow_berries":30,"minecraft:mutton":10,"minecraft:white_wool":6,"minecraft:rail":4,"minecraft:stripped_oak_log":5,"minecraft:golden_carrot":3,"minecraft:glow_ink_sac":15,"minecraft:salmon":4,"minecraft:leather":55,"minecraft:music_disc_stal":1,"minecraft:red_mushroom":15,"minecraft:birch_planks":40,"minecraft:mushroom_stew":3,"minecraft:oak_log":325,"minecraft:lily_pad":3,"minecraft:golden_boots":7,"minecraft:gunpowder":692,"minecraft:paper":6,"man:cassette_1safetyinstructions":5,"minecraft:orange_terracotta":8,"minecraft:apple":42,"minecraft:kelp":1,"minecraft:red_sandstone":11,"minecraft:spore_blossom":7,"minecraft:rabbit_hide":10,"minecraft:iron_ingot":100,"minecraft:stone_pickaxe":4,"minecraft:cooked_chicken":1,"minecraft:glass_bottle":2,"minecraft:flowering_azalea":4,"minecraft:book":4,"minecraft:green_dye":6,"minecraft:oak_slab":27,"minecraft:smooth_basalt":111,"minecraft:pumpkin":16,"minecraft:budding_amethyst":4,"minecraft:dripstone_block":325,"minecraft:dandelion":5,"minecraft:spyglass":2,"minecraft:raw_iron_block":2,"minecraft:dead_fire_coral_block":12,"minecraft:amethyst_shard":20,"minecraft:spruce_sapling":56,"minecraft:white_bed":3,"minecraft:spruce_log":53,"minecraft:spider_eye":27,"minecraft:leather_helmet":3,"minecraft:pumpkin_seeds":12,"minecraft:dried_kelp_block":6,"minecraft:stone_axe":1,"minecraft:dead_bubble_coral_block":9,"minecraft:scute":1,"minecraft:terracotta":48,"minecraft:melon_seeds":2,"minecraft:stripped_dark_oak_log":1,"minecraft:coal":189,"minecraft:hopper":5},"minecraft:custom":{"minecraft:animals_bred":13,"minecraft:interact_with_crafting_table":140,"minecraft:leave_game":9,"minecraft:time_since_death":2419,"minecraft:damage_resisted":315,"minecraft:sprint_one_cm":1112411,"minecraft:drop":49,"minecraft:talked_to_villager":11,"minecraft:play_time":480970,"minecraft:deaths":83,"minecraft:jump":3670,"minecraft:walk_on_water_one_cm":26603,"minecraft:interact_with_furnace":93,"minecraft:sleep_in_bed":1,"minecraft:damage_dealt":22493,"minecraft:crouch_one_cm":272779,"minecraft:horse_one_cm":3943,"minecraft:mob_kills":853,"minecraft:inspect_hopper":1,"minecraft:damage_dealt_resisted":1435,"minecraft:walk_one_cm":1307814,"minecraft:sneak_time":106890,"minecraft:walk_under_water_one_cm":45145,"minecraft:total_world_time":480970,"minecraft:time_since_rest":2452,"minecraft:damage_taken":126898,"minecraft:swim_one_cm":12427,"minecraft:fly_one_cm":769070,"minecraft:open_chest":1716,"minecraft:fall_one_cm":43772},"minecraft:broken":{"minecraft:wooden_shovel":1,"minecraft:stone_pickaxe":2,"minecraft:wooden_sword":1,"minecraft:stone_axe":4,"minecraft:wooden_axe":3,"minecraft:leather_helmet":1,"minecraft:stone_sword":1,"minecraft:leather_boots":1,"minecraft:iron_pickaxe":3},"minecraft:dropped":{"minecraft:glass_bottle":1,"minecraft:diamond":1,"minecraft:crafting_table":1,"minecraft:dark_oak_sapling":3,"minecraft:glow_berries":3,"minecraft:leather":17,"minecraft:rail":2,"minecraft:wooden_sword":2,"minecraft:iron_pickaxe":1,"minecraft:spyglass":1,"minecraft:cobbled_deepslate":9,"minecraft:rotten_flesh":12,"minecraft:oak_planks":160,"minecraft:carrot":16,"minecraft:azalea":7,"minecraft:spruce_slab":1,"minecraft:written_book":2,"minecraft:oak_slab":68,"minecraft:wheat_seeds":11,"minecraft:golden_helmet":2,"minecraft:lead":1,"minecraft:mushroom_stew":2,"minecraft:wooden_hoe":1,"minecraft:paper":3,"minecraft:smooth_basalt":2,"minecraft:blue_terracotta":3,"minecraft:clay_ball":8,"minecraft:deepslate_bricks":1,"minecraft:wooden_shovel":1,"minecraft:amethyst_cluster":2}},"DataVersion":3120}