{"stats":{"minecraft:killed_by":{"grimoireofgaia:kobold":1,"gothic:scavenger":1,"gothic:scavenger_young":1,"gothic:snapper":1},"minecraft:killed":{"naturalist:robin":2,"minecraft:sheep":4,"minecraft:zombie":2,"minecraft:chicken":4},"minecraft:dropped":{"oaks_decor:throwable_pebble":1,"minecraft:filled_map":1,"tombstone:grave_key":3},"minecraft:used":{"minecraft:stone_sword":8,"minecraft:stone_pickaxe":5,"minecraft:baked_potato":2,"gothic:black_mushroom_item":1,"minecraft:wooden_pickaxe":11,"dynamictrees:oak_seed":2,"minecraft:dirt":12,"gothic:giant_river_plant":1,"minecraft:wooden_axe":4,"vampirism:item_tent":4,"minecraft:lantern":1,"minecraft:bread":2,"minecraft:map":1,"blue_skies:maple_crafting_table":1,"butchercraft:lamb_scraps":3,"minecraft:stone_axe":8,"butchercraft:cooked_chicken_scraps":1,"minecraft:furnace":1,"tombstone:gift":2,"minecraft:coarse_dirt":1},"minecraft:picked_up":{"minecraft:coarse_dirt":1,"minecraft:feather":2,"vampirism:item_tent":4,"gothic:black_mushroom_item":1,"minecraft:oak_log":22,"tombstone:grave_key":2,"minecraft:yellow_bed":1,"minecraft:map":1,"minecraft:dirt":12,"minecraft:lantern":2,"gothic:giant_river_plant":1,"minecraft:stone_bricks":1,"minecraft:wheat_seeds":1,"dynamictrees:oak_seed":17,"minecraft:sugar_cane":4,"minecraft:furnace":3,"minecraft:stick":27,"minecraft:oak_door":1,"minecraft:dandelion":1,"oaks_decor:throwable_pebble":7,"exoticbirds:mystery_egg":2,"butchercraft:chicken_scraps":1,"minecraft:rotten_flesh":2,"blue_skies:maple_crafting_table":1,"butchercraft:lamb_scraps":3,"minecraft:bread":2,"minecraft:baked_potato":2,"minecraft:coal":14,"minecraft:skeleton_skull":1,"minecraft:white_wool":2,"minecraft:cobblestone":11},"minecraft:mined":{"minecraft:glass_pane":1,"vampirism:tent_main":2,"realmrpg_skeletons:winter_skeleton":1,"minecraft:grass_block":13,"minecraft:tall_grass":1,"minecraft:cobblestone":11,"blue_skies:maple_crafting_table":1,"minecraft:sugar_cane":4,"gothic:black_mushroom":1,"gothic:innos_statue":1,"minecraft:coarse_dirt":1,"minecraft:furnace":3,"minecraft:ice":1,"vampirism:tent":2,"minecraft:yellow_bed":1,"minecraft:grass":12,"gothic:giant_river_plant":1,"minecraft:oak_log":10,"dynamictrees:oak_sapling":1,"oaks_decor:pebbles_2":8,"minecraft:stone_bricks":1},"minecraft:crafted":{"butchercraft:cooked_chicken_scraps":1,"minecraft:oak_planks":24,"minecraft:wooden_pickaxe":1,"minecraft:stone_axe":1,"minecraft:air":0,"minecraft:stick":4,"minecraft:stone_pickaxe":1,"minecraft:wooden_axe":1,"minecraft:stone_sword":1},"minecraft:custom":{"minecraft:interact_with_furnace":6,"minecraft:mob_kills":6,"minecraft:interact_with_crafting_table":8,"minecraft:open_barrel":1,"minecraft:leave_game":2,"minecraft:time_since_death":2556,"minecraft:sleep_in_bed":1,"minecraft:climb_one_cm":613,"minecraft:time_since_rest":2399,"minecraft:waystone_activated":1,"minecraft:sprint_one_cm":109886,"minecraft:damage_taken":1490,"minecraft:walk_one_cm":103273,"minecraft:drop":5,"minecraft:damage_dealt":639,"minecraft:talked_to_villager":5,"minecraft:swim_one_cm":10413,"minecraft:fly_one_cm":186293,"minecraft:open_chest":14,"minecraft:crouch_one_cm":1257,"minecraft:play_time":34739,"tombstone:undead_killed":1,"minecraft:deaths":4,"minecraft:sneak_time":995,"minecraft:walk_under_water_one_cm":494,"minecraft:jump":816,"minecraft:walk_on_water_one_cm":5542,"minecraft:total_world_time":34739,"minecraft:inspect_dispenser":2,"minecraft:fall_one_cm":22097}},"DataVersion":3120}