{"stats":{"minecraft:broken":{"minecraft:iron_shovel":1,"minecraft:iron_boots":1,"minecraft:stone_pickaxe":2,"minecraft:stone_axe":1,"minecraft:iron_sword":1,"minecraft:iron_pickaxe":3},"minecraft:picked_up":{"minecraft:crafting_table":5,"minecraft:wheat":21,"minecraft:azure_bluet":3,"minecraft:chicken":7,"minecraft:smithing_table":1,"minecraft:lead":2,"minecraft:brewing_stand":2,"minecraft:amethyst_block":2,"minecraft:cornflower":2,"minecraft:string":27,"minecraft:raw_copper":22,"minecraft:cobbled_deepslate":113,"minecraft:beef":46,"minecraft:calcite":1,"minecraft:poppy":3,"minecraft:sugar_cane":46,"minecraft:furnace":5,"minecraft:egg":7,"minecraft:stick":5,"minecraft:raw_iron":220,"minecraft:oak_fence":38,"minecraft:torch":44,"minecraft:porkchop":48,"minecraft:diorite":24,"minecraft:carrot":174,"minecraft:redstone":409,"minecraft:arrow":32,"minecraft:rotten_flesh":47,"minecraft:beetroot_seeds":4,"minecraft:hay_block":17,"minecraft:gold_ingot":1,"minecraft:rail":4,"minecraft:mutton":12,"minecraft:oxeye_daisy":1,"minecraft:white_wool":9,"minecraft:cobblestone":338,"minecraft:birch_log":6,"minecraft:leather_chestplate":1,"minecraft:feather":6,"minecraft:cooked_beef":3,"minecraft:glow_ink_sac":2,"minecraft:andesite":32,"minecraft:leather":25,"minecraft:potato":95,"minecraft:birch_planks":1,"minecraft:tuff":2,"minecraft:oak_log":67,"minecraft:gunpowder":7,"minecraft:lapis_lazuli":172,"minecraft:dirt":283,"minecraft:cooked_mutton":10,"minecraft:bone":42,"minecraft:apple":4,"minecraft:stonecutter":1,"minecraft:bow":3,"minecraft:wheat_seeds":140,"minecraft:oak_fence_gate":1,"minecraft:raw_gold":82,"minecraft:bell":2,"minecraft:grindstone":1,"minecraft:oak_planks":16,"minecraft:smooth_basalt":1,"minecraft:cooked_porkchop":29,"minecraft:pumpkin":12,"minecraft:poisonous_potato":1,"minecraft:gravel":3,"minecraft:dandelion":13,"minecraft:raw_iron_block":1,"minecraft:sand":41,"minecraft:amethyst_shard":4,"minecraft:ink_sac":2,"minecraft:white_bed":9,"minecraft:spider_eye":4,"minecraft:leather_helmet":1,"minecraft:diamond":36,"minecraft:granite":5,"minecraft:golden_apple":1,"minecraft:oak_sapling":13,"minecraft:black_wool":4,"minecraft:coal":226},"minecraft:killed":{"minecraft:cave_spider":2,"minecraft:spider":6,"minecraft:skeleton":36,"minecraft:chicken":7,"minecraft:pig":24,"minecraft:wandering_trader":1,"minecraft:creeper":9,"minecraft:sheep":8,"minecraft:trader_llama":2,"minecraft:donkey":1,"minecraft:zombie":52,"minecraft:enderman":1,"minecraft:cow":22},"minecraft:mined":{"minecraft:diamond_ore":1,"minecraft:large_amethyst_bud":1,"minecraft:tuff":2,"minecraft:white_bed":6,"minecraft:oak_sapling":1,"minecraft:deepslate_diamond_ore":34,"minecraft:brewing_stand":2,"minecraft:granite":5,"minecraft:budding_amethyst":5,"minecraft:grass_block":230,"minecraft:spawner":2,"minecraft:hay_block":17,"minecraft:raw_iron_block":1,"minecraft:redstone_ore":13,"minecraft:furnace":5,"minecraft:carrots":81,"minecraft:iron_ore":74,"minecraft:cobbled_deepslate":4,"minecraft:andesite":32,"minecraft:pumpkin":14,"minecraft:deepslate_lapis_ore":26,"minecraft:azure_bluet":2,"minecraft:bell":2,"minecraft:potatoes":36,"minecraft:deepslate_iron_ore":150,"minecraft:dirt_path":4,"minecraft:rail":1,"minecraft:small_amethyst_bud":3,"minecraft:stone":337,"minecraft:smithing_table":1,"minecraft:deepslate_redstone_ore":78,"minecraft:medium_amethyst_bud":2,"minecraft:amethyst_cluster":1,"minecraft:dandelion":11,"minecraft:oak_fence":38,"minecraft:crafting_table":5,"minecraft:cornflower":2,"minecraft:torch":8,"minecraft:short_grass":192,"minecraft:calcite":1,"minecraft:poppy":3,"minecraft:tall_grass":14,"minecraft:copper_ore":6,"minecraft:cobblestone":9,"minecraft:deepslate_gold_ore":74,"minecraft:grindstone":1,"minecraft:sugar_cane":21,"minecraft:oak_planks":16,"minecraft:diorite":24,"minecraft:wall_torch":15,"minecraft:amethyst_block":2,"minecraft:birch_planks":1,"minecraft:birch_log":6,"minecraft:wheat":78,"minecraft:oak_log":62,"minecraft:coal_ore":207,"minecraft:beetroots":4,"minecraft:oak_fence_gate":1,"minecraft:sand":43,"minecraft:dirt":44,"minecraft:cobweb":19,"minecraft:smooth_basalt":1,"minecraft:stonecutter":1,"minecraft:gold_ore":9,"minecraft:oak_leaves":13,"minecraft:deepslate":98},"minecraft:custom":{"minecraft:interact_with_smithing_table":4,"minecraft:mob_kills":175,"minecraft:animals_bred":4,"minecraft:interact_with_crafting_table":48,"minecraft:bell_ring":18,"minecraft:leave_game":4,"minecraft:time_since_death":259390,"minecraft:sprint_one_cm":856957,"minecraft:walk_one_cm":516075,"minecraft:damage_blocked_by_shield":1454,"minecraft:drop":30,"minecraft:talked_to_villager":8,"minecraft:play_time":259390,"minecraft:sneak_time":6896,"minecraft:walk_under_water_one_cm":16361,"minecraft:jump":7157,"minecraft:walk_on_water_one_cm":50853,"minecraft:total_world_time":259390,"minecraft:interact_with_furnace":106,"minecraft:sleep_in_bed":14,"minecraft:time_since_rest":9418,"minecraft:damage_taken":4193,"minecraft:damage_dealt":25829,"minecraft:swim_one_cm":25534,"minecraft:fly_one_cm":1607555,"minecraft:open_chest":119,"minecraft:crouch_one_cm":10093,"minecraft:fall_one_cm":196379},"minecraft:crafted":{"minecraft:raw_iron":9,"minecraft:oak_planks":120,"minecraft:spyglass":2,"minecraft:cooked_chicken":7,"travelersbackpack:hose_nozzle":1,"minecraft:furnace":2,"travelersbackpack:gold_tier_upgrade":2,"travelersbackpack:blank_upgrade":4,"minecraft:cooked_mutton":2,"minecraft:glass":41,"minecraft:iron_boots":2,"minecraft:iron_axe":1,"minecraft:iron_hoe":1,"minecraft:stone_pickaxe":3,"minecraft:chest":7,"minecraft:cooked_beef":45,"travelersbackpack:iron_tier_upgrade":2,"minecraft:cooked_porkchop":19,"minecraft:crafting_table":2,"travelersbackpack:standard":1,"travelersbackpack:backpack_tank":4,"minecraft:iron_helmet":2,"minecraft:wooden_pickaxe":1,"minecraft:iron_sword":2,"minecraft:copper_ingot":4,"travelersbackpack:black_sleeping_bag":1,"minecraft:bucket":1,"minecraft:birch_planks":24,"minecraft:stone_axe":1,"minecraft:air":0,"minecraft:oak_fence_gate":1,"minecraft:iron_chestplate":2,"minecraft:shield":1,"minecraft:stick":84,"minecraft:iron_ingot":229,"minecraft:iron_pickaxe":4,"minecraft:wooden_axe":1,"minecraft:stone_sword":1,"minecraft:iron_shovel":1,"minecraft:iron_leggings":2,"minecraft:gold_ingot":82,"minecraft:torch":216,"minecraft:shears":1},"minecraft:used":{"minecraft:oak_fence":27,"minecraft:stone_sword":26,"minecraft:iron_shovel":271,"minecraft:poppy":3,"minecraft:chest":4,"minecraft:shield":67,"minecraft:iron_sword":342,"minecraft:bell":2,"travelersbackpack:bat":2,"minecraft:cooked_chicken":5,"minecraft:torch":262,"minecraft:brewing_stand":2,"minecraft:dirt":149,"minecraft:spyglass":52,"minecraft:carrot":106,"minecraft:tuff":2,"minecraft:granite":5,"minecraft:azure_bluet":1,"minecraft:oak_fence_gate":2,"minecraft:iron_hoe":165,"minecraft:wooden_axe":9,"minecraft:lava_bucket":1,"minecraft:iron_axe":144,"minecraft:smooth_basalt":1,"minecraft:bow":3,"minecraft:oak_sapling":18,"minecraft:furnace":7,"minecraft:beetroot_seeds":4,"minecraft:egg":6,"minecraft:cooked_beef":37,"minecraft:potato":81,"minecraft:cobbled_deepslate":111,"minecraft:calcite":1,"minecraft:wheat_seeds":130,"minecraft:water_bucket":50,"minecraft:amethyst_block":2,"minecraft:oak_planks":12,"minecraft:stone_pickaxe":333,"minecraft:wooden_pickaxe":35,"minecraft:stonecutter":1,"minecraft:white_wool":8,"minecraft:glow_berries":2,"minecraft:crafting_table":7,"minecraft:white_bed":9,"minecraft:cornflower":1,"minecraft:bread":2,"minecraft:iron_pickaxe":852,"minecraft:gravel":3,"minecraft:stone_axe":98,"minecraft:cobblestone":19,"travelersbackpack:standard":8,"minecraft:grindstone":1,"minecraft:cooked_porkchop":30,"minecraft:smithing_table":1,"minecraft:andesite":27,"minecraft:bucket":52,"minecraft:dandelion":8},"minecraft:dropped":{"minecraft:birch_planks":1,"minecraft:wheat_seeds":9,"minecraft:iron_helmet":2,"minecraft:leather_helmet":1,"minecraft:oxeye_daisy":1,"minecraft:dirt":2,"minecraft:ink_sac":2,"minecraft:cornflower":1,"minecraft:wooden_axe":1,"minecraft:iron_leggings":1,"minecraft:gold_ingot":1,"minecraft:dandelion":5,"minecraft:spyglass":1,"minecraft:stone_sword":1,"minecraft:rotten_flesh":3,"minecraft:azure_bluet":2,"minecraft:cooked_mutton":1,"minecraft:leather_chestplate":2,"minecraft:iron_chestplate":1,"minecraft:bow":1,"minecraft:wooden_pickaxe":1,"minecraft:stone_pickaxe":1,"minecraft:egg":1}},"DataVersion":3953}