{"stats":{"minecraft:crafted":{"minecraft:cooked_mutton":7,"minecraft:iron_axe":1,"minecraft:stone_pickaxe":1,"minecraft:cooked_beef":5,"minecraft:wooden_shovel":1,"minecraft:cooked_porkchop":6,"minecraft:crafting_table":5,"minecraft:wooden_pickaxe":1,"minecraft:iron_sword":1,"minecraft:bucket":1,"minecraft:stone_axe":1,"minecraft:air":0,"minecraft:white_wool":6,"minecraft:shield":1,"minecraft:stick":16,"minecraft:iron_pickaxe":1,"minecraft:iron_ingot":51,"minecraft:stone_sword":1,"minecraft:white_bed":2,"minecraft:acacia_planks":40},"minecraft:killed_by":{"minecraft:player":2,"minecraft:cave_spider":1},"minecraft:killed":{"minecraft:cave_spider":3,"minecraft:skeleton":1,"hmag:ghost":1,"minecraft:pig":4,"naturalist:snake":1,"naturalist:butterfly":1,"minecraft:creeper":1,"minecraft:sheep":10,"minecraft:zombie":2,"grimoireofgaia:deathword":1,"grimoireofgaia:werecat":2,"minecraft:cow":7},"minecraft:custom":{"minecraft:mob_kills":34,"minecraft:interact_with_crafting_table":19,"minecraft:open_barrel":4,"minecraft:leave_game":3,"minecraft:time_since_death":30962,"minecraft:climb_one_cm":9493,"minecraft:damage_resisted":384,"minecraft:sprint_one_cm":394611,"minecraft:walk_one_cm":154858,"minecraft:damage_blocked_by_shield":30,"minecraft:drop":30,"minecraft:damage_dealt_absorbed":40,"minecraft:play_time":92965,"minecraft:deaths":6,"minecraft:sneak_time":2817,"minecraft:walk_under_water_one_cm":12712,"minecraft:boat_one_cm":119487,"tombstone:tomb_raiding":1,"minecraft:jump":2976,"minecraft:walk_on_water_one_cm":13976,"minecraft:total_world_time":92965,"minecraft:interact_with_furnace":42,"minecraft:sleep_in_bed":6,"minecraft:time_since_rest":1376,"minecraft:waystone_activated":3,"minecraft:damage_taken":2959,"minecraft:damage_dealt":4840,"minecraft:swim_one_cm":23944,"minecraft:fly_one_cm":639934,"minecraft:player_kills":2,"minecraft:open_chest":27,"minecraft:crouch_one_cm":8216,"tombstone:undead_killed":4,"minecraft:fall_one_cm":91526},"minecraft:picked_up":{"minecraft:crafting_table":3,"croptopia:grape_seed":4,"paraglider:goddess_statue":1,"minecraft:string":26,"minecraft:cracked_stone_bricks":3,"minecraft:beef":7,"minecraft:oak_boat":1,"minecraft:azalea":1,"minecraft:iron_nugget":3,"minecraft:sugar_cane":9,"minecraft:furnace":10,"minecraft:stick":3,"minecraft:raw_iron":53,"grimoireofgaia:meat":3,"minecraft:acacia_log":10,"minecraft:porkchop":6,"croptopia:almond":3,"minecraft:carrot":7,"croptopia:grape":1,"minecraft:arrow":2,"minecraft:rotten_flesh":2,"evilcraft:condensed_blood":7,"minecraft:mutton":9,"minecraft:cobblestone":64,"minecraft:rail":1,"minecraft:white_wool":6,"croptopia:cauliflower":1,"minecraft:feather":1,"minecraft:leather":7,"paraglider:spirit_orb":2,"minecraft:oak_log":7,"minecraft:gunpowder":1,"bossominium:guardian_sapling":1,"minecraft:lapis_lazuli":38,"minecraft:dirt":20,"minecraft:paper":2,"exoticbirds:cooked_birdmeat":1,"minecraft:bone":2,"minecraft:apple":3,"minecraft:stone_bricks":3,"minecraft:wheat_seeds":2,"minecraft:iron_ingot":2,"minecraft:mossy_stone_bricks":2,"minecraft:oak_planks":39,"minecraft:book":1,"croptopia:cauliflower_seed":2,"minecraft:dandelion":1,"minecraft:white_bed":6,"minecraft:spider_eye":1,"minecraft:pumpkin_seeds":2,"evilcraft:dark_gem":5,"minecraft:emerald":1,"minecraft:coal":177},"minecraft:dropped":{"tombstone:scroll_of_reach":1,"minecraft:wheat_seeds":1,"evilcraft:condensed_blood":143,"vampirism:vampire_book":1,"vampirism:hunter_coat_legs_ultimate":1,"vampirism:heart_seeker_enhanced":1,"minecraft:oak_fence":6,"vampirism:amulet":1,"minecraft:coal":34,"vampirism:hunter_coat_chest_ultimate":1,"minecraft:jungle_sapling":1,"minecraft:iron_pickaxe":1,"vampirism:ring":1,"hmag:cooked_savagefang_meat":4,"minecraft:furnace":3,"minecraft:stone_axe":1,"vampirism:armor_of_swiftness_head_ultimate":1,"vampirism:hunter_coat_head_ultimate":1,"minecraft:rotten_flesh":1,"minecraft:oak_planks":68,"evilcraft:origins_of_darkness":2,"guideapi_vp:vampirism-guidebook":1,"vampirism:armor_of_swiftness_chest_ultimate":2,"minecraft:gunpowder":1,"vampirism:vampire_fang":2},"minecraft:mined":{"minecraft:white_bed":7,"croptopia:grape_crop":2,"farmersdelight:wild_carrots":7,"minecraft:acacia_log":10,"minecraft:grass_block":17,"minecraft:spawner":1,"minecraft:furnace":10,"minecraft:iron_ore":54,"minecraft:fire":1,"evilcraft:dark_ore":1,"supplementaries:stick":2,"minecraft:dirt_path":1,"minecraft:rail":1,"minecraft:stone":56,"minecraft:acacia_leaves":4,"minecraft:crafting_table":3,"minecraft:emerald_ore":1,"supplementaries:wild_flax":1,"minecraft:tall_grass":2,"minecraft:cobblestone":15,"minecraft:lapis_ore":5,"minecraft:sugar_cane":4,"minecraft:oak_planks":4,"minecraft:white_terracotta":1,"bossominium:guardian_sapling":1,"minecraft:grass":7,"minecraft:oak_log":9,"minecraft:coal_ore":26,"minecraft:dirt":7,"minecraft:cobweb":23,"minecraft:cracked_stone_bricks":3,"minecraft:stone_bricks":3,"minecraft:mossy_stone_bricks":2,"minecraft:oak_leaves":7,"paraglider:goddess_statue":1},"minecraft:used":{"minecraft:stone_sword":60,"minecraft:shield":2,"minecraft:iron_sword":44,"minecraft:wooden_shovel":14,"minecraft:stick":2,"minecraft:dirt":15,"minecraft:carrot":13,"minecraft:iron_axe":22,"minecraft:furnace":6,"grimoireofgaia:meat":3,"minecraft:cooked_beef":5,"minecraft:acacia_planks":2,"minecraft:water_bucket":26,"minecraft:stone_pickaxe":70,"minecraft:oak_planks":1,"minecraft:wooden_pickaxe":37,"minecraft:crafting_table":7,"supplementaries:bomb":3,"minecraft:white_bed":9,"minecraft:apple":3,"minecraft:iron_pickaxe":78,"hmag:cooked_savagefang_meat":11,"minecraft:stone_axe":12,"exoticbirds:cooked_birdmeat":1,"minecraft:cobblestone":59,"minecraft:cooked_porkchop":3,"minecraft:bucket":27}},"DataVersion":3120}