{"stats":{"minecraft:used":{"minecraft:iron_shovel":124,"vampirism:heart_striker_enhanced":10,"minecraft:chest":25,"minecraft:shield":105,"minecraft:iron_sword":1051,"grimoireofgaia:soulfire":220,"paraglider:goddess_statue":1,"minecraft:carrot":263,"minecraft:tuff":27,"minecraft:azure_bluet":10,"minecraft:milk_bucket":2,"minecraft:villager_spawn_egg":3,"minecraft:iron_helmet":2,"minecraft:bow":19,"minecraft:oak_sapling":15,"minecraft:furnace":14,"grimoireofgaia:meat":3,"minecraft:potato":90,"atlantis:shovel_aquamarine":292,"croptopia:pear":4,"minecraft:diorite":2,"croptopia:tomato":1,"minecraft:oak_planks":16,"minecraft:stone_pickaxe":70,"minecraft:wooden_pickaxe":37,"minecraft:sugar_cane":24,"minecraft:white_wool":2,"minecraft:blast_furnace":2,"croptopia:orange":11,"croptopia:plum":4,"minecraft:dark_oak_log":1,"minecraft:bread":5,"tombstone:grave_key":2,"minecraft:gravel":8,"exoticbirds:cooked_birdmeat":1,"vampirism:altar_cleansing":2,"croptopia:blackberry":1,"minecraft:dark_oak_fence":6,"minecraft:andesite":13,"minecraft:oak_boat":3,"minecraft:oak_fence":28,"minecraft:enchanting_table":1,"minecraft:stone_sword":60,"minecraft:wooden_shovel":14,"minecraft:stone_hoe":43,"minecraft:stick":4,"minecraft:torch":174,"minecraft:dirt":225,"minecraft:white_carpet":12,"croptopia:chile_pepper":1,"minecraft:granite":5,"minecraft:iron_hoe":1,"minecraft:bookshelf":15,"minecraft:iron_axe":378,"minecraft:iron_boots":1,"additional_lights:fire_pit_l_cobblestone":2,"evilcraft:box_of_eternal_closure":2,"evilcraft:flesh_humanoid":2,"minecraft:bamboo":28,"bossominium:guardian_sapling":1,"tombstone:gift":4,"minecraft:cooked_beef":18,"minecraft:cobbled_deepslate":373,"minecraft:acacia_planks":2,"croptopia:grape":1,"minecraft:wheat_seeds":109,"minecraft:cooked_mutton":7,"minecraft:water_bucket":229,"vampirism:altar_inspiration":1,"twilightforest:hollow_oak_log_vertical":1,"minecraft:baked_potato":154,"blue_skies:horizonite_sword":2,"minecraft:stonecutter":1,"farmersdelight:onion":24,"minecraft:crafting_table":25,"supplementaries:bomb":3,"minecraft:white_bed":19,"justhammers:iron_hammer":1018,"minecraft:oak_log":7,"minecraft:diamond_pickaxe":2386,"minecraft:cornflower":3,"minecraft:apple":22,"minecraft:oxeye_daisy":1,"dramaticdoors:tall_oak_door":2,"minecraft:diamond_shovel":22,"minecraft:iron_pickaxe":757,"minecraft:stone_slab":1,"hmag:cooked_savagefang_meat":11,"minecraft:stone_axe":12,"additional_lights:fire_for_standing_torch_s":38,"minecraft:cobblestone":191,"minecraft:white_banner":2,"minecraft:cooked_porkchop":6,"minecraft:bucket":231,"minecraft:dandelion":23},"minecraft:mined":{"croptopia:pepper_crop":1,"minecraft:white_bed":15,"croptopia:grape_crop":3,"minecraft:obsidian":26,"minecraft:granite":15,"minecraft:acacia_log":10,"minecraft:grass_block":237,"minecraft:oxeye_daisy":2,"minecraft:chiseled_stone_bricks":1,"minecraft:spawner":1,"minecraft:iron_ore":93,"minecraft:cobbled_deepslate":42,"minecraft:fire":43,"minecraft:deepslate_lapis_ore":8,"minecraft:azure_bluet":10,"supplementaries:stick":3,"croptopia:apple_crop":1,"minecraft:dirt_path":2,"minecraft:white_banner":1,"sophisticatedbackpacks:copper_backpack":2,"minecraft:deepslate_redstone_ore":66,"minecraft:torch":8,"minecraft:blast_furnace":1,"minecraft:chest":5,"supplementaries:wild_flax":1,"minecraft:cobblestone":36,"minecraft:oak_planks":19,"minecraft:sugar_cane":152,"minecraft:wall_torch":11,"minecraft:white_terracotta":1,"evilcraft:dark_ore_deepslate":17,"minecraft:wheat":32,"atlantis:aquamarine_ore":12,"croptopia:chile_pepper_crop":1,"minecraft:grass":81,"minecraft:oak_log":274,"minecraft:beetroots":1,"minecraft:sand":52,"minecraft:dirt":164,"structure_gel:dynamic_spawner":6,"minecraft:stonecutter":1,"minecraft:oak_leaves":61,"minecraft:deepslate":1670,"minecraft:tuff":153,"croptopia:orange_crop":2,"minecraft:deepslate_diamond_ore":41,"farmersdelight:wild_carrots":15,"minecraft:dark_oak_log":3,"minecraft:dark_oak_fence":1,"minecraft:allium":2,"croptopia:barley_crop":1,"farmersdelight:wild_onions":16,"minecraft:carrots":68,"minecraft:furnace":14,"minecraft:andesite":25,"evilcraft:dark_ore":1,"minecraft:gold_block":8,"minecraft:potatoes":63,"minecraft:deepslate_iron_ore":19,"minecraft:vine":7,"minecraft:rail":1,"minecraft:stripped_oak_log":3,"minecraft:bamboo":2,"minecraft:stone":533,"minecraft:white_wool":4,"minecraft:acacia_leaves":4,"atlantis:aquamarine_deepslate_ore":105,"vampirism:altar_cleansing":2,"minecraft:dandelion":17,"minecraft:oak_fence":4,"minecraft:crafting_table":16,"minecraft:cornflower":2,"minecraft:emerald_ore":2,"additional_lights:fire_pit_l_cobblestone":2,"additional_lights:fire_for_fire_pit_l":10,"minecraft:copper_ore":4,"minecraft:tall_grass":23,"minecraft:deepslate_gold_ore":37,"minecraft:lapis_ore":9,"minecraft:diorite":36,"supplementaries:urn":10,"bossominium:guardian_sapling":1,"additional_lights:fire_for_standing_torch_s":2,"minecraft:white_carpet":5,"croptopia:tomato_crop":1,"minecraft:coal_ore":211,"minecraft:gravel":69,"croptopia:blackberry_crop":1,"minecraft:sunflower":5,"minecraft:cobweb":30,"minecraft:cracked_stone_bricks":3,"minecraft:stone_bricks":4,"minecraft:mossy_stone_bricks":2,"minecraft:gold_ore":10,"minecraft:infested_stone":3,"paraglider:goddess_statue":1},"minecraft:dropped":{"minecraft:iron_sword":3,"minecraft:baked_potato":35,"minecraft:glass_bottle":8,"minecraft:diamond":2,"minecraft:cooked_porkchop":3,"vampirism:heart_seeker_enhanced":1,"minecraft:red_mushroom":1,"vampirism:hunter_coat_chest_ultimate":1,"croptopia:tomato_seed":2,"minecraft:dirt":67,"minecraft:mutton":1,"croptopia:pepper":1,"minecraft:jungle_sapling":1,"croptopia:barley_seed":1,"minecraft:iron_pickaxe":1,"minecraft:bone":2,"minecraft:gravel":1,"minecraft:stone_axe":1,"minecraft:iron_nugget":2,"minecraft:cobbled_deepslate":115,"atlantis:aquamarine_gem":7,"minecraft:wheat":9,"minecraft:beetroot":1,"minecraft:rotten_flesh":4,"minecraft:oak_planks":68,"minecraft:glowstone_dust":1,"guideapi_vp:vampirism-guidebook":1,"justhammers:iron_hammer":1,"minecraft:azure_bluet":2,"supplementaries:flax_seeds":4,"supplementaries:ash":14,"minecraft:gunpowder":3,"vampirism:vampire_fang":4,"minecraft:beetroot_seeds":3,"minecraft:arrow":2,"croptopia:barley":1,"domesticationinnovation:collar_tag":2,"tombstone:scroll_of_reach":1,"minecraft:wheat_seeds":10,"minecraft:mossy_cobblestone":1,"vampirism:vampire_book":1,"evilcraft:condensed_blood":143,"vampirism:hunter_coat_legs_ultimate":1,"minecraft:oak_fence":7,"minecraft:feather":2,"minecraft:cobblestone":6,"minecraft:book":2,"minecraft:granite":10,"vampirism:amulet":1,"minecraft:coal":72,"minecraft:stick":7,"minecraft:diorite":13,"croptopia:grape_seed":6,"tombstone:grave_key":1,"tombstone:grave_dust":4,"minecraft:iron_axe":2,"vampirism:ring":1,"minecraft:iron_shovel":1,"minecraft:string":1,"twilightforest:dark_leaves":1,"hmag:cooked_savagefang_meat":4,"minecraft:furnace":3,"hmag:soul_powder":1,"vampirism:armor_of_swiftness_head_ultimate":1,"minecraft:raw_copper":4,"minecraft:tuff":22,"croptopia:blackberry_seed":2,"vampirism:hunter_coat_head_ultimate":1,"minecraft:iron_boots":1,"sophisticatedbackpacks:backpack":1,"minecraft:name_tag":3,"evilcraft:origins_of_darkness":2,"vampirism:armor_of_swiftness_chest_ultimate":2,"grimoireofgaia:soulfire":2,"minecraft:allium":36,"minecraft:andesite":27,"exoticbirds:raw_birdmeat":1,"minecraft:spider_eye":2,"sophisticatedbackpacks:copper_backpack":2},"minecraft:killed":{"vampirism:vampire":5,"minecraft:cave_spider":5,"minecraft:spider":18,"grimoireofgaia:minotaurus":5,"minecraft:skeleton":24,"grimoireofgaia:mimic":3,"minecraft:silverfish":3,"vampirism:task_master_vampire":2,"minecraft:pig":5,"grimoireofgaia:banshee":2,"naturalist:snake":1,"grimoireofgaia:bone_knight":2,"minecraft:creeper":8,"vampirism:hunter":6,"minecraft:sheep":15,"minecraft:trader_llama":3,"minecraft:pillager":4,"minecraft:zombie":46,"bossominium:forest_guardian_boss":2,"grimoireofgaia:deathword":1,"grimoireofgaia:harpy":12,"minecraft:cow":32,"minecraft:vex":3,"grimoireofgaia:satyress":2,"hmag:skeleton_girl":3,"grimoireofgaia:centaur":1,"hmag:zombie_girl":1,"minecraft:drowned":1,"vampirism:villager_converted":2,"hmag:ghost":4,"naturalist:butterfly":1,"hmag:kobold":4,"exoticbirds:pigeon":1,"grimoireofgaia:arachne":2,"grimoireofgaia:werecat":2},"minecraft:crafted":{"minecraft:smooth_stone":12,"minecraft:oak_planks":532,"minecraft:stone":1198,"minecraft:diamond_shovel":1,"minecraft:bookshelf":15,"minecraft:cooked_mutton":7,"minecraft:glass":52,"minecraft:iron_boots":3,"vampirism:altar_inspiration":1,"tombstone:grave_key":1,"minecraft:chest":20,"atlantis:aquamarine_chestplate":1,"minecraft:oak_fence":48,"minecraft:glass_bottle":15,"dramaticdoors:tall_oak_door":2,"minecraft:wooden_shovel":1,"minecraft:cooked_porkchop":6,"atlantis:aquamarine_helmet":1,"minecraft:crafting_table":11,"minecraft:iron_helmet":3,"minecraft:wooden_pickaxe":1,"minecraft:baked_potato":298,"additional_lights:fire_for_standing_torch_s":52,"atlantis:shovel_aquamarine":1,"minecraft:iron_chestplate":2,"minecraft:book":47,"minecraft:paper":144,"minecraft:diamond_pickaxe":2,"minecraft:shield":3,"minecraft:stick":120,"minecraft:iron_ingot":316,"minecraft:iron_pickaxe":3,"minecraft:stone_sword":1,"minecraft:gold_ingot":123,"twilightforest:hollow_oak_log_vertical":1,"atlantis:aquamarine_boots":1,"minecraft:shears":1,"minecraft:oak_door":3,"minecraft:furnace":3,"minecraft:blast_furnace":1,"minecraft:white_carpet":9,"guideapi_vp:vampirism-guidebook":1,"minecraft:iron_axe":2,"minecraft:stone_pickaxe":1,"minecraft:redstone_block":100,"sophisticatedbackpacks:iron_backpack":2,"minecraft:cooked_beef":73,"atlantis:aquamarine_leggings":1,"minecraft:enchanting_table":1,"minecraft:iron_sword":5,"sophisticatedbackpacks:gold_backpack":1,"minecraft:bucket":1,"minecraft:stone_axe":1,"minecraft:air":0,"minecraft:oak_boat":1,"justhammers:iron_hammer":7,"minecraft:white_wool":6,"minecraft:iron_shovel":1,"minecraft:iron_leggings":2,"minecraft:white_bed":5,"vampirism:blood_container":1,"minecraft:acacia_planks":40,"minecraft:torch":168},"minecraft:broken":{"vampirism:hunter_coat_feet_ultimate":1,"minecraft:iron_boots":1,"vampirism:armor_of_swiftness_head_ultimate":1,"minecraft:iron_leggings":1,"minecraft:diamond_pickaxe":1,"minecraft:iron_sword":3,"vampirism:armor_of_swiftness_legs_ultimate":1,"atlantis:shovel_aquamarine":1,"justhammers:iron_hammer":6,"vampirism:hunter_coat_chest_ultimate":1,"minecraft:shield":2,"minecraft:iron_axe":1,"minecraft:iron_pickaxe":3,"minecraft:iron_helmet":2},"minecraft:custom":{"minecraft:animals_bred":63,"minecraft:interact_with_crafting_table":174,"minecraft:open_barrel":7,"minecraft:leave_game":19,"minecraft:time_since_death":14848,"minecraft:damage_resisted":384,"minecraft:sprint_one_cm":2156747,"minecraft:damage_blocked_by_shield":8652,"minecraft:drop":129,"minecraft:talked_to_villager":4,"minecraft:play_time":836501,"minecraft:deaths":55,"tombstone:tomb_raiding":1,"minecraft:jump":18780,"minecraft:walk_on_water_one_cm":124550,"minecraft:interact_with_furnace":226,"minecraft:sleep_in_bed":29,"minecraft:waystone_activated":5,"tombstone:sneak_grave":1,"minecraft:damage_dealt":57593,"minecraft:player_kills":4,"minecraft:crouch_one_cm":87730,"tombstone:undead_killed":81,"tombstone:villager_killed":2,"minecraft:interact_with_smoker":4,"minecraft:interact_with_smithing_table":1,"minecraft:interact_with_anvil":1,"minecraft:mob_kills":236,"minecraft:damage_dealt_resisted":938,"minecraft:climb_one_cm":56190,"minecraft:walk_one_cm":1307924,"minecraft:damage_dealt_absorbed":426,"minecraft:sneak_time":37278,"minecraft:walk_under_water_one_cm":75530,"minecraft:boat_one_cm":119487,"minecraft:interact_with_blast_furnace":26,"minecraft:total_world_time":836501,"tombstone:raider_killed":4,"minecraft:raid_trigger":1,"minecraft:interact_with_stonecutter":4,"minecraft:time_since_rest":14123,"minecraft:damage_taken":1031013,"minecraft:swim_one_cm":112118,"minecraft:fly_one_cm":4047953,"minecraft:open_chest":620,"minecraft:fall_one_cm":493226},"minecraft:picked_up":{"minecraft:wheat":180,"croptopia:grape_seed":8,"minecraft:stone_slab":1,"minecraft:lead":16,"hmag:ancient_stone":3,"vampirism:holy_water_bottle_normal":1,"paraglider:goddess_statue":2,"minecraft:string":41,"minecraft:raw_copper":100,"minecraft:beetroot":2,"vampirism:obi_belt":1,"minecraft:gold_nugget":8,"minecraft:cobbled_deepslate":1415,"hmag:bat_wing":2,"minecraft:redstone_torch":4,"minecraft:azalea":1,"additional_lights:fire_pit_l_cobblestone":2,"minecraft:iron_boots":1,"minecraft:furnace":14,"minecraft:stick":27,"croptopia:barley_seed":2,"minecraft:torch":104,"minecraft:oak_fence":6,"cataclysm:chiseled_stone_brick_pillar":1,"croptopia:blackberry_seed":4,"minecraft:acacia_log":10,"minecraft:porkchop":7,"croptopia:almond":3,"vampirism:holy_water_bottle_enhanced":2,"vampirism:vampire_fang":5,"tombstone:grave_dust":6,"minecraft:diorite":41,"vampirism:amulet":2,"grimoireofgaia:deco_nest_harpy":1,"minecraft:stone_sword":1,"evilcraft:box_of_eternal_closure":2,"minecraft:rotten_flesh":59,"farmersdelight:onion":16,"supplementaries:ash":29,"evilcraft:condensed_blood":7,"minecraft:obsidian":23,"vampirism:heart_seeker_enhanced":2,"minecraft:cobblestone":2191,"croptopia:cauliflower":1,"minecraft:feather":20,"minecraft:cooked_beef":9,"minecraft:andesite":86,"minecraft:potato":590,"paraglider:spirit_orb":2,"minecraft:flint":6,"additional_lights:fire_for_standing_torch_s":16,"minecraft:tuff":162,"evilcraft:flesh_humanoid":1,"supplementaries:flax_seeds":4,"bossominium:guardian_sapling":1,"minecraft:lapis_lazuli":215,"minecraft:dirt":385,"minecraft:name_tag":6,"hmag:evil_crystal_fragment":1,"minecraft:bone":32,"minecraft:stonecutter":1,"minecraft:bow":5,"minecraft:wheat_seeds":521,"minecraft:raw_gold":123,"minecraft:mossy_stone_bricks":2,"minecraft:glowstone_dust":2,"minecraft:bamboo":28,"minecraft:stone_hoe":1,"minecraft:oak_planks":54,"minecraft:cooked_porkchop":3,"croptopia:plum":4,"hmag:soul_powder":8,"vampirism:ring":1,"croptopia:blackberry":1,"minecraft:poisonous_potato":1,"minecraft:sand":52,"exoticbirds:mystery_egg":4,"hmag:kobold_leather":4,"minecraft:dark_oak_log":1,"croptopia:chile_pepper":1,"minecraft:iron_hoe":1,"minecraft:bundle":1,"minecraft:diamond":48,"minecraft:granite":34,"minecraft:emerald":3,"minecraft:oak_sapling":20,"minecraft:dark_oak_fence":6,"atlantis:aquamarine_gem":145,"minecraft:charcoal":5,"minecraft:crafting_table":15,"minecraft:allium":72,"minecraft:azure_bluet":14,"grimoireofgaia:soulfire":8,"minecraft:gold_block":8,"vampirism:heart_striker_enhanced":1,"minecraft:cornflower":3,"minecraft:iron_axe":2,"minecraft:white_carpet":6,"minecraft:iron_shovel":1,"croptopia:pear":4,"supplementaries:bomb":2,"minecraft:cracked_stone_bricks":3,"croptopia:tomato_seed":4,"minecraft:beef":59,"minecraft:oak_boat":5,"croptopia:pepper_seed":2,"minecraft:iron_nugget":25,"bossominium:vex_wing":3,"minecraft:sugar_cane":210,"minecraft:chest":5,"minecraft:raw_iron":345,"grimoireofgaia:meat":6,"twilightforest:twisted_stone":1,"sophisticatedbackpacks:backpack":2,"minecraft:carrot":632,"minecraft:redstone":763,"croptopia:grape":2,"minecraft:arrow":29,"minecraft:beetroot_seeds":6,"minecraft:saddle":1,"tombstone:essence_of_undeath":2,"croptopia:pepper":1,"sophisticatedbackpacks:copper_backpack":3,"domesticationinnovation:collar_tag":1,"minecraft:mutton":17,"minecraft:rail":3,"exoticbirds:raw_birdmeat":2,"minecraft:white_wool":32,"minecraft:oxeye_daisy":2,"minecraft:stripped_oak_log":3,"hmag:purification_cloth":2,"minecraft:glow_ink_sac":2,"minecraft:leather":50,"minecraft:red_mushroom":1,"minecraft:oak_log":294,"minecraft:gunpowder":8,"tombstone:voodoo_poppet":1,"tombstone:gift":1,"minecraft:paper":2,"exoticbirds:cooked_birdmeat":1,"minecraft:white_banner":2,"croptopia:barley":2,"minecraft:apple":22,"minecraft:stone_bricks":3,"minecraft:iron_ingot":2,"tombstone:bag_of_seeds":1,"croptopia:tomato":1,"vampirism:altar_cleansing":2,"vampirism:holy_water_bottle_ultimate":1,"minecraft:iron_sword":4,"minecraft:book":3,"croptopia:cauliflower_seed":2,"minecraft:dandelion":25,"minecraft:gravel":39,"minecraft:blast_furnace":1,"minecraft:white_bed":14,"vampirism:hunter_axe_ultimate":1,"minecraft:spider_eye":5,"minecraft:pumpkin_seeds":2,"tombstone:scroll_of_knowledge":3,"minecraft:iron_helmet":1,"evilcraft:dark_gem":96,"croptopia:orange":36,"tombstone:magic_scroll":1,"minecraft:coal":1137,"minecraft:sunflower":3},"minecraft:killed_by":{"minecraft:creeper":1,"hmag:harpy":1,"hmag:ogre":1,"grimoireofgaia:arachne":2,"grimoireofgaia:bone_knight":5,"minecraft:cave_spider":1,"grimoireofgaia:deathword":1,"grimoireofgaia:minotaurus":16,"grimoireofgaia:harpy":4,"minecraft:zombie":2,"hmag:kobold":1,"vampirism:hunter":1,"minecraft:vex":3,"minecraft:player":5,"grimoireofgaia:valkyrie":1,"minecraft:skeleton":1,"hmag:necrotic_reaper":1}},"DataVersion":3120}