{"stats":{"minecraft:mined":{"minecraft:attached_pumpkin_stem":1,"minecraft:deepslate_tiles":10,"minecraft:diamond_ore":3,"minecraft:tuff":29,"minecraft:oak_sapling":1,"minecraft:candle":1,"minecraft:dark_oak_log":20,"minecraft:granite":35,"minecraft:budding_amethyst":20,"minecraft:grass_block":81,"minecraft:deepslate_bricks":23,"minecraft:raw_iron_block":1,"minecraft:spruce_sapling":2,"minecraft:carrots":13,"minecraft:iron_ore":19,"minecraft:andesite":18,"minecraft:pumpkin":6,"minecraft:deepslate_lapis_ore":13,"minecraft:deepslate_iron_ore":27,"minecraft:packed_ice":2,"minecraft:stone":96,"minecraft:podzol":13,"minecraft:melon_stem":1,"minecraft:snow_block":20,"minecraft:crafting_table":1,"minecraft:oak_fence":27,"minecraft:clay":14,"minecraft:torch":2,"minecraft:calcite":42,"minecraft:melon":7,"minecraft:chest":25,"minecraft:copper_ore":36,"minecraft:deepslate_coal_ore":19,"minecraft:lapis_ore":1,"minecraft:deepslate_gold_ore":22,"minecraft:oak_planks":76,"minecraft:diorite":37,"minecraft:amethyst_block":45,"minecraft:deepslate_copper_ore":26,"minecraft:white_terracotta":2,"minecraft:birch_planks":10,"minecraft:birch_log":14,"minecraft:wheat":41,"minecraft:blue_ice":2,"minecraft:ice":1,"minecraft:spruce_log":14,"minecraft:pumpkin_stem":11,"minecraft:oak_log":74,"minecraft:coal_ore":20,"minecraft:dripstone_block":2,"minecraft:dirt":48,"minecraft:smooth_basalt":8,"minecraft:terracotta":2,"minecraft:raw_copper_block":2,"minecraft:gold_ore":1,"minecraft:oak_leaves":1,"minecraft:deepslate":105},"minecraft:killed_by":{"yeti:yeti":2,"minecraft:polar_bear":1,"jacky:jacky":1,"minecraft:skeleton":1,"minecraft:zombie":5,"mokey:mokey":1},"minecraft:killed":{"minecraft:spider":4,"minecraft:rabbit":1,"minecraft:sheep":2,"minecraft:goat":1,"minecraft:zombie":9,"minecraft:mooshroom":2,"minecraft:stray":5},"minecraft:used":{"minecraft:oak_fence":44,"minecraft:writable_book":1,"minecraft:stone_sword":82,"minecraft:stone_shovel":36,"minecraft:chest":12,"minecraft:wooden_shovel":89,"minecraft:stone_hoe":6,"minecraft:torch":8,"minecraft:dirt":200,"minecraft:carrot":40,"minecraft:snowball":31,"minecraft:wooden_axe":86,"minecraft:melon_seeds":3,"minecraft:golden_carrot":3,"minecraft:oak_sapling":13,"minecraft:furnace":2,"minecraft:egg":16,"minecraft:cobbled_deepslate":1,"minecraft:calcite":1,"minecraft:wheat_seeds":74,"minecraft:water_bucket":1,"minecraft:birch_planks":60,"minecraft:stone_pickaxe":295,"minecraft:oak_planks":334,"minecraft:wooden_pickaxe":30,"minecraft:crafting_table":2,"minecraft:mushroom_stew":29,"minecraft:pumpkin_seeds":12,"minecraft:wooden_hoe":17,"minecraft:iron_pickaxe":378,"minecraft:spruce_sapling":4,"minecraft:stone_axe":219,"minecraft:bucket":1,"minecraft:ice":1,"minecraft:candle":3,"minecraft:bone_meal":7},"minecraft:crafted":{"minecraft:oak_planks":504,"minecraft:stone_shovel":2,"minecraft:furnace":1,"minecraft:bone_meal":12,"minecraft:stone_pickaxe":1,"minecraft:oak_fence":27,"minecraft:cooked_beef":4,"minecraft:wooden_shovel":2,"minecraft:crafting_table":1,"minecraft:wooden_pickaxe":1,"minecraft:bowl":8,"minecraft:birch_planks":40,"minecraft:stone_axe":4,"minecraft:air":0,"minecraft:oak_boat":1,"minecraft:wooden_hoe":1,"minecraft:charcoal":3,"minecraft:stick":28,"minecraft:iron_pickaxe":3,"minecraft:iron_ingot":13,"minecraft:wooden_axe":2,"minecraft:stone_sword":1,"minecraft:torch":12,"minecraft:shears":1},"minecraft:picked_up":{"minecraft:crafting_table":2,"minecraft:wheat":15,"minecraft:chicken":2,"minecraft:clay_ball":124,"minecraft:wooden_pickaxe":5,"minecraft:amethyst_block":57,"minecraft:string":5,"minecraft:raw_copper":344,"minecraft:wooden_sword":2,"minecraft:deepslate_tiles":10,"minecraft:candle":3,"minecraft:cobbled_deepslate":105,"minecraft:bucket":1,"minecraft:beef":4,"minecraft:calcite":53,"minecraft:wooden_shovel":8,"minecraft:melon_slice":77,"minecraft:birch_sapling":2,"minecraft:chest":37,"minecraft:raw_copper_block":2,"minecraft:egg":10,"minecraft:furnace":1,"minecraft:golden_helmet":3,"minecraft:tipped_arrow":1,"minecraft:dark_oak_sapling":1,"minecraft:stick":12,"minecraft:raw_iron":58,"minecraft:oak_fence":32,"minecraft:torch":12,"minecraft:diorite":36,"minecraft:carrot":31,"minecraft:arrow":4,"minecraft:rotten_flesh":11,"minecraft:deepslate_bricks":23,"minecraft:white_terracotta":2,"minecraft:mutton":4,"minecraft:snowball":80,"minecraft:white_wool":5,"minecraft:cobblestone":165,"minecraft:birch_log":44,"minecraft:golden_carrot":1,"minecraft:andesite":37,"minecraft:leather":14,"minecraft:birch_planks":3,"minecraft:tuff":29,"minecraft:oak_log":113,"minecraft:lapis_lazuli":84,"minecraft:dirt":219,"man:cassette_1safetyinstructions":3,"minecraft:bone":4,"minecraft:apple":4,"minecraft:bow":1,"minecraft:wheat_seeds":71,"minecraft:raw_gold":23,"minecraft:stone_pickaxe":4,"minecraft:rabbit":1,"minecraft:oak_planks":52,"minecraft:stone_hoe":1,"minecraft:flowering_azalea":1,"minecraft:smooth_basalt":10,"minecraft:pumpkin":8,"minecraft:raw_iron_block":1,"minecraft:dripstone_block":2,"minecraft:spruce_sapling":9,"minecraft:grass_block":1,"minecraft:spruce_log":18,"minecraft:dark_oak_log":20,"minecraft:spider_eye":3,"minecraft:leather_helmet":1,"minecraft:pumpkin_seeds":11,"minecraft:diamond":3,"minecraft:stone_axe":1,"minecraft:granite":36,"minecraft:terracotta":2,"minecraft:oak_sapling":12,"minecraft:melon_seeds":2,"minecraft:coal":56},"minecraft:custom":{"minecraft:mob_kills":27,"minecraft:animals_bred":3,"minecraft:interact_with_crafting_table":37,"minecraft:damage_dealt_resisted":174,"minecraft:leave_game":6,"minecraft:time_since_death":7894,"minecraft:damage_resisted":315,"minecraft:sprint_one_cm":207531,"minecraft:walk_one_cm":564575,"minecraft:drop":11,"minecraft:play_time":160089,"minecraft:deaths":15,"minecraft:sneak_time":48622,"minecraft:jump":726,"minecraft:walk_on_water_one_cm":109,"minecraft:total_world_time":160089,"minecraft:interact_with_furnace":25,"minecraft:time_since_rest":7929,"minecraft:damage_taken":6155,"minecraft:damage_dealt":5982,"minecraft:fly_one_cm":133531,"minecraft:open_chest":322,"minecraft:crouch_one_cm":117897,"minecraft:fall_one_cm":7200},"minecraft:broken":{"minecraft:wooden_shovel":1,"minecraft:stone_pickaxe":2,"minecraft:stone_axe":1,"minecraft:wooden_axe":1},"minecraft:dropped":{"minecraft:golden_helmet":2,"minecraft:diamond":1,"minecraft:mushroom_stew":2,"minecraft:wooden_hoe":1,"minecraft:wooden_sword":2,"minecraft:smooth_basalt":2,"minecraft:wooden_shovel":1,"minecraft:written_book":1}},"DataVersion":3120}