{"stats":{"minecraft:mined":{"minecraft:attached_pumpkin_stem":1,"minecraft:deepslate_tiles":57,"minecraft:diamond_ore":8,"minecraft:tuff":55,"minecraft:oak_sapling":1,"minecraft:deepslate_diamond_ore":13,"minecraft:candle":1,"minecraft:dark_oak_log":34,"minecraft:granite":39,"minecraft:budding_amethyst":26,"minecraft:acacia_log":5,"minecraft:grass_block":88,"minecraft:deepslate_bricks":112,"minecraft:moss_block":109,"minecraft:rooted_dirt":29,"minecraft:raw_iron_block":1,"minecraft:spruce_sapling":2,"minecraft:carrots":54,"minecraft:iron_ore":31,"minecraft:green_terracotta":12,"minecraft:andesite":36,"minecraft:pumpkin":6,"minecraft:deepslate_lapis_ore":36,"minecraft:deepslate_iron_ore":42,"minecraft:packed_ice":6,"minecraft:stone":144,"minecraft:spruce_slab":1,"minecraft:podzol":19,"minecraft:melon_stem":1,"minecraft:snow_block":20,"minecraft:stripped_dark_oak_log":1,"minecraft:powder_snow":1,"minecraft:crafting_table":2,"minecraft:oak_fence":27,"minecraft:clay":17,"minecraft:torch":3,"minecraft:light_gray_terracotta":13,"minecraft:calcite":68,"minecraft:melon":7,"minecraft:chest":39,"minecraft:cobblestone":1,"minecraft:copper_ore":62,"minecraft:deepslate_coal_ore":31,"minecraft:lapis_ore":13,"minecraft:deepslate_gold_ore":34,"minecraft:oak_planks":77,"minecraft:diorite":52,"minecraft:amethyst_block":79,"minecraft:deepslate_copper_ore":43,"minecraft:white_terracotta":2,"minecraft:birch_planks":12,"minecraft:birch_log":24,"minecraft:wheat":54,"minecraft:blue_ice":2,"minecraft:ice":1,"minecraft:spruce_log":22,"minecraft:pumpkin_stem":11,"minecraft:oak_log":97,"minecraft:coal_ore":35,"minecraft:acacia_fence":2,"minecraft:dripstone_block":75,"minecraft:dirt":53,"minecraft:smooth_basalt":14,"minecraft:terracotta":2,"minecraft:raw_copper_block":2,"minecraft:gold_ore":6,"minecraft:oak_leaves":1,"minecraft:deepslate":178},"minecraft:killed_by":{"yeti:yeti":2,"minecraft:spider":2,"minecraft:polar_bear":1,"jacky:jacky":4,"mimicer:mimicer":3,"minecraft:skeleton":3,"minecraft:zombie":9,"mokey:mokey":2,"kim_dweller:kim_dweller":1},"minecraft:killed":{"minecraft:witch":1,"minecraft:spider":13,"minecraft:skeleton":19,"minecraft:chicken":3,"minecraft:tropical_fish":2,"minecraft:zombie_villager":1,"minecraft:rabbit":1,"bwrtherain:spider_skull":1,"minecraft:creeper":25,"minecraft:sheep":2,"minecraft:goat":1,"minecraft:zombie":41,"minecraft:mooshroom":2,"minecraft:stray":5,"endofherobrine:chicken":1},"minecraft:used":{"minecraft:oak_fence":44,"minecraft:writable_book":1,"minecraft:stone_sword":82,"minecraft:spruce_slab":12,"minecraft:stone_shovel":43,"minecraft:chest":19,"minecraft:iron_sword":84,"minecraft:wooden_shovel":94,"minecraft:stone_hoe":6,"minecraft:torch":8,"minecraft:dirt":200,"minecraft:spyglass":1,"minecraft:carrot":124,"minecraft:axolotl_bucket":2,"minecraft:snowball":31,"minecraft:small_dripleaf":1,"minecraft:wooden_axe":142,"minecraft:melon_seeds":3,"minecraft:golden_carrot":3,"minecraft:oak_sapling":13,"minecraft:furnace":3,"minecraft:acacia_fence":14,"minecraft:egg":17,"minecraft:cobbled_deepslate":1,"minecraft:calcite":1,"minecraft:wheat_seeds":88,"minecraft:water_bucket":26,"minecraft:birch_planks":62,"minecraft:stone_pickaxe":295,"minecraft:oak_planks":378,"minecraft:wooden_pickaxe":30,"minecraft:deepslate_bricks":1,"minecraft:crafting_table":3,"minecraft:mushroom_stew":46,"minecraft:pumpkin_seeds":12,"minecraft:wooden_hoe":17,"minecraft:iron_pickaxe":1166,"minecraft:spruce_sapling":4,"minecraft:stone_axe":293,"minecraft:wooden_sword":20,"minecraft:cobblestone":1,"minecraft:bucket":29,"minecraft:ice":1,"minecraft:candle":3,"minecraft:bone_meal":7},"minecraft:picked_up":{"minecraft:crafting_table":3,"minecraft:wheat":28,"minecraft:chainmail_boots":2,"minecraft:chicken":6,"minecraft:clay_ball":136,"minecraft:wooden_pickaxe":5,"minecraft:amethyst_block":91,"minecraft:string":16,"minecraft:raw_copper":497,"minecraft:wooden_sword":2,"minecraft:deepslate_tiles":57,"minecraft:candle":3,"minecraft:cobbled_deepslate":179,"minecraft:bucket":1,"minecraft:beef":4,"minecraft:calcite":79,"minecraft:azalea":1,"minecraft:wooden_shovel":8,"minecraft:spruce_slab":1,"minecraft:melon_slice":77,"minecraft:birch_sapling":2,"minecraft:chest":51,"minecraft:raw_copper_block":2,"minecraft:egg":12,"minecraft:furnace":1,"minecraft:golden_helmet":3,"minecraft:tipped_arrow":1,"minecraft:dark_oak_sapling":1,"minecraft:stick":13,"minecraft:raw_iron":85,"minecraft:acacia_fence":2,"minecraft:oak_fence":32,"minecraft:torch":13,"minecraft:acacia_log":5,"minecraft:frog_spawn_egg":1,"minecraft:diorite":51,"minecraft:carrot":184,"minecraft:green_terracotta":12,"minecraft:arrow":32,"minecraft:rotten_flesh":36,"minecraft:tropical_fish":3,"minecraft:deepslate_bricks":112,"minecraft:white_terracotta":2,"minecraft:mutton":5,"minecraft:snowball":80,"minecraft:white_wool":6,"minecraft:cobblestone":220,"minecraft:birch_log":54,"minecraft:feather":2,"minecraft:golden_carrot":1,"minecraft:andesite":55,"minecraft:leather":14,"minecraft:birch_planks":5,"minecraft:mushroom_stew":3,"minecraft:tuff":55,"minecraft:oak_log":136,"minecraft:gunpowder":24,"minecraft:lapis_lazuli":319,"minecraft:dirt":239,"man:cassette_1safetyinstructions":3,"minecraft:bone":22,"minecraft:apple":6,"minecraft:bow":1,"minecraft:wheat_seeds":107,"minecraft:raw_gold":40,"minecraft:stone_pickaxe":4,"minecraft:rabbit":1,"minecraft:moss_block":109,"minecraft:oak_planks":65,"minecraft:stone_hoe":1,"minecraft:flowering_azalea":1,"minecraft:smooth_basalt":16,"minecraft:pumpkin":8,"minecraft:spyglass":1,"minecraft:raw_iron_block":1,"minecraft:dripstone_block":75,"minecraft:spruce_sapling":9,"minecraft:grass_block":1,"minecraft:spruce_log":26,"minecraft:dark_oak_log":35,"minecraft:spider_eye":6,"minecraft:leather_helmet":1,"minecraft:light_gray_terracotta":13,"minecraft:pumpkin_seeds":11,"minecraft:diamond":21,"minecraft:stone_axe":1,"minecraft:granite":40,"minecraft:rooted_dirt":29,"minecraft:terracotta":2,"minecraft:stripped_dark_oak_log":1,"minecraft:oak_sapling":16,"minecraft:melon_seeds":2,"minecraft:coal":83,"minecraft:wooden_axe":1},"minecraft:crafted":{"minecraft:wooden_sword":1,"minecraft:oak_planks":620,"minecraft:stone_shovel":3,"minecraft:furnace":2,"minecraft:bone_meal":12,"minecraft:hopper":4,"minecraft:spruce_stairs":4,"minecraft:spruce_slab":18,"minecraft:stone_pickaxe":1,"minecraft:acacia_fence":12,"minecraft:oak_fence":27,"minecraft:cooked_beef":4,"minecraft:wooden_shovel":3,"minecraft:crafting_table":1,"minecraft:spruce_planks":4,"minecraft:wooden_pickaxe":1,"minecraft:bowl":8,"minecraft:bucket":1,"minecraft:birch_planks":52,"minecraft:stone_axe":6,"minecraft:air":0,"minecraft:oak_boat":1,"minecraft:wooden_hoe":1,"minecraft:charcoal":3,"minecraft:stick":64,"minecraft:iron_pickaxe":7,"minecraft:iron_ingot":90,"minecraft:wooden_axe":3,"minecraft:stone_sword":1,"minecraft:gold_ingot":78,"minecraft:acacia_planks":20,"minecraft:torch":12,"minecraft:shears":1},"minecraft:custom":{"minecraft:mob_kills":122,"minecraft:animals_bred":4,"minecraft:interact_with_crafting_table":64,"minecraft:damage_dealt_resisted":1118,"minecraft:leave_game":6,"minecraft:time_since_death":3027,"minecraft:damage_resisted":315,"minecraft:sprint_one_cm":395935,"minecraft:walk_one_cm":811883,"minecraft:drop":12,"minecraft:play_time":262089,"minecraft:deaths":33,"minecraft:sneak_time":73215,"minecraft:walk_under_water_one_cm":38033,"minecraft:jump":1283,"minecraft:walk_on_water_one_cm":19302,"minecraft:total_world_time":262089,"minecraft:interact_with_furnace":62,"minecraft:time_since_rest":3055,"minecraft:damage_taken":12217,"minecraft:damage_dealt":12682,"minecraft:swim_one_cm":12427,"minecraft:fly_one_cm":237747,"minecraft:open_chest":619,"minecraft:crouch_one_cm":152230,"minecraft:fall_one_cm":14757},"minecraft:broken":{"minecraft:wooden_shovel":1,"minecraft:stone_pickaxe":2,"minecraft:stone_axe":1,"minecraft:iron_pickaxe":2,"minecraft:wooden_axe":3},"minecraft:dropped":{"minecraft:golden_helmet":2,"minecraft:diamond":1,"minecraft:mushroom_stew":2,"minecraft:wooden_hoe":1,"minecraft:wooden_sword":2,"minecraft:smooth_basalt":2,"minecraft:spyglass":1,"minecraft:wooden_shovel":1,"minecraft:written_book":1}},"DataVersion":3120}