{"stats":{"minecraft:dropped":{"minecraft:iron_helmet":1,"minecraft:leather_helmet":1,"minecraft:ink_sac":2,"minecraft:wooden_axe":1,"minecraft:stone_sword":1,"minecraft:leather_chestplate":2,"minecraft:bow":1,"minecraft:stone_pickaxe":1,"minecraft:wooden_pickaxe":1},"minecraft:picked_up":{"minecraft:crafting_table":4,"minecraft:wheat":2,"minecraft:azure_bluet":1,"minecraft:chicken":5,"minecraft:smithing_table":1,"minecraft:amethyst_block":2,"minecraft:cornflower":1,"minecraft:string":4,"minecraft:raw_copper":4,"minecraft:cobbled_deepslate":48,"minecraft:beef":25,"minecraft:calcite":1,"minecraft:poppy":3,"minecraft:sugar_cane":37,"minecraft:furnace":3,"minecraft:raw_iron":117,"minecraft:torch":34,"minecraft:porkchop":39,"minecraft:diorite":24,"minecraft:carrot":30,"minecraft:redstone":98,"minecraft:rotten_flesh":29,"minecraft:arrow":21,"minecraft:beetroot_seeds":4,"minecraft:hay_block":17,"minecraft:mutton":10,"minecraft:white_wool":7,"minecraft:cobblestone":177,"minecraft:birch_log":6,"minecraft:leather_chestplate":1,"minecraft:feather":4,"minecraft:cooked_beef":3,"minecraft:leather":16,"minecraft:potato":13,"minecraft:tuff":2,"minecraft:oak_log":16,"minecraft:gunpowder":2,"minecraft:lapis_lazuli":96,"minecraft:dirt":46,"minecraft:bone":29,"minecraft:bow":3,"minecraft:wheat_seeds":65,"minecraft:raw_gold":28,"minecraft:smooth_basalt":1,"minecraft:pumpkin":10,"minecraft:dandelion":8,"minecraft:amethyst_shard":4,"minecraft:ink_sac":2,"minecraft:white_bed":6,"minecraft:spider_eye":3,"minecraft:leather_helmet":1,"minecraft:diamond":15,"minecraft:granite":5,"minecraft:golden_apple":1,"minecraft:coal":155},"minecraft:killed":{"minecraft:spider":5,"minecraft:skeleton":23,"minecraft:chicken":5,"minecraft:pig":19,"minecraft:creeper":3,"minecraft:sheep":7,"minecraft:zombie":28,"minecraft:cow":12},"minecraft:broken":{"minecraft:stone_pickaxe":2},"minecraft:used":{"minecraft:stone_sword":26,"minecraft:chest":2,"minecraft:shield":47,"minecraft:iron_sword":170,"minecraft:cooked_chicken":4,"minecraft:torch":158,"minecraft:dirt":46,"minecraft:tuff":2,"minecraft:granite":5,"minecraft:wooden_axe":9,"minecraft:smooth_basalt":1,"minecraft:bow":3,"minecraft:oak_sapling":5,"minecraft:furnace":5,"minecraft:beetroot_seeds":4,"minecraft:cooked_beef":27,"minecraft:cobbled_deepslate":48,"minecraft:calcite":1,"minecraft:wheat_seeds":59,"minecraft:water_bucket":7,"minecraft:amethyst_block":2,"minecraft:stone_pickaxe":333,"minecraft:oak_planks":1,"minecraft:wooden_pickaxe":35,"minecraft:white_wool":7,"minecraft:crafting_table":5,"minecraft:white_bed":6,"minecraft:cornflower":1,"minecraft:bread":2,"minecraft:iron_pickaxe":246,"minecraft:stone_axe":82,"minecraft:cobblestone":17,"minecraft:cooked_porkchop":10,"minecraft:smithing_table":1,"minecraft:bucket":8,"minecraft:dandelion":1},"minecraft:custom":{"minecraft:mob_kills":105,"minecraft:interact_with_crafting_table":17,"minecraft:leave_game":1,"minecraft:time_since_death":111551,"minecraft:sprint_one_cm":356786,"minecraft:walk_one_cm":215317,"minecraft:damage_blocked_by_shield":953,"minecraft:drop":11,"minecraft:talked_to_villager":5,"minecraft:play_time":111551,"minecraft:sneak_time":2360,"minecraft:walk_under_water_one_cm":2661,"minecraft:jump":3534,"minecraft:walk_on_water_one_cm":22345,"minecraft:total_world_time":111551,"minecraft:interact_with_furnace":33,"minecraft:sleep_in_bed":7,"minecraft:time_since_rest":47216,"minecraft:damage_taken":2706,"minecraft:damage_dealt":14383,"minecraft:swim_one_cm":9079,"minecraft:fly_one_cm":791542,"minecraft:open_chest":18,"minecraft:crouch_one_cm":3493,"minecraft:fall_one_cm":106925},"minecraft:crafted":{"minecraft:oak_planks":64,"minecraft:cooked_chicken":5,"minecraft:furnace":2,"minecraft:iron_boots":1,"minecraft:stone_pickaxe":3,"minecraft:chest":2,"minecraft:cooked_beef":24,"minecraft:cooked_porkchop":10,"minecraft:crafting_table":1,"minecraft:iron_helmet":1,"minecraft:wooden_pickaxe":1,"minecraft:iron_sword":1,"minecraft:bucket":1,"minecraft:birch_planks":24,"minecraft:stone_axe":1,"minecraft:air":0,"minecraft:iron_chestplate":1,"minecraft:shield":1,"minecraft:stick":52,"minecraft:iron_ingot":38,"minecraft:iron_pickaxe":3,"minecraft:wooden_axe":1,"minecraft:stone_sword":1,"minecraft:iron_leggings":1,"minecraft:torch":124},"minecraft:mined":{"minecraft:large_amethyst_bud":1,"minecraft:tuff":2,"minecraft:white_bed":3,"minecraft:deepslate_diamond_ore":14,"minecraft:granite":5,"minecraft:budding_amethyst":5,"minecraft:grass_block":8,"minecraft:hay_block":17,"minecraft:redstone_ore":7,"minecraft:furnace":3,"minecraft:carrots":32,"minecraft:iron_ore":51,"minecraft:pumpkin":10,"minecraft:deepslate_lapis_ore":16,"minecraft:azure_bluet":1,"minecraft:potatoes":13,"minecraft:deepslate_iron_ore":65,"minecraft:dirt_path":1,"minecraft:small_amethyst_bud":3,"minecraft:stone":177,"minecraft:smithing_table":1,"minecraft:deepslate_redstone_ore":15,"minecraft:medium_amethyst_bud":2,"minecraft:amethyst_cluster":1,"minecraft:dandelion":9,"minecraft:crafting_table":4,"minecraft:cornflower":1,"minecraft:torch":7,"minecraft:short_grass":102,"minecraft:calcite":1,"minecraft:poppy":3,"minecraft:cobblestone":7,"minecraft:copper_ore":2,"minecraft:tall_grass":9,"minecraft:deepslate_gold_ore":19,"minecraft:sugar_cane":16,"minecraft:diorite":24,"minecraft:wall_torch":8,"minecraft:amethyst_block":2,"minecraft:birch_log":6,"minecraft:wheat":55,"minecraft:coal_ore":138,"minecraft:oak_log":11,"minecraft:beetroots":4,"minecraft:dirt":19,"minecraft:smooth_basalt":1,"minecraft:gold_ore":9,"minecraft:deepslate":41}},"DataVersion":3953}