{"stats":{"minecraft:crafted":{"minecraft:oak_planks":44,"minecraft:cooked_porkchop":15,"minecraft:crafting_table":3,"minecraft:wooden_pickaxe":1,"minecraft:cooked_chicken":4,"minecraft:stone_axe":1,"minecraft:air":0,"minecraft:shield":2,"minecraft:stick":16,"minecraft:iron_ingot":22,"minecraft:iron_pickaxe":1,"minecraft:stone_pickaxe":2,"minecraft:wooden_axe":1,"minecraft:stone_sword":1,"minecraft:iron_leggings":2,"minecraft:acacia_planks":16,"minecraft:wheat":54},"minecraft:picked_up":{"minecraft:crafting_table":3,"minecraft:feather":6,"minecraft:chicken":4,"croptopia:grape_seed":2,"croptopia:peach":5,"minecraft:andesite":2,"minecraft:oak_log":11,"minecraft:yellow_bed":4,"minecraft:string":5,"minecraft:dirt":4,"exoticbirds:cooked_birdmeat":2,"minecraft:flint_and_steel":1,"croptopia:garlic":1,"minecraft:bone":4,"minecraft:wheat_seeds":1,"guideapi_vp:vampirism-guidebook":1,"minecraft:iron_nugget":1,"minecraft:furnace":4,"minecraft:stick":2,"croptopia:peanut_seed":2,"minecraft:raw_iron":43,"croptopia:peanut":1,"grimoireofgaia:meat":1,"croptopia:ginger":1,"minecraft:acacia_log":4,"croptopia:hops":1,"minecraft:porkchop":15,"croptopia:ginger_seed":1,"minecraft:diorite":7,"minecraft:golden_chestplate":1,"croptopia:coffee_beans":1,"croptopia:coffee_seed":1,"croptopia:grape":1,"minecraft:arrow":3,"croptopia:hops_seed":2,"minecraft:slime_ball":1,"bossominium:the_bossdexium":1,"minecraft:hay_block":15,"minecraft:granite":1,"minecraft:emerald":1,"croptopia:garlic_seed":2,"minecraft:cobblestone":55,"minecraft:coal":249,"exoticbirds:raw_birdmeat":14,"atlantis:aquamarine_gem":8},"minecraft:mined":{"croptopia:grape_crop":1,"minecraft:crafting_table":3,"minecraft:granite":1,"minecraft:blast_furnace":1,"minecraft:acacia_log":4,"minecraft:emerald_ore":1,"minecraft:grass_block":6,"croptopia:garlic_crop":1,"minecraft:cobblestone":1,"croptopia:coffee_crop":1,"minecraft:diorite":9,"minecraft:hay_block":15,"croptopia:peanut_crop":1,"minecraft:furnace":4,"minecraft:iron_ore":43,"minecraft:andesite":2,"atlantis:aquamarine_ore":8,"blue_skies:spider_webbing":6,"minecraft:yellow_bed":4,"minecraft:grass":9,"croptopia:hops_crop":1,"minecraft:oak_log":11,"minecraft:coal_ore":140,"minecraft:cobweb":1,"minecraft:stone":54,"minecraft:oak_leaves":9},"minecraft:killed_by":{"minecraft:silverfish":1},"minecraft:killed":{"minecraft:pig":8,"exoticbirds:gull":3,"naturalist:snail":1,"grimoireofgaia:goblin":1,"minecraft:skeleton":2,"exoticbirds:swan":1,"minecraft:chicken":4,"exoticbirds:peafowl":1},"minecraft:dropped":{"minecraft:golden_chestplate":2,"guideapi_vp:vampirism-guidebook":2,"croptopia:grape":1,"bossominium:the_bossdexium":2,"minecraft:flint_and_steel":1,"minecraft:shield":1,"farmersdelight:golden_knife":1,"minecraft:iron_leggings":1},"minecraft:used":{"minecraft:stone_sword":12,"minecraft:stone_pickaxe":181,"minecraft:baked_potato":11,"farmersdelight:golden_knife":1,"minecraft:wooden_pickaxe":14,"minecraft:cooked_chicken":1,"minecraft:crafting_table":5,"minecraft:wooden_axe":6,"minecraft:bread":1,"minecraft:iron_pickaxe":69,"minecraft:stone_axe":43,"minecraft:cobblestone":22,"minecraft:furnace":4,"croptopia:garlic":1,"minecraft:andesite":2,"tombstone:gift":2,"minecraft:yellow_bed":3,"grimoireofgaia:meat":1,"minecraft:acacia_planks":1},"minecraft:custom":{"minecraft:interact_with_furnace":15,"minecraft:mob_kills":21,"minecraft:interact_with_crafting_table":12,"minecraft:open_barrel":4,"minecraft:time_since_death":48827,"minecraft:sleep_in_bed":3,"minecraft:climb_one_cm":2065,"minecraft:time_since_rest":9629,"minecraft:sprint_one_cm":141901,"minecraft:damage_taken":645,"minecraft:walk_one_cm":66728,"minecraft:drop":11,"minecraft:damage_dealt":2163,"minecraft:swim_one_cm":4083,"minecraft:talked_to_villager":1,"minecraft:fly_one_cm":278149,"minecraft:open_chest":2,"minecraft:crouch_one_cm":7671,"minecraft:play_time":53481,"tombstone:undead_killed":2,"minecraft:deaths":1,"minecraft:sneak_time":3815,"minecraft:walk_under_water_one_cm":6416,"minecraft:jump":1303,"minecraft:interact_with_blast_furnace":2,"minecraft:walk_on_water_one_cm":5968,"minecraft:total_world_time":53481,"minecraft:fall_one_cm":42071},"minecraft:broken":{"minecraft:stone_pickaxe":1}},"DataVersion":3120}