{"stats":{"minecraft:dropped":{"minecraft:stone_sword":1,"minecraft:iron_helmet":1,"minecraft:leather_helmet":1,"minecraft:leather_chestplate":2,"minecraft:ink_sac":2,"minecraft:wooden_axe":1,"minecraft:wooden_pickaxe":1,"minecraft:stone_pickaxe":1},"minecraft:picked_up":{"minecraft:birch_log":6,"minecraft:crafting_table":4,"minecraft:leather_chestplate":1,"minecraft:wheat":2,"minecraft:azure_bluet":1,"minecraft:feather":4,"minecraft:cooked_beef":3,"minecraft:chicken":5,"minecraft:leather":16,"minecraft:smithing_table":1,"minecraft:potato":12,"minecraft:oak_log":16,"minecraft:gunpowder":1,"minecraft:cornflower":1,"minecraft:dirt":46,"minecraft:raw_copper":4,"minecraft:wheat_seeds":65,"minecraft:beef":25,"minecraft:poppy":3,"minecraft:sugar_cane":37,"minecraft:furnace":3,"minecraft:raw_iron":39,"minecraft:pumpkin":10,"minecraft:torch":10,"minecraft:dandelion":8,"minecraft:porkchop":39,"minecraft:ink_sac":2,"minecraft:diorite":24,"minecraft:white_bed":6,"minecraft:carrot":30,"minecraft:spider_eye":1,"minecraft:leather_helmet":1,"minecraft:rotten_flesh":6,"minecraft:beetroot_seeds":4,"minecraft:hay_block":17,"minecraft:granite":1,"minecraft:mutton":10,"minecraft:coal":154,"minecraft:white_wool":7,"minecraft:cobblestone":172},"minecraft:killed":{"minecraft:pig":19,"minecraft:spider":1,"minecraft:creeper":2,"minecraft:sheep":7,"minecraft:zombie":5,"minecraft:chicken":5,"minecraft:cow":12},"minecraft:broken":{"minecraft:stone_pickaxe":2},"minecraft:used":{"minecraft:water_bucket":2,"minecraft:wheat_seeds":59,"minecraft:stone_sword":26,"minecraft:stone_pickaxe":333,"minecraft:oak_planks":1,"minecraft:chest":2,"minecraft:wooden_pickaxe":35,"minecraft:iron_sword":5,"minecraft:white_wool":7,"minecraft:torch":43,"minecraft:dirt":46,"minecraft:crafting_table":5,"minecraft:white_bed":6,"minecraft:granite":1,"minecraft:wooden_axe":9,"minecraft:cornflower":1,"minecraft:bread":2,"minecraft:iron_pickaxe":15,"minecraft:stone_axe":82,"minecraft:cobblestone":12,"minecraft:furnace":5,"minecraft:oak_sapling":5,"minecraft:smithing_table":1,"minecraft:beetroot_seeds":4,"minecraft:bucket":3,"minecraft:cooked_beef":18,"minecraft:dandelion":1},"minecraft:custom":{"minecraft:interact_with_furnace":33,"minecraft:mob_kills":51,"minecraft:interact_with_crafting_table":17,"minecraft:leave_game":1,"minecraft:time_since_death":75551,"minecraft:sleep_in_bed":7,"minecraft:time_since_rest":11216,"minecraft:sprint_one_cm":247224,"minecraft:damage_taken":1086,"minecraft:walk_one_cm":129650,"minecraft:drop":10,"minecraft:damage_dealt":5631,"minecraft:swim_one_cm":9079,"minecraft:fly_one_cm":555202,"minecraft:talked_to_villager":5,"minecraft:open_chest":16,"minecraft:play_time":75551,"minecraft:crouch_one_cm":1058,"minecraft:sneak_time":1083,"minecraft:walk_under_water_one_cm":2661,"minecraft:jump":2191,"minecraft:walk_on_water_one_cm":17897,"minecraft:total_world_time":75551,"minecraft:fall_one_cm":66264},"minecraft:crafted":{"minecraft:cooked_beef":24,"minecraft:oak_planks":64,"minecraft:cooked_porkchop":10,"minecraft:crafting_table":1,"minecraft:wooden_pickaxe":1,"minecraft:cooked_chicken":5,"minecraft:iron_helmet":1,"minecraft:iron_sword":1,"minecraft:furnace":2,"minecraft:bucket":1,"minecraft:birch_planks":24,"minecraft:stone_axe":1,"minecraft:air":0,"minecraft:iron_boots":1,"minecraft:iron_chestplate":1,"minecraft:shield":1,"minecraft:stick":44,"minecraft:stone_pickaxe":3,"minecraft:iron_ingot":38,"minecraft:iron_pickaxe":3,"minecraft:wooden_axe":1,"minecraft:stone_sword":1,"minecraft:chest":2,"minecraft:iron_leggings":1,"minecraft:torch":72},"minecraft:mined":{"minecraft:white_bed":3,"minecraft:dandelion":9,"minecraft:cornflower":1,"minecraft:crafting_table":4,"minecraft:torch":6,"minecraft:granite":1,"minecraft:short_grass":102,"minecraft:grass_block":8,"minecraft:poppy":3,"minecraft:tall_grass":9,"minecraft:copper_ore":2,"minecraft:cobblestone":4,"minecraft:sugar_cane":16,"minecraft:diorite":24,"minecraft:wall_torch":3,"minecraft:hay_block":17,"minecraft:furnace":3,"minecraft:carrots":32,"minecraft:birch_log":6,"minecraft:iron_ore":39,"minecraft:wheat":55,"minecraft:pumpkin":10,"minecraft:azure_bluet":1,"minecraft:potatoes":13,"minecraft:oak_log":11,"minecraft:coal_ore":137,"minecraft:dirt_path":1,"minecraft:beetroots":4,"minecraft:dirt":19,"minecraft:stone":172,"minecraft:smithing_table":1}},"DataVersion":3953}