{"stats":{"minecraft:crafted":{"minecraft:oak_planks":64,"minecraft:wooden_shovel":2,"minecraft:wooden_hoe":1,"minecraft:crafting_table":1,"minecraft:stick":12,"minecraft:wooden_pickaxe":1,"minecraft:wooden_axe":1,"minecraft:birch_planks":40},"minecraft:custom":{"minecraft:time_since_rest":17823,"minecraft:sprint_one_cm":726,"minecraft:walk_one_cm":39526,"minecraft:damage_dealt":10,"minecraft:interact_with_crafting_table":4,"minecraft:fly_one_cm":114,"minecraft:open_chest":28,"minecraft:crouch_one_cm":23313,"minecraft:play_time":17823,"minecraft:sneak_time":9880,"minecraft:jump":8,"minecraft:time_since_death":17823,"minecraft:total_world_time":17823,"minecraft:fall_one_cm":267},"minecraft:broken":{"minecraft:wooden_shovel":1},"minecraft:mined":{"minecraft:podzol":10,"minecraft:birch_planks":4,"minecraft:birch_log":7,"minecraft:wheat":1,"minecraft:pumpkin":3,"minecraft:clay":12,"minecraft:oak_fence":2,"minecraft:grass_block":60,"minecraft:oak_log":21,"minecraft:melon":7,"minecraft:chest":8,"minecraft:dirt":2},"minecraft:used":{"minecraft:wheat_seeds":4,"minecraft:oak_fence":2,"minecraft:wooden_axe":42,"minecraft:water_bucket":1,"minecraft:wooden_hoe":6,"minecraft:birch_planks":46,"minecraft:chest":5,"minecraft:wooden_shovel":61,"minecraft:melon_seeds":1,"minecraft:dirt":50,"minecraft:crafting_table":1,"minecraft:oak_sapling":1,"minecraft:pumpkin_seeds":1},"minecraft:picked_up":{"minecraft:birch_log":7,"minecraft:clay_ball":52,"minecraft:pumpkin":3,"minecraft:oak_fence":2,"minecraft:birch_planks":3,"minecraft:oak_log":34,"minecraft:dirt":90,"man:cassette_1safetyinstructions":1,"minecraft:apple":3,"minecraft:wheat_seeds":1,"minecraft:melon_slice":35,"minecraft:chest":9}},"DataVersion":3120}