{"stats":{"minecraft:broken":{"minecraft:iron_shovel":1,"minecraft:stone_pickaxe":2,"minecraft:stone_axe":1,"minecraft:iron_pickaxe":1},"minecraft:picked_up":{"minecraft:crafting_table":4,"minecraft:wheat":4,"minecraft:azure_bluet":3,"minecraft:chicken":7,"minecraft:smithing_table":1,"minecraft:brewing_stand":2,"minecraft:amethyst_block":2,"minecraft:cornflower":2,"minecraft:string":7,"minecraft:raw_copper":4,"minecraft:cobbled_deepslate":58,"minecraft:beef":46,"minecraft:calcite":1,"minecraft:poppy":3,"minecraft:sugar_cane":46,"minecraft:furnace":5,"minecraft:egg":6,"minecraft:stick":5,"minecraft:raw_iron":117,"minecraft:oak_fence":36,"minecraft:torch":36,"minecraft:porkchop":48,"minecraft:diorite":24,"minecraft:carrot":49,"minecraft:redstone":98,"minecraft:arrow":27,"minecraft:rotten_flesh":30,"minecraft:beetroot_seeds":4,"minecraft:hay_block":17,"minecraft:mutton":12,"minecraft:oxeye_daisy":1,"minecraft:white_wool":9,"minecraft:cobblestone":201,"minecraft:birch_log":6,"minecraft:leather_chestplate":1,"minecraft:feather":6,"minecraft:cooked_beef":3,"minecraft:andesite":5,"minecraft:leather":25,"minecraft:potato":15,"minecraft:birch_planks":1,"minecraft:tuff":2,"minecraft:oak_log":67,"minecraft:gunpowder":7,"minecraft:lapis_lazuli":96,"minecraft:dirt":275,"minecraft:cooked_mutton":10,"minecraft:bone":34,"minecraft:apple":4,"minecraft:stonecutter":1,"minecraft:bow":3,"minecraft:wheat_seeds":91,"minecraft:oak_fence_gate":1,"minecraft:raw_gold":28,"minecraft:bell":2,"minecraft:grindstone":1,"minecraft:oak_planks":11,"minecraft:smooth_basalt":1,"minecraft:cooked_porkchop":29,"minecraft:pumpkin":12,"minecraft:dandelion":13,"minecraft:sand":41,"minecraft:amethyst_shard":4,"minecraft:ink_sac":2,"minecraft:white_bed":9,"minecraft:spider_eye":4,"minecraft:leather_helmet":1,"minecraft:diamond":15,"minecraft:granite":5,"minecraft:golden_apple":1,"minecraft:oak_sapling":13,"minecraft:black_wool":4,"minecraft:coal":178},"minecraft:killed":{"minecraft:spider":6,"minecraft:skeleton":27,"minecraft:chicken":7,"minecraft:pig":24,"minecraft:creeper":8,"minecraft:sheep":8,"minecraft:donkey":1,"minecraft:zombie":33,"minecraft:cow":22},"minecraft:mined":{"minecraft:large_amethyst_bud":1,"minecraft:tuff":2,"minecraft:white_bed":6,"minecraft:oak_sapling":1,"minecraft:deepslate_diamond_ore":14,"minecraft:brewing_stand":2,"minecraft:granite":5,"minecraft:budding_amethyst":5,"minecraft:grass_block":221,"minecraft:hay_block":17,"minecraft:redstone_ore":7,"minecraft:furnace":5,"minecraft:carrots":38,"minecraft:iron_ore":51,"minecraft:cobbled_deepslate":3,"minecraft:andesite":5,"minecraft:pumpkin":14,"minecraft:deepslate_lapis_ore":16,"minecraft:azure_bluet":2,"minecraft:bell":2,"minecraft:potatoes":13,"minecraft:deepslate_iron_ore":65,"minecraft:dirt_path":4,"minecraft:small_amethyst_bud":3,"minecraft:stone":200,"minecraft:smithing_table":1,"minecraft:deepslate_redstone_ore":15,"minecraft:medium_amethyst_bud":2,"minecraft:amethyst_cluster":1,"minecraft:dandelion":11,"minecraft:oak_fence":36,"minecraft:crafting_table":4,"minecraft:cornflower":2,"minecraft:torch":7,"minecraft:short_grass":191,"minecraft:calcite":1,"minecraft:poppy":3,"minecraft:tall_grass":11,"minecraft:copper_ore":2,"minecraft:cobblestone":8,"minecraft:deepslate_gold_ore":19,"minecraft:grindstone":1,"minecraft:sugar_cane":21,"minecraft:oak_planks":11,"minecraft:diorite":24,"minecraft:wall_torch":8,"minecraft:amethyst_block":2,"minecraft:birch_planks":1,"minecraft:birch_log":6,"minecraft:wheat":58,"minecraft:oak_log":62,"minecraft:coal_ore":159,"minecraft:beetroots":4,"minecraft:oak_fence_gate":1,"minecraft:sand":43,"minecraft:dirt":33,"minecraft:smooth_basalt":1,"minecraft:stonecutter":1,"minecraft:gold_ore":9,"minecraft:oak_leaves":13,"minecraft:deepslate":48},"minecraft:custom":{"minecraft:interact_with_smithing_table":1,"minecraft:mob_kills":139,"minecraft:animals_bred":2,"minecraft:interact_with_crafting_table":37,"minecraft:bell_ring":18,"minecraft:leave_game":4,"minecraft:time_since_death":181390,"minecraft:sprint_one_cm":593765,"minecraft:walk_one_cm":383402,"minecraft:damage_blocked_by_shield":953,"minecraft:drop":19,"minecraft:talked_to_villager":7,"minecraft:play_time":181390,"minecraft:sneak_time":3009,"minecraft:walk_under_water_one_cm":10608,"minecraft:jump":5509,"minecraft:walk_on_water_one_cm":35117,"minecraft:total_world_time":181390,"minecraft:interact_with_furnace":71,"minecraft:sleep_in_bed":12,"minecraft:time_since_rest":6141,"minecraft:damage_taken":3035,"minecraft:damage_dealt":18711,"minecraft:swim_one_cm":15765,"minecraft:fly_one_cm":1335229,"minecraft:open_chest":77,"minecraft:crouch_one_cm":4363,"minecraft:fall_one_cm":152482},"minecraft:crafted":{"minecraft:oak_planks":104,"minecraft:spyglass":2,"minecraft:cooked_chicken":5,"minecraft:furnace":2,"travelersbackpack:gold_tier_upgrade":1,"travelersbackpack:blank_upgrade":4,"minecraft:glass":41,"minecraft:iron_boots":1,"minecraft:iron_axe":1,"minecraft:iron_hoe":1,"minecraft:stone_pickaxe":3,"minecraft:chest":7,"minecraft:cooked_beef":26,"travelersbackpack:iron_tier_upgrade":1,"minecraft:cooked_porkchop":10,"minecraft:crafting_table":1,"travelersbackpack:standard":1,"travelersbackpack:backpack_tank":4,"minecraft:iron_helmet":1,"minecraft:wooden_pickaxe":1,"minecraft:iron_sword":1,"minecraft:copper_ingot":4,"travelersbackpack:black_sleeping_bag":1,"minecraft:bucket":1,"minecraft:birch_planks":24,"minecraft:stone_axe":1,"minecraft:air":0,"minecraft:oak_fence_gate":1,"minecraft:iron_chestplate":1,"minecraft:shield":1,"minecraft:stick":60,"minecraft:iron_ingot":117,"minecraft:iron_pickaxe":3,"minecraft:wooden_axe":1,"minecraft:stone_sword":1,"minecraft:iron_shovel":1,"minecraft:iron_leggings":1,"minecraft:gold_ingot":28,"minecraft:torch":140,"minecraft:shears":1},"minecraft:used":{"minecraft:oak_fence":27,"minecraft:stone_sword":26,"minecraft:iron_shovel":271,"minecraft:poppy":3,"minecraft:chest":4,"minecraft:shield":47,"minecraft:iron_sword":216,"minecraft:bell":2,"minecraft:cooked_chicken":5,"minecraft:torch":174,"minecraft:brewing_stand":2,"minecraft:dirt":148,"minecraft:spyglass":43,"minecraft:carrot":50,"minecraft:tuff":2,"minecraft:granite":5,"minecraft:azure_bluet":1,"minecraft:oak_fence_gate":2,"minecraft:iron_hoe":163,"minecraft:wooden_axe":9,"minecraft:iron_axe":120,"minecraft:smooth_basalt":1,"minecraft:bow":3,"minecraft:oak_sapling":15,"minecraft:furnace":7,"minecraft:beetroot_seeds":4,"minecraft:egg":5,"minecraft:cooked_beef":27,"minecraft:potato":25,"minecraft:cobbled_deepslate":56,"minecraft:calcite":1,"minecraft:wheat_seeds":82,"minecraft:water_bucket":27,"minecraft:amethyst_block":2,"minecraft:oak_planks":12,"minecraft:stone_pickaxe":333,"minecraft:wooden_pickaxe":35,"minecraft:stonecutter":1,"minecraft:white_wool":8,"minecraft:crafting_table":5,"minecraft:white_bed":9,"minecraft:cornflower":1,"minecraft:bread":2,"minecraft:iron_pickaxe":314,"minecraft:stone_axe":98,"minecraft:cobblestone":17,"minecraft:grindstone":1,"minecraft:cooked_porkchop":21,"minecraft:smithing_table":1,"minecraft:bucket":28,"minecraft:dandelion":8},"minecraft:dropped":{"minecraft:birch_planks":1,"minecraft:wheat_seeds":7,"minecraft:iron_helmet":1,"minecraft:leather_helmet":1,"minecraft:ink_sac":2,"minecraft:wooden_axe":1,"minecraft:dandelion":1,"minecraft:spyglass":1,"minecraft:stone_sword":1,"minecraft:rotten_flesh":3,"minecraft:cooked_mutton":1,"minecraft:leather_chestplate":2,"minecraft:bow":1,"minecraft:wooden_pickaxe":1,"minecraft:stone_pickaxe":1,"minecraft:egg":1}},"DataVersion":3953}