{"stats":{"minecraft:mined":{"minecraft:attached_pumpkin_stem":1,"minecraft:deepslate_tiles":10,"minecraft:diamond_ore":3,"minecraft:tuff":19,"minecraft:oak_sapling":1,"minecraft:candle":1,"minecraft:dark_oak_log":11,"minecraft:granite":35,"minecraft:budding_amethyst":11,"minecraft:grass_block":81,"minecraft:deepslate_bricks":15,"minecraft:spruce_sapling":2,"minecraft:carrots":12,"minecraft:iron_ore":18,"minecraft:andesite":18,"minecraft:pumpkin":5,"minecraft:deepslate_lapis_ore":9,"minecraft:deepslate_iron_ore":21,"minecraft:packed_ice":2,"minecraft:stone":90,"minecraft:podzol":13,"minecraft:melon_stem":1,"minecraft:snow_block":20,"minecraft:oak_fence":27,"minecraft:clay":14,"minecraft:torch":2,"minecraft:calcite":33,"minecraft:melon":7,"minecraft:chest":22,"minecraft:copper_ore":36,"minecraft:deepslate_coal_ore":16,"minecraft:lapis_ore":1,"minecraft:deepslate_gold_ore":22,"minecraft:oak_planks":73,"minecraft:diorite":35,"minecraft:amethyst_block":43,"minecraft:deepslate_copper_ore":13,"minecraft:white_terracotta":2,"minecraft:birch_planks":10,"minecraft:birch_log":14,"minecraft:wheat":31,"minecraft:blue_ice":2,"minecraft:ice":1,"minecraft:spruce_log":5,"minecraft:pumpkin_stem":11,"minecraft:oak_log":67,"minecraft:coal_ore":19,"minecraft:dripstone_block":2,"minecraft:dirt":48,"minecraft:smooth_basalt":7,"minecraft:terracotta":2,"minecraft:gold_ore":1,"minecraft:oak_leaves":1,"minecraft:deepslate":77},"minecraft:killed_by":{"yeti:yeti":2,"minecraft:polar_bear":1,"jacky:jacky":1,"minecraft:skeleton":1,"minecraft:zombie":4,"mokey:mokey":1},"minecraft:killed":{"minecraft:spider":4,"minecraft:rabbit":1,"minecraft:sheep":2,"minecraft:goat":1,"minecraft:zombie":9,"minecraft:mooshroom":2,"minecraft:stray":5},"minecraft:used":{"minecraft:oak_fence":44,"minecraft:writable_book":1,"minecraft:stone_sword":82,"minecraft:stone_shovel":36,"minecraft:chest":11,"minecraft:wooden_shovel":89,"minecraft:stone_hoe":6,"minecraft:torch":8,"minecraft:dirt":200,"minecraft:carrot":35,"minecraft:snowball":31,"minecraft:wooden_axe":86,"minecraft:melon_seeds":3,"minecraft:golden_carrot":2,"minecraft:oak_sapling":13,"minecraft:furnace":2,"minecraft:egg":13,"minecraft:wheat_seeds":46,"minecraft:water_bucket":1,"minecraft:birch_planks":60,"minecraft:stone_pickaxe":295,"minecraft:oak_planks":310,"minecraft:wooden_pickaxe":30,"minecraft:crafting_table":1,"minecraft:mushroom_stew":28,"minecraft:pumpkin_seeds":12,"minecraft:wooden_hoe":17,"minecraft:iron_pickaxe":265,"minecraft:spruce_sapling":4,"minecraft:stone_axe":185,"minecraft:bucket":1,"minecraft:ice":1,"minecraft:candle":3,"minecraft:bone_meal":7},"minecraft:crafted":{"minecraft:oak_planks":448,"minecraft:stone_shovel":1,"minecraft:furnace":1,"minecraft:bone_meal":12,"minecraft:stone_pickaxe":1,"minecraft:oak_fence":27,"minecraft:cooked_beef":4,"minecraft:wooden_shovel":2,"minecraft:crafting_table":1,"minecraft:wooden_pickaxe":1,"minecraft:bowl":4,"minecraft:birch_planks":40,"minecraft:stone_axe":3,"minecraft:air":0,"minecraft:wooden_hoe":1,"minecraft:charcoal":3,"minecraft:stick":28,"minecraft:iron_pickaxe":2,"minecraft:iron_ingot":13,"minecraft:wooden_axe":2,"minecraft:stone_sword":1,"minecraft:torch":12,"minecraft:shears":1},"minecraft:picked_up":{"minecraft:crafting_table":1,"minecraft:wheat":5,"minecraft:chicken":2,"minecraft:clay_ball":124,"minecraft:wooden_pickaxe":5,"minecraft:amethyst_block":55,"minecraft:string":5,"minecraft:raw_copper":296,"minecraft:wooden_sword":2,"minecraft:deepslate_tiles":10,"minecraft:candle":3,"minecraft:cobbled_deepslate":77,"minecraft:bucket":1,"minecraft:beef":4,"minecraft:calcite":44,"minecraft:wooden_shovel":8,"minecraft:melon_slice":77,"minecraft:birch_sapling":2,"minecraft:chest":34,"minecraft:egg":9,"minecraft:furnace":1,"minecraft:golden_helmet":3,"minecraft:tipped_arrow":1,"minecraft:dark_oak_sapling":1,"minecraft:stick":12,"minecraft:raw_iron":51,"minecraft:oak_fence":31,"minecraft:torch":12,"minecraft:diorite":34,"minecraft:carrot":26,"minecraft:arrow":4,"minecraft:rotten_flesh":11,"minecraft:deepslate_bricks":15,"minecraft:white_terracotta":2,"minecraft:mutton":4,"minecraft:snowball":80,"minecraft:white_wool":5,"minecraft:cobblestone":159,"minecraft:birch_log":44,"minecraft:golden_carrot":1,"minecraft:andesite":37,"minecraft:leather":14,"minecraft:birch_planks":3,"minecraft:tuff":19,"minecraft:oak_log":106,"minecraft:lapis_lazuli":58,"minecraft:dirt":219,"man:cassette_1safetyinstructions":3,"minecraft:bone":4,"minecraft:apple":4,"minecraft:bow":1,"minecraft:wheat_seeds":43,"minecraft:raw_gold":23,"minecraft:stone_pickaxe":4,"minecraft:rabbit":1,"minecraft:oak_planks":48,"minecraft:stone_hoe":1,"minecraft:flowering_azalea":1,"minecraft:smooth_basalt":9,"minecraft:pumpkin":7,"minecraft:dripstone_block":2,"minecraft:spruce_sapling":9,"minecraft:grass_block":1,"minecraft:spruce_log":9,"minecraft:dark_oak_log":11,"minecraft:spider_eye":3,"minecraft:leather_helmet":1,"minecraft:pumpkin_seeds":11,"minecraft:diamond":3,"minecraft:stone_axe":1,"minecraft:granite":36,"minecraft:terracotta":2,"minecraft:oak_sapling":12,"minecraft:melon_seeds":2,"minecraft:coal":52},"minecraft:custom":{"minecraft:mob_kills":27,"minecraft:animals_bred":2,"minecraft:interact_with_crafting_table":33,"minecraft:damage_dealt_resisted":174,"minecraft:leave_game":6,"minecraft:time_since_death":1847,"minecraft:damage_resisted":315,"minecraft:sprint_one_cm":191818,"minecraft:walk_one_cm":532100,"minecraft:drop":11,"minecraft:play_time":148089,"minecraft:deaths":13,"minecraft:sneak_time":45056,"minecraft:jump":678,"minecraft:walk_on_water_one_cm":109,"minecraft:total_world_time":148089,"minecraft:interact_with_furnace":25,"minecraft:time_since_rest":1875,"minecraft:damage_taken":5626,"minecraft:damage_dealt":5820,"minecraft:fly_one_cm":124529,"minecraft:open_chest":274,"minecraft:crouch_one_cm":115301,"minecraft:fall_one_cm":6399},"minecraft:broken":{"minecraft:wooden_shovel":1,"minecraft:stone_pickaxe":2,"minecraft:stone_axe":1,"minecraft:wooden_axe":1},"minecraft:dropped":{"minecraft:golden_helmet":2,"minecraft:diamond":1,"minecraft:mushroom_stew":2,"minecraft:wooden_hoe":1,"minecraft:wooden_sword":2,"minecraft:smooth_basalt":2,"minecraft:wooden_shovel":1,"minecraft:written_book":1}},"DataVersion":3120}