{"stats":{"minecraft:used":{"minecraft:stone_sword":60,"minecraft:stone_pickaxe":70,"minecraft:oak_planks":1,"minecraft:wooden_pickaxe":37,"minecraft:wooden_shovel":14,"minecraft:dirt":13,"minecraft:crafting_table":6,"supplementaries:bomb":1,"minecraft:white_bed":2,"minecraft:apple":3,"minecraft:iron_axe":2,"minecraft:iron_pickaxe":1,"hmag:cooked_savagefang_meat":3,"minecraft:stone_axe":12,"minecraft:cobblestone":19,"minecraft:furnace":2,"minecraft:acacia_planks":2},"minecraft:mined":{"minecraft:acacia_leaves":4,"minecraft:white_bed":2,"minecraft:crafting_table":2,"minecraft:acacia_log":10,"minecraft:grass_block":7,"minecraft:tall_grass":1,"minecraft:cobblestone":15,"minecraft:lapis_ore":5,"minecraft:oak_planks":3,"minecraft:spawner":1,"minecraft:furnace":4,"minecraft:iron_ore":19,"evilcraft:dark_ore":1,"minecraft:grass":3,"minecraft:oak_log":7,"minecraft:coal_ore":4,"minecraft:rail":1,"minecraft:dirt":6,"minecraft:cobweb":23,"minecraft:cracked_stone_bricks":3,"minecraft:stone":50,"minecraft:stone_bricks":3,"minecraft:mossy_stone_bricks":2},"minecraft:dropped":{"vampirism:heart_seeker_enhanced":1},"minecraft:killed":{"minecraft:cave_spider":3,"minecraft:creeper":1,"minecraft:skeleton":1,"minecraft:zombie":1,"grimoireofgaia:deathword":1},"minecraft:crafted":{"minecraft:wooden_shovel":1,"minecraft:crafting_table":4,"minecraft:wooden_pickaxe":1,"minecraft:iron_sword":1,"minecraft:stone_axe":1,"minecraft:air":0,"minecraft:white_wool":6,"minecraft:shield":1,"minecraft:iron_axe":1,"minecraft:stick":16,"minecraft:iron_pickaxe":1,"minecraft:iron_ingot":17,"minecraft:stone_pickaxe":1,"minecraft:stone_sword":1,"minecraft:white_bed":2,"minecraft:acacia_planks":40},"minecraft:custom":{"minecraft:interact_with_furnace":13,"minecraft:mob_kills":8,"minecraft:interact_with_crafting_table":18,"minecraft:open_barrel":4,"minecraft:time_since_death":7937,"minecraft:climb_one_cm":9395,"minecraft:time_since_rest":7602,"minecraft:sprint_one_cm":140061,"minecraft:damage_taken":1210,"minecraft:walk_one_cm":59961,"minecraft:drop":1,"minecraft:damage_dealt":1758,"minecraft:damage_dealt_absorbed":40,"minecraft:swim_one_cm":7993,"minecraft:fly_one_cm":191414,"minecraft:player_kills":1,"minecraft:open_chest":17,"minecraft:crouch_one_cm":5126,"minecraft:play_time":35283,"tombstone:undead_killed":2,"minecraft:deaths":4,"minecraft:sneak_time":1920,"minecraft:walk_under_water_one_cm":2191,"minecraft:jump":781,"minecraft:walk_on_water_one_cm":3287,"minecraft:total_world_time":35283,"minecraft:fall_one_cm":18178},"minecraft:picked_up":{"minecraft:crafting_table":2,"paraglider:spirit_orb":2,"minecraft:oak_log":7,"minecraft:gunpowder":1,"minecraft:paper":2,"minecraft:lapis_lazuli":38,"minecraft:dirt":13,"minecraft:string":26,"minecraft:bone":2,"minecraft:apple":3,"minecraft:stone_bricks":3,"minecraft:cracked_stone_bricks":3,"minecraft:wheat_seeds":1,"minecraft:iron_ingot":2,"minecraft:iron_nugget":1,"minecraft:mossy_stone_bricks":2,"minecraft:oak_planks":39,"minecraft:furnace":4,"minecraft:book":1,"minecraft:raw_iron":19,"minecraft:stick":1,"minecraft:acacia_log":10,"minecraft:white_bed":2,"minecraft:spider_eye":1,"minecraft:pumpkin_seeds":2,"minecraft:arrow":2,"evilcraft:dark_gem":5,"evilcraft:condensed_blood":7,"minecraft:coal":92,"minecraft:rail":1,"minecraft:cobblestone":58},"minecraft:killed_by":{"minecraft:player":1,"minecraft:cave_spider":1}},"DataVersion":3120}