{"stats":{"minecraft:mined":{"minecraft:white_bed":10,"minecraft:oak_sapling":3,"minecraft:farmland":65,"minecraft:granite":96,"minecraft:budding_amethyst":26,"minecraft:acacia_log":5,"minecraft:grass_block":89,"minecraft:oak_pressure_plate":1,"minecraft:deepslate_bricks":112,"minecraft:raw_iron_block":1,"minecraft:iron_ore":31,"minecraft:turtle_egg":1,"minecraft:cobbled_deepslate":85,"minecraft:fire":1,"minecraft:pumpkin":8,"minecraft:deepslate_lapis_ore":36,"minecraft:oak_sign":1,"minecraft:spruce_slab":12,"minecraft:melon_stem":1,"minecraft:powder_snow":1,"minecraft:clay":17,"minecraft:torch":43,"minecraft:light_gray_terracotta":13,"minecraft:calcite":68,"minecraft:melon":7,"minecraft:chest":71,"minecraft:cobblestone":23,"minecraft:oak_planks":230,"minecraft:wall_torch":1,"minecraft:amethyst_block":79,"minecraft:deepslate_copper_ore":43,"minecraft:white_terracotta":2,"minecraft:mud":4,"minecraft:birch_log":24,"minecraft:wheat":133,"minecraft:blue_ice":2,"minecraft:pumpkin_stem":11,"minecraft:oak_log":227,"minecraft:oak_fence_gate":2,"minecraft:acacia_fence":2,"minecraft:dirt":95,"minecraft:mangrove_log":1,"minecraft:smooth_basalt":16,"minecraft:raw_copper_block":2,"minecraft:oak_leaves":63,"minecraft:deepslate":178,"minecraft:attached_pumpkin_stem":1,"minecraft:deepslate_tiles":57,"minecraft:diamond_ore":8,"minecraft:tuff":61,"minecraft:mossy_cobblestone":4,"minecraft:deepslate_diamond_ore":13,"minecraft:candle":7,"minecraft:dark_oak_log":34,"minecraft:cobbled_deepslate_slab":2,"minecraft:sandstone":6,"minecraft:moss_block":109,"minecraft:rooted_dirt":29,"minecraft:diorite_slab":3,"minecraft:oak_trapdoor":2,"minecraft:spruce_sapling":2,"minecraft:furnace":2,"minecraft:carrots":164,"minecraft:andesite":36,"minecraft:green_terracotta":12,"minecraft:deepslate_iron_ore":42,"minecraft:stripped_oak_log":5,"minecraft:packed_ice":6,"minecraft:bamboo":3,"minecraft:stone":147,"minecraft:podzol":19,"minecraft:oak_slab":71,"minecraft:snow_block":20,"minecraft:stripped_dark_oak_log":1,"minecraft:oak_fence":90,"minecraft:crafting_table":7,"minecraft:copper_ore":62,"minecraft:deepslate_coal_ore":31,"minecraft:deepslate_gold_ore":34,"minecraft:lapis_ore":13,"minecraft:diorite":78,"minecraft:prismarine_bricks":1,"minecraft:birch_planks":108,"minecraft:ice":1,"minecraft:spruce_log":22,"minecraft:muddy_mangrove_roots":3,"minecraft:coal_ore":35,"minecraft:ochre_froglight":3,"minecraft:dripstone_block":75,"minecraft:terracotta":2,"minecraft:gold_ore":6},"minecraft:killed_by":{"yeti:yeti":8,"endofherobrine:cow":1,"minecraft:creeper":4,"minecraft:polar_bear":1,"old_goatman:old_goatman":4,"minecraft:drowned":1,"bwrtherain:vapor":1,"mimicer:mimicer":4,"midnightlurker:void_hands":3,"minecraft:vindicator":4,"man:managgresive":2,"bwrtherain:rosemary":1,"the_one_who_watches:toww_running":2,"minecraft:zombie":9,"kim_dweller:kim_dweller":8,"minecraft:elder_guardian":1,"minecraft:player":2,"minecraft:spider":2,"endofherobrine:lurker":1,"jacky:jacky":17,"minecraft:slime":1,"cartoon_dweller:cartoon_dweller":10,"minecraft:skeleton":3,"mokey:mokey":12},"minecraft:killed":{"minecraft:witch":6,"minecraft:spider":18,"minecraft:skeleton":479,"minecraft:chicken":4,"minecraft:tropical_fish":2,"minecraft:parrot":1,"minecraft:zombie_villager":8,"bwrtherain:spider_skull":2,"minecraft:creeper":404,"minecraft:sheep":2,"minecraft:goat":1,"minecraft:zombie":422,"minecraft:mooshroom":3,"minecraft:stray":5,"endofherobrine:chicken":1,"endofherobrine:cow":1,"minecraft:cow":3,"minecraft:vex":1,"minecraft:vindicator":3,"minecraft:slime":14,"minecraft:drowned":1,"minecraft:husk":6,"minecraft:rabbit":1,"minecraft:frog":1,"minecraft:squid":1},"minecraft:used":{"minecraft:writable_book":1,"minecraft:spruce_slab":12,"minecraft:oak_sign":1,"minecraft:chest":67,"minecraft:iron_sword":177,"minecraft:carrot":271,"minecraft:tuff":6,"minecraft:axolotl_bucket":2,"minecraft:snowball":79,"minecraft:golden_sword":27,"minecraft:bow":9,"minecraft:written_book":1,"minecraft:oak_sapling":39,"minecraft:furnace":7,"minecraft:acacia_fence":14,"minecraft:egg":32,"minecraft:diorite":13,"minecraft:stone_pickaxe":494,"minecraft:oak_planks":435,"minecraft:wooden_pickaxe":30,"minecraft:sandstone":28,"minecraft:mushroom_stew":57,"minecraft:sponge":2,"minecraft:ochre_froglight":2,"minecraft:pumpkin_seeds":12,"minecraft:oak_pressure_plate":1,"minecraft:wooden_sword":113,"minecraft:ice":1,"minecraft:bone_meal":7,"minecraft:diorite_slab":2,"minecraft:cobweb":2,"minecraft:oak_fence":126,"minecraft:oak_trapdoor":3,"minecraft:stone_sword":395,"minecraft:dried_kelp":3,"minecraft:stone_shovel":85,"minecraft:wooden_shovel":148,"minecraft:cooked_chicken":2,"minecraft:stone_hoe":10,"minecraft:torch":52,"minecraft:dirt":257,"minecraft:spyglass":2,"minecraft:white_carpet":8,"minecraft:hopper":13,"minecraft:golden_chestplate":1,"minecraft:granite":62,"minecraft:small_dripleaf":1,"minecraft:wooden_axe":176,"minecraft:iron_axe":32,"minecraft:melon_seeds":3,"minecraft:bamboo":7,"minecraft:golden_carrot":3,"minecraft:cooked_beef":10,"minecraft:cobbled_deepslate":147,"minecraft:pumpkin":1,"minecraft:calcite":3,"minecraft:wheat_seeds":130,"minecraft:water_bucket":32,"minecraft:amethyst_block":1,"minecraft:birch_planks":66,"minecraft:lead":1,"minecraft:deepslate_bricks":1,"minecraft:mossy_cobblestone":4,"minecraft:oak_slab":761,"minecraft:crafting_table":9,"minecraft:white_bed":15,"minecraft:oak_log":8,"minecraft:wooden_hoe":17,"minecraft:apple":7,"minecraft:iron_pickaxe":1190,"minecraft:leather_helmet":1,"minecraft:spruce_sapling":4,"minecraft:stone_axe":843,"minecraft:cobblestone":9,"minecraft:potion":1,"minecraft:cobbled_deepslate_slab":17,"minecraft:bucket":34,"minecraft:candle":23},"minecraft:crafted":{"minecraft:oak_planks":1000,"minecraft:oak_pressure_plate":1,"minecraft:cooked_chicken":1,"minecraft:hopper":8,"minecraft:raw_copper":45,"minecraft:chest":1,"minecraft:acacia_fence":12,"minecraft:oak_fence":72,"minecraft:golden_sword":1,"minecraft:oak_slab":918,"minecraft:wooden_shovel":3,"minecraft:crafting_table":2,"minecraft:spruce_planks":4,"minecraft:wooden_pickaxe":1,"minecraft:birch_planks":52,"minecraft:wooden_hoe":1,"minecraft:charcoal":3,"minecraft:stick":152,"minecraft:iron_ingot":123,"minecraft:iron_pickaxe":9,"minecraft:stone_sword":5,"minecraft:gold_ingot":121,"minecraft:shears":1,"minecraft:wooden_sword":2,"minecraft:cobbled_deepslate_slab":24,"minecraft:raw_iron":18,"minecraft:stone_shovel":4,"minecraft:furnace":4,"minecraft:bone_meal":12,"minecraft:white_carpet":9,"minecraft:oak_trapdoor":2,"minecraft:spruce_stairs":4,"minecraft:spruce_slab":18,"minecraft:stone_pickaxe":4,"minecraft:dark_oak_planks":4,"minecraft:cooked_beef":11,"minecraft:iron_sword":2,"minecraft:bowl":12,"minecraft:bucket":1,"minecraft:stone_axe":14,"minecraft:air":0,"minecraft:oak_boat":1,"minecraft:white_wool":21,"minecraft:wooden_axe":5,"minecraft:white_bed":7,"minecraft:acacia_planks":20,"minecraft:torch":44,"minecraft:clay":84},"minecraft:picked_up":{"minecraft:seagrass":2,"minecraft:wheat":111,"minecraft:chainmail_boots":4,"minecraft:prismarine_shard":5,"minecraft:lead":16,"minecraft:potion":1,"minecraft:amethyst_block":301,"minecraft:string":90,"minecraft:dead_tube_coral_block":10,"minecraft:ocelot_spawn_egg":2,"minecraft:raw_copper":1437,"minecraft:experience_bottle":12,"minecraft:oak_sign":2,"minecraft:deepslate_tiles":113,"minecraft:cobbled_deepslate":540,"minecraft:bucket":1,"minecraft:spruce_planks":66,"minecraft:written_book":3,"minecraft:calcite":276,"minecraft:azalea":22,"minecraft:wooden_shovel":9,"minecraft:iron_pickaxe":3,"minecraft:melon_slice":119,"minecraft:mangrove_log":2,"minecraft:furnace":3,"minecraft:tipped_arrow":3,"minecraft:golden_helmet":3,"minecraft:stick":45,"minecraft:acacia_fence":2,"minecraft:big_dripleaf":24,"minecraft:oak_fence":100,"minecraft:torch":55,"minecraft:acacia_log":23,"minecraft:spruce_stairs":4,"minecraft:pointed_dripstone":17,"minecraft:diorite":229,"minecraft:vine":6,"minecraft:golden_chestplate":2,"minecraft:green_terracotta":33,"minecraft:rabbit_foot":2,"minecraft:stone_sword":1,"minecraft:rotten_flesh":933,"minecraft:tropical_fish":27,"minecraft:music_disc_ward":2,"minecraft:cyan_terracotta":9,"minecraft:white_terracotta":35,"minecraft:cod":2,"minecraft:snowball":346,"minecraft:cobblestone":324,"minecraft:sponge":16,"minecraft:birch_log":76,"minecraft:muddy_mangrove_roots":3,"minecraft:feather":43,"minecraft:cooked_beef":3,"minecraft:jungle_log":7,"minecraft:water_bucket":2,"minecraft:andesite":195,"minecraft:golden_leggings":1,"minecraft:tuff":141,"minecraft:prismarine_bricks":81,"minecraft:wandering_trader_spawn_egg":2,"minecraft:horn_coral":3,"minecraft:map":1,"minecraft:lapis_lazuli":1082,"minecraft:dirt":334,"minecraft:leather_boots":6,"minecraft:bone":866,"minecraft:gray_terracotta":16,"minecraft:bow":47,"minecraft:wheat_seeds":332,"minecraft:small_dripleaf":32,"minecraft:raw_gold":42,"minecraft:cobbled_deepslate_slab":2,"minecraft:rabbit":2,"minecraft:bamboo":77,"minecraft:moss_block":493,"minecraft:prismarine":118,"minecraft:oak_planks":419,"minecraft:stone_hoe":3,"minecraft:glow_lichen":7,"minecraft:music_disc_13":2,"minecraft:lime_terracotta":4,"minecraft:oak_pressure_plate":1,"minecraft:ink_sac":3,"minecraft:grass_block":2,"minecraft:dark_oak_log":76,"minecraft:mossy_cobblestone":43,"minecraft:dark_prismarine":52,"minecraft:light_gray_terracotta":39,"minecraft:blue_terracotta":23,"minecraft:clay":85,"minecraft:diamond":71,"minecraft:dead_brain_coral_block":20,"minecraft:granite":63,"minecraft:bone_meal":18,"minecraft:golden_apple":7,"minecraft:white_concrete":4,"minecraft:emerald":37,"minecraft:bread":2,"minecraft:cyan_dye":2,"minecraft:rooted_dirt":41,"minecraft:oak_sapling":221,"minecraft:mud":3,"minecraft:blaze_spawn_egg":3,"minecraft:crafting_table":9,"minecraft:bubble_coral_fan":1,"minecraft:chicken":10,"minecraft:clay_ball":284,"minecraft:leather_leggings":3,"minecraft:brown_mushroom":2,"minecraft:wooden_pickaxe":5,"minecraft:diorite_slab":8,"minecraft:dead_horn_coral_block":13,"minecraft:oak_trapdoor":1,"minecraft:iron_axe":1,"minecraft:wooden_sword":2,"minecraft:white_carpet":3,"minecraft:iron_shovel":1,"minecraft:blue_orchid":5,"minecraft:candle":29,"minecraft:music_disc_otherside":1,"minecraft:beef":11,"minecraft:oak_boat":4,"minecraft:spruce_slab":11,"minecraft:chest":120,"minecraft:birch_sapling":6,"minecraft:raw_copper_block":7,"minecraft:egg":28,"minecraft:dark_oak_sapling":22,"minecraft:sandstone":1,"minecraft:raw_iron":86,"minecraft:bowl":3,"minecraft:music_disc_mellohi":3,"minecraft:amethyst_cluster":23,"minecraft:frog_spawn_egg":3,"minecraft:music_disc_11":2,"minecraft:trident":2,"minecraft:carrot":661,"minecraft:redstone":45,"minecraft:prismarine_crystals":89,"minecraft:dark_oak_planks":4,"minecraft:arrow":864,"minecraft:tube_coral_fan":1,"minecraft:shears":1,"minecraft:deepslate_bricks":317,"minecraft:yellow_terracotta":8,"minecraft:gold_ingot":113,"minecraft:glow_berries":30,"minecraft:mutton":12,"minecraft:white_wool":7,"minecraft:rail":4,"minecraft:stripped_oak_log":5,"minecraft:golden_carrot":3,"minecraft:glow_ink_sac":15,"minecraft:salmon":4,"minecraft:leather":55,"minecraft:music_disc_stal":1,"minecraft:red_mushroom":15,"minecraft:ochre_froglight":3,"minecraft:birch_planks":51,"minecraft:mushroom_stew":3,"minecraft:oak_log":325,"minecraft:lily_pad":3,"minecraft:golden_boots":7,"minecraft:gunpowder":727,"minecraft:paper":6,"man:cassette_1safetyinstructions":5,"minecraft:orange_terracotta":8,"minecraft:apple":42,"minecraft:kelp":1,"minecraft:red_sandstone":11,"minecraft:rabbit_hide":10,"minecraft:spore_blossom":7,"minecraft:iron_ingot":101,"minecraft:oak_fence_gate":2,"minecraft:stone_pickaxe":5,"minecraft:cooked_chicken":1,"minecraft:glass_bottle":2,"minecraft:flowering_azalea":4,"minecraft:green_dye":6,"minecraft:book":4,"minecraft:oak_slab":62,"minecraft:smooth_basalt":111,"minecraft:pumpkin":21,"minecraft:budding_amethyst":4,"minecraft:dripstone_block":325,"minecraft:dandelion":5,"minecraft:spyglass":2,"minecraft:raw_iron_block":2,"minecraft:dead_fire_coral_block":12,"minecraft:amethyst_shard":20,"minecraft:spruce_sapling":56,"minecraft:white_bed":8,"minecraft:spruce_log":53,"minecraft:spider_eye":28,"minecraft:leather_helmet":3,"minecraft:pumpkin_seeds":13,"minecraft:dried_kelp_block":6,"minecraft:slime_ball":15,"minecraft:stone_axe":2,"minecraft:dead_bubble_coral_block":9,"minecraft:scute":1,"minecraft:terracotta":48,"minecraft:melon_seeds":2,"minecraft:stripped_dark_oak_log":1,"minecraft:coal":190,"minecraft:hopper":5,"minecraft:wooden_axe":1},"minecraft:custom":{"minecraft:animals_bred":50,"minecraft:interact_with_crafting_table":163,"minecraft:leave_game":11,"minecraft:time_since_death":407,"minecraft:damage_resisted":315,"minecraft:sprint_one_cm":1454242,"minecraft:drop":117,"minecraft:talked_to_villager":12,"minecraft:play_time":607223,"minecraft:deaths":112,"minecraft:jump":5673,"minecraft:walk_on_water_one_cm":53004,"minecraft:interact_with_furnace":93,"minecraft:sleep_in_bed":2,"minecraft:damage_dealt":28949,"minecraft:crouch_one_cm":352541,"minecraft:horse_one_cm":5520,"minecraft:mob_kills":1418,"minecraft:inspect_hopper":1,"minecraft:damage_dealt_resisted":1435,"minecraft:walk_one_cm":1581111,"minecraft:sneak_time":132339,"minecraft:walk_under_water_one_cm":65804,"minecraft:total_world_time":607223,"minecraft:time_since_rest":436,"minecraft:damage_taken":30135051,"minecraft:swim_one_cm":13137,"minecraft:fly_one_cm":1173909,"minecraft:open_chest":2078,"minecraft:fall_one_cm":82751},"minecraft:broken":{"minecraft:golden_boots":1,"minecraft:wooden_shovel":2,"minecraft:golden_leggings":1,"minecraft:stone_pickaxe":3,"minecraft:golden_sword":1,"minecraft:wooden_sword":1,"minecraft:stone_axe":5,"minecraft:wooden_axe":3,"minecraft:golden_chestplate":1,"minecraft:leather_helmet":1,"minecraft:stone_sword":2,"minecraft:chainmail_helmet":1,"minecraft:leather_chestplate":1,"minecraft:leather_boots":1,"minecraft:iron_pickaxe":3},"minecraft:dropped":{"minecraft:lapis_lazuli":17,"minecraft:glass_bottle":1,"minecraft:diamond":1,"minecraft:crafting_table":1,"minecraft:dark_oak_sapling":3,"minecraft:glow_berries":3,"minecraft:leather":17,"minecraft:rail":2,"minecraft:dirt":1,"minecraft:mutton":2,"minecraft:wooden_sword":2,"minecraft:bone_meal":9,"minecraft:iron_pickaxe":1,"minecraft:bone":1,"minecraft:stone_axe":1,"minecraft:spyglass":1,"minecraft:cobbled_deepslate":111,"minecraft:rotten_flesh":14,"minecraft:oak_planks":162,"minecraft:carrot":192,"minecraft:rabbit_foot":1,"minecraft:gunpowder":8,"minecraft:azalea":7,"minecraft:chest":2,"minecraft:leather_leggings":2,"minecraft:spruce_slab":1,"minecraft:written_book":2,"minecraft:stone_hoe":1,"minecraft:bread":2,"minecraft:oak_slab":93,"minecraft:wheat_seeds":11,"minecraft:golden_helmet":2,"minecraft:oak_fence":3,"minecraft:lead":5,"minecraft:mushroom_stew":2,"minecraft:stick":2,"minecraft:wooden_hoe":1,"minecraft:pumpkin":4,"minecraft:paper":3,"minecraft:smooth_basalt":2,"minecraft:blue_terracotta":3,"minecraft:stone_sword":1,"minecraft:clay_ball":8,"minecraft:cobbled_deepslate_slab":1,"minecraft:deepslate_bricks":1,"minecraft:muddy_mangrove_roots":3,"minecraft:oak_boat":1,"minecraft:wooden_shovel":1,"minecraft:bamboo":25,"minecraft:bow":2,"minecraft:stone_pickaxe":1,"minecraft:amethyst_cluster":2}},"DataVersion":3120}