{"stats":{"minecraft:crafted":{"minecraft:cooked_beef":4,"minecraft:oak_planks":320,"minecraft:wooden_shovel":2,"minecraft:crafting_table":1,"minecraft:wooden_pickaxe":1,"minecraft:bowl":4,"minecraft:furnace":1,"minecraft:birch_planks":40,"minecraft:stone_axe":1,"minecraft:air":0,"minecraft:wooden_hoe":1,"minecraft:charcoal":3,"minecraft:stick":24,"minecraft:stone_pickaxe":1,"minecraft:wooden_axe":2,"minecraft:stone_sword":1,"minecraft:torch":12,"minecraft:oak_fence":27},"minecraft:custom":{"minecraft:interact_with_furnace":22,"minecraft:mob_kills":18,"minecraft:interact_with_crafting_table":23,"minecraft:leave_game":2,"minecraft:time_since_death":28603,"minecraft:damage_resisted":315,"minecraft:time_since_rest":28633,"minecraft:sprint_one_cm":90506,"minecraft:damage_taken":2494,"minecraft:walk_one_cm":343201,"minecraft:drop":4,"minecraft:damage_dealt":3059,"minecraft:fly_one_cm":53205,"minecraft:open_chest":153,"minecraft:crouch_one_cm":78406,"minecraft:play_time":88490,"minecraft:deaths":6,"minecraft:sneak_time":26698,"minecraft:jump":307,"minecraft:total_world_time":88490,"minecraft:fall_one_cm":3160},"minecraft:killed_by":{"minecraft:zombie":2,"jacky:jacky":1,"yeti:yeti":2},"minecraft:broken":{"minecraft:stone_pickaxe":2,"minecraft:wooden_shovel":1,"minecraft:wooden_axe":1},"minecraft:mined":{"minecraft:melon_stem":1,"minecraft:oak_fence":27,"minecraft:clay":13,"minecraft:granite":25,"minecraft:grass_block":66,"minecraft:calcite":11,"minecraft:melon":7,"minecraft:chest":16,"minecraft:copper_ore":26,"minecraft:oak_planks":18,"minecraft:diorite":30,"minecraft:amethyst_block":16,"minecraft:birch_planks":10,"minecraft:spruce_sapling":2,"minecraft:carrots":3,"minecraft:iron_ore":15,"minecraft:birch_log":12,"minecraft:wheat":7,"minecraft:andesite":12,"minecraft:pumpkin_stem":4,"minecraft:pumpkin":3,"minecraft:oak_log":37,"minecraft:coal_ore":19,"minecraft:dirt":40,"minecraft:packed_ice":1,"minecraft:smooth_basalt":2,"minecraft:stone":59,"minecraft:podzol":12},"minecraft:dropped":{"minecraft:mushroom_stew":2,"minecraft:wooden_hoe":1,"minecraft:smooth_basalt":2},"minecraft:used":{"minecraft:wheat_seeds":15,"minecraft:oak_fence":44,"minecraft:water_bucket":1,"minecraft:stone_sword":37,"minecraft:birch_planks":60,"minecraft:stone_pickaxe":202,"minecraft:oak_planks":194,"minecraft:chest":8,"minecraft:wooden_pickaxe":30,"minecraft:wooden_shovel":89,"minecraft:dirt":113,"minecraft:crafting_table":1,"minecraft:mushroom_stew":14,"minecraft:carrot":5,"minecraft:pumpkin_seeds":4,"minecraft:wooden_axe":86,"minecraft:wooden_hoe":17,"minecraft:spruce_sapling":4,"minecraft:melon_seeds":3,"minecraft:stone_axe":59,"minecraft:furnace":2,"minecraft:oak_sapling":3,"minecraft:egg":12},"minecraft:killed":{"minecraft:spider":4,"minecraft:rabbit":1,"minecraft:sheep":1,"minecraft:zombie":4,"minecraft:mooshroom":2,"minecraft:stray":2},"minecraft:picked_up":{"minecraft:birch_log":42,"minecraft:crafting_table":1,"minecraft:wheat":2,"minecraft:chicken":2,"minecraft:golden_carrot":1,"minecraft:clay_ball":120,"minecraft:andesite":31,"minecraft:leather":14,"minecraft:wooden_pickaxe":5,"minecraft:birch_planks":3,"minecraft:oak_log":74,"minecraft:amethyst_block":28,"minecraft:string":5,"minecraft:dirt":199,"minecraft:raw_copper":223,"man:cassette_1safetyinstructions":3,"minecraft:apple":4,"minecraft:wheat_seeds":11,"minecraft:bucket":1,"minecraft:beef":4,"minecraft:stone_pickaxe":1,"minecraft:calcite":22,"minecraft:wooden_shovel":8,"minecraft:rabbit":1,"minecraft:melon_slice":77,"minecraft:chest":29,"minecraft:birch_sapling":2,"minecraft:oak_planks":6,"minecraft:flowering_azalea":1,"minecraft:furnace":1,"minecraft:egg":8,"minecraft:stick":12,"minecraft:raw_iron":27,"minecraft:smooth_basalt":4,"minecraft:pumpkin":5,"minecraft:oak_fence":31,"minecraft:torch":7,"minecraft:carrot":5,"minecraft:spruce_sapling":9,"minecraft:grass_block":1,"minecraft:diorite":30,"minecraft:spider_eye":3,"minecraft:pumpkin_seeds":3,"minecraft:rotten_flesh":6,"minecraft:granite":26,"minecraft:oak_sapling":8,"minecraft:melon_seeds":2,"minecraft:mutton":2,"minecraft:coal":36,"minecraft:white_wool":1,"minecraft:cobblestone":128}},"DataVersion":3120}