{"stats":{"minecraft:used":{"minecraft:stone_sword":12,"minecraft:shield":2,"minecraft:iron_sword":90,"minecraft:cooked_chicken":1,"minecraft:wooden_axe":6,"minecraft:furnace":8,"croptopia:garlic":1,"tombstone:gift":2,"grimoireofgaia:meat":1,"minecraft:acacia_planks":1,"minecraft:cooked_mutton":2,"minecraft:stone_pickaxe":181,"minecraft:baked_potato":14,"farmersdelight:golden_knife":1,"minecraft:wooden_pickaxe":14,"minecraft:crafting_table":9,"minecraft:white_bed":1,"sophisticatedbackpacks:backpack":2,"minecraft:bread":4,"minecraft:iron_pickaxe":137,"minecraft:stone_axe":80,"exoticbirds:cooked_birdmeat":2,"minecraft:cobblestone":42,"minecraft:cooked_porkchop":1,"minecraft:andesite":2,"minecraft:yellow_bed":9,"minecraft:oak_boat":1},"minecraft:killed_by":{"minecraft:player":1,"minecraft:spider":1,"grimoireofgaia:cobble_golem":1,"minecraft:silverfish":1,"minecraft:cave_spider":2,"minecraft:zombie":1,"minecraft:vex":1},"minecraft:killed":{"minecraft:spider":12,"exoticbirds:gull":3,"naturalist:snail":1,"grimoireofgaia:goblin":1,"minecraft:skeleton":6,"minecraft:chicken":8,"minecraft:pig":10,"naturalist:snake":1,"minecraft:sheep":2,"minecraft:zombie":5,"exoticbirds:swan":1,"exoticbirds:peafowl":1},"minecraft:dropped":{"minecraft:iron_helmet":1,"croptopia:grape":1,"bossominium:the_bossdexium":2,"farmersdelight:golden_knife":1,"tombstone:grave_dust":5,"minecraft:iron_leggings":1,"minecraft:iron_pickaxe":1,"minecraft:white_wool":2,"minecraft:golden_chestplate":2,"tombstone:gift":1,"minecraft:iron_boots":1,"sophisticatedbackpacks:backpack":2,"guideapi_vp:vampirism-guidebook":2,"minecraft:infested_stone_bricks":1,"minecraft:flint_and_steel":1,"minecraft:shield":1,"minecraft:spider_eye":1},"minecraft:mined":{"minecraft:white_bed":1,"croptopia:grape_crop":1,"minecraft:jungle_leaves":4,"minecraft:dark_oak_pressure_plate":1,"minecraft:granite":2,"minecraft:acacia_log":4,"minecraft:grass_block":7,"minecraft:jungle_log":7,"croptopia:coffee_crop":1,"minecraft:hay_block":15,"minecraft:furnace":8,"minecraft:iron_ore":60,"minecraft:andesite":2,"blue_skies:spider_webbing":6,"minecraft:bamboo":1,"minecraft:stone":83,"sophisticatedbackpacks:backpack":2,"minecraft:white_wool":2,"minecraft:oak_slab":1,"croptopia:sweetpotato_crop":1,"minecraft:crafting_table":7,"minecraft:blast_furnace":1,"minecraft:emerald_ore":1,"croptopia:cinnamon_log":7,"croptopia:garlic_crop":1,"minecraft:cobblestone":4,"minecraft:diorite":9,"minecraft:dark_oak_slab":1,"croptopia:peanut_crop":1,"atlantis:aquamarine_ore":8,"minecraft:yellow_bed":9,"minecraft:grass":11,"croptopia:hops_crop":1,"minecraft:oak_log":17,"minecraft:coal_ore":148,"minecraft:sunflower":1,"structure_gel:dynamic_spawner":3,"minecraft:cobweb":14,"minecraft:oak_leaves":9,"minecraft:fern":1},"minecraft:picked_up":{"minecraft:crafting_table":7,"croptopia:cinnamon_log":7,"minecraft:chicken":8,"croptopia:peach":5,"croptopia:grape_seed":2,"croptopia:sweetpotato_seed":1,"minecraft:string":20,"minecraft:dark_oak_pressure_plate":1,"minecraft:flint_and_steel":1,"minecraft:iron_nugget":1,"minecraft:iron_pickaxe":1,"minecraft:furnace":8,"minecraft:stick":2,"minecraft:raw_iron":60,"grimoireofgaia:meat":1,"minecraft:acacia_log":4,"sophisticatedbackpacks:backpack":4,"minecraft:porkchop":18,"croptopia:ginger_seed":1,"tombstone:grave_dust":4,"minecraft:diorite":7,"minecraft:golden_chestplate":1,"croptopia:coffee_seed":1,"croptopia:grape":1,"minecraft:arrow":6,"minecraft:rotten_flesh":3,"minecraft:hay_block":15,"minecraft:mutton":2,"minecraft:cobblestone":87,"croptopia:garlic_seed":2,"exoticbirds:raw_birdmeat":14,"minecraft:white_wool":9,"minecraft:feather":12,"minecraft:jungle_log":7,"minecraft:andesite":2,"minecraft:leather":5,"minecraft:oak_log":17,"minecraft:yellow_bed":9,"minecraft:dirt":5,"exoticbirds:cooked_birdmeat":2,"croptopia:garlic":1,"minecraft:bone":10,"croptopia:sweetpotato":1,"minecraft:bow":1,"minecraft:wheat_seeds":1,"guideapi_vp:vampirism-guidebook":1,"minecraft:iron_ingot":5,"minecraft:bamboo":9,"croptopia:peanut_seed":2,"croptopia:peanut":1,"minecraft:dark_oak_slab":1,"croptopia:ginger":1,"croptopia:hops":1,"minecraft:white_bed":1,"croptopia:coffee_beans":1,"minecraft:spider_eye":3,"croptopia:hops_seed":2,"minecraft:slime_ball":1,"bossominium:the_bossdexium":1,"minecraft:granite":2,"minecraft:emerald":1,"minecraft:coal":494,"atlantis:aquamarine_gem":8,"minecraft:sunflower":1},"minecraft:crafted":{"minecraft:oak_planks":68,"minecraft:cooked_chicken":4,"minecraft:cooked_mutton":2,"minecraft:iron_boots":2,"minecraft:stone_pickaxe":2,"minecraft:chest":1,"minecraft:wheat":54,"sophisticatedbackpacks:backpack":1,"minecraft:cooked_porkchop":15,"minecraft:crafting_table":4,"minecraft:wooden_pickaxe":1,"minecraft:iron_helmet":2,"minecraft:iron_sword":1,"minecraft:stone_axe":1,"minecraft:air":0,"minecraft:oak_boat":1,"minecraft:shield":2,"minecraft:stick":16,"minecraft:iron_pickaxe":1,"minecraft:iron_ingot":51,"minecraft:wooden_axe":1,"minecraft:stone_sword":1,"minecraft:iron_leggings":2,"minecraft:white_bed":1,"minecraft:acacia_planks":16},"minecraft:custom":{"minecraft:mob_kills":53,"minecraft:interact_with_crafting_table":22,"minecraft:open_barrel":10,"minecraft:leave_game":4,"minecraft:time_since_death":2540,"minecraft:climb_one_cm":4099,"minecraft:sprint_one_cm":276787,"minecraft:walk_one_cm":144563,"minecraft:damage_blocked_by_shield":40,"minecraft:drop":21,"minecraft:damage_dealt_absorbed":294,"minecraft:talked_to_villager":1,"minecraft:play_time":117498,"minecraft:deaths":8,"minecraft:sneak_time":4646,"minecraft:walk_under_water_one_cm":6416,"minecraft:boat_one_cm":19781,"minecraft:jump":2537,"minecraft:interact_with_blast_furnace":2,"minecraft:walk_on_water_one_cm":6163,"minecraft:total_world_time":117498,"minecraft:interact_with_furnace":29,"minecraft:sleep_in_bed":9,"minecraft:time_since_rest":1109,"minecraft:waystone_activated":1,"minecraft:damage_taken":2893,"tombstone:sneak_grave":1,"minecraft:damage_dealt":6911,"minecraft:swim_one_cm":4083,"minecraft:fly_one_cm":489814,"minecraft:player_kills":1,"minecraft:open_chest":15,"minecraft:crouch_one_cm":10315,"tombstone:undead_killed":11,"minecraft:fall_one_cm":72287},"minecraft:broken":{"minecraft:stone_pickaxe":1}},"DataVersion":3120}