{"stats":{"minecraft:dropped":{"minecraft:birch_planks":1,"minecraft:wheat_seeds":7,"minecraft:iron_helmet":1,"minecraft:leather_helmet":1,"minecraft:ink_sac":2,"minecraft:wooden_axe":1,"minecraft:dandelion":1,"minecraft:stone_sword":1,"minecraft:rotten_flesh":3,"minecraft:cooked_mutton":1,"minecraft:leather_chestplate":2,"minecraft:bow":1,"minecraft:stone_pickaxe":1,"minecraft:wooden_pickaxe":1},"minecraft:picked_up":{"minecraft:crafting_table":4,"minecraft:wheat":2,"minecraft:azure_bluet":2,"minecraft:chicken":5,"minecraft:smithing_table":1,"minecraft:brewing_stand":2,"minecraft:amethyst_block":2,"minecraft:cornflower":2,"minecraft:string":5,"minecraft:raw_copper":4,"minecraft:cobbled_deepslate":58,"minecraft:beef":27,"minecraft:calcite":1,"minecraft:poppy":3,"minecraft:sugar_cane":37,"minecraft:egg":1,"minecraft:furnace":5,"minecraft:stick":1,"minecraft:raw_iron":117,"minecraft:torch":34,"minecraft:porkchop":39,"minecraft:diorite":24,"minecraft:carrot":31,"minecraft:redstone":98,"minecraft:rotten_flesh":29,"minecraft:arrow":22,"minecraft:beetroot_seeds":4,"minecraft:hay_block":17,"minecraft:mutton":10,"minecraft:white_wool":7,"minecraft:cobblestone":201,"minecraft:birch_log":6,"minecraft:leather_chestplate":1,"minecraft:feather":4,"minecraft:cooked_beef":3,"minecraft:andesite":5,"minecraft:leather":18,"minecraft:potato":13,"minecraft:birch_planks":1,"minecraft:tuff":2,"minecraft:oak_log":20,"minecraft:gunpowder":2,"minecraft:lapis_lazuli":96,"minecraft:dirt":243,"minecraft:cooked_mutton":10,"minecraft:bone":29,"minecraft:apple":2,"minecraft:stonecutter":1,"minecraft:bow":3,"minecraft:wheat_seeds":82,"minecraft:raw_gold":28,"minecraft:bell":2,"minecraft:grindstone":1,"minecraft:oak_planks":11,"minecraft:smooth_basalt":1,"minecraft:cooked_porkchop":29,"minecraft:pumpkin":10,"minecraft:dandelion":13,"minecraft:amethyst_shard":4,"minecraft:ink_sac":2,"minecraft:white_bed":9,"minecraft:spider_eye":4,"minecraft:leather_helmet":1,"minecraft:diamond":15,"minecraft:granite":5,"minecraft:golden_apple":1,"minecraft:oak_sapling":3,"minecraft:coal":178},"minecraft:killed":{"minecraft:spider":6,"minecraft:skeleton":24,"minecraft:chicken":5,"minecraft:pig":19,"minecraft:creeper":3,"minecraft:sheep":7,"minecraft:zombie":30,"minecraft:cow":13},"minecraft:broken":{"minecraft:stone_pickaxe":2,"minecraft:stone_axe":1,"minecraft:iron_pickaxe":1},"minecraft:used":{"minecraft:stone_sword":26,"minecraft:iron_shovel":204,"minecraft:poppy":3,"minecraft:chest":4,"minecraft:shield":47,"minecraft:iron_sword":188,"minecraft:bell":2,"minecraft:cooked_chicken":5,"minecraft:torch":158,"minecraft:brewing_stand":2,"minecraft:dirt":118,"minecraft:carrot":31,"minecraft:tuff":2,"minecraft:granite":5,"minecraft:azure_bluet":1,"minecraft:iron_hoe":104,"minecraft:wooden_axe":9,"minecraft:smooth_basalt":1,"minecraft:bow":3,"minecraft:oak_sapling":5,"minecraft:furnace":7,"minecraft:beetroot_seeds":4,"minecraft:egg":1,"minecraft:potato":23,"minecraft:cooked_beef":27,"minecraft:cobbled_deepslate":56,"minecraft:calcite":1,"minecraft:wheat_seeds":59,"minecraft:water_bucket":21,"minecraft:amethyst_block":2,"minecraft:stone_pickaxe":333,"minecraft:oak_planks":12,"minecraft:wooden_pickaxe":35,"minecraft:stonecutter":1,"minecraft:white_wool":7,"minecraft:crafting_table":5,"minecraft:white_bed":9,"minecraft:cornflower":1,"minecraft:bread":2,"minecraft:iron_pickaxe":314,"minecraft:stone_axe":98,"minecraft:cobblestone":17,"minecraft:grindstone":1,"minecraft:cooked_porkchop":13,"minecraft:smithing_table":1,"minecraft:bucket":22,"minecraft:dandelion":8},"minecraft:custom":{"minecraft:mob_kills":110,"minecraft:interact_with_crafting_table":20,"minecraft:bell_ring":18,"minecraft:leave_game":2,"minecraft:time_since_death":139959,"minecraft:sprint_one_cm":457010,"minecraft:walk_one_cm":300531,"minecraft:damage_blocked_by_shield":953,"minecraft:drop":17,"minecraft:talked_to_villager":5,"minecraft:play_time":139959,"minecraft:sneak_time":2547,"minecraft:walk_under_water_one_cm":9205,"minecraft:jump":4292,"minecraft:walk_on_water_one_cm":29828,"minecraft:total_world_time":139959,"minecraft:interact_with_furnace":52,"minecraft:sleep_in_bed":9,"minecraft:time_since_rest":193,"minecraft:damage_taken":2804,"minecraft:damage_dealt":14853,"minecraft:swim_one_cm":14230,"minecraft:fly_one_cm":984468,"minecraft:open_chest":47,"minecraft:crouch_one_cm":3638,"minecraft:fall_one_cm":123612},"minecraft:crafted":{"minecraft:oak_planks":64,"minecraft:cooked_chicken":5,"minecraft:furnace":2,"minecraft:iron_boots":1,"minecraft:iron_hoe":1,"minecraft:stone_pickaxe":3,"minecraft:chest":4,"minecraft:cooked_beef":24,"minecraft:cooked_porkchop":10,"minecraft:crafting_table":1,"minecraft:iron_helmet":1,"minecraft:wooden_pickaxe":1,"minecraft:iron_sword":1,"minecraft:bucket":1,"minecraft:birch_planks":24,"minecraft:stone_axe":1,"minecraft:air":0,"minecraft:iron_chestplate":1,"minecraft:shield":1,"minecraft:stick":56,"minecraft:iron_ingot":100,"minecraft:iron_pickaxe":3,"minecraft:wooden_axe":1,"minecraft:stone_sword":1,"minecraft:iron_shovel":1,"minecraft:gold_ingot":28,"minecraft:iron_leggings":1,"minecraft:torch":124},"minecraft:mined":{"minecraft:large_amethyst_bud":1,"minecraft:tuff":2,"minecraft:white_bed":6,"minecraft:deepslate_diamond_ore":14,"minecraft:brewing_stand":2,"minecraft:granite":5,"minecraft:budding_amethyst":5,"minecraft:grass_block":188,"minecraft:hay_block":17,"minecraft:redstone_ore":7,"minecraft:furnace":5,"minecraft:carrots":32,"minecraft:iron_ore":51,"minecraft:cobbled_deepslate":3,"minecraft:andesite":5,"minecraft:pumpkin":10,"minecraft:deepslate_lapis_ore":16,"minecraft:azure_bluet":2,"minecraft:bell":2,"minecraft:potatoes":13,"minecraft:deepslate_iron_ore":65,"minecraft:dirt_path":4,"minecraft:small_amethyst_bud":3,"minecraft:stone":200,"minecraft:smithing_table":1,"minecraft:deepslate_redstone_ore":15,"minecraft:medium_amethyst_bud":2,"minecraft:amethyst_cluster":1,"minecraft:dandelion":11,"minecraft:crafting_table":4,"minecraft:cornflower":2,"minecraft:torch":7,"minecraft:short_grass":180,"minecraft:calcite":1,"minecraft:poppy":3,"minecraft:cobblestone":8,"minecraft:copper_ore":2,"minecraft:tall_grass":9,"minecraft:deepslate_gold_ore":19,"minecraft:grindstone":1,"minecraft:oak_planks":11,"minecraft:sugar_cane":16,"minecraft:diorite":24,"minecraft:wall_torch":8,"minecraft:amethyst_block":2,"minecraft:birch_planks":1,"minecraft:birch_log":6,"minecraft:wheat":55,"minecraft:coal_ore":159,"minecraft:oak_log":15,"minecraft:beetroots":4,"minecraft:dirt":33,"minecraft:smooth_basalt":1,"minecraft:stonecutter":1,"minecraft:gold_ore":9,"minecraft:oak_leaves":6,"minecraft:deepslate":48}},"DataVersion":3953}