{"stats":{"minecraft:broken":{"minecraft:stone_pickaxe":1,"minecraft:iron_pickaxe":1},"minecraft:killed_by":{"gothic:molerat_young":1,"gothic:scavenger":1,"gothic:scavenger_young":1,"gothic:gothic_wolf":1,"grimoireofgaia:kobold":1,"gothic:snapper":1},"minecraft:killed":{"myceliummire:puffshroom":2,"naturalist:robin":2,"gothic:molerat_young":2,"minecraft:chicken":4,"myceliummire:megafung":2,"minecraft:silverfish":8,"minecraft:pig":2,"minecraft:creeper":2,"minecraft:sheep":4,"minecraft:zombie":2,"alexsmobs:terrapin":2,"grimoireofgaia:werecat":2},"minecraft:dropped":{"oaks_decor:throwable_pebble":1,"minecraft:cooked_beef":4,"minecraft:diamond":1,"tombstone:grave_key":3,"minecraft:filled_map":1,"minecraft:shield":2,"minecraft:iron_chestplate":1,"minecraft:arrow":5},"minecraft:used":{"minecraft:stone_sword":34,"minecraft:chest":1,"minecraft:shield":5,"minecraft:iron_sword":7,"dynamictrees:oak_seed":2,"minecraft:stick":8,"minecraft:torch":15,"minecraft:dirt":15,"minecraft:hopper":1,"gothic:giant_river_plant":1,"minecraft:tuff":10,"minecraft:granite":1,"minecraft:wooden_axe":4,"gothic:guardian_table":1,"vampirism:item_tent":4,"butchercraft:cooked_lamb_scraps":2,"minecraft:lantern":1,"blue_skies:maple_crafting_table":1,"evilcraft:flesh_humanoid":1,"minecraft:bow":4,"minecraft:sweet_berries":46,"minecraft:furnace":5,"tombstone:gift":4,"minecraft:cooked_beef":5,"minecraft:cobbled_deepslate":4,"minecraft:golden_axe":6,"minecraft:diorite":5,"minecraft:stone_pickaxe":223,"minecraft:baked_potato":2,"minecraft:oak_planks":3,"gothic:black_mushroom_item":1,"create:crimsite":2,"minecraft:wooden_pickaxe":11,"gothic:meat_cooked":6,"minecraft:crafting_table":1,"minecraft:red_mushroom":1,"minecraft:bread":2,"minecraft:iron_pickaxe":250,"minecraft:map":1,"butchercraft:lamb_scraps":3,"minecraft:stone_axe":26,"minecraft:cobblestone":64,"butchercraft:cooked_chicken_scraps":1,"croptopia:blackberry":1,"minecraft:andesite":2,"minecraft:polished_blackstone_button":1,"minecraft:yellow_bed":1,"minecraft:coarse_dirt":1},"minecraft:picked_up":{"minecraft:charcoal":6,"minecraft:coarse_dirt":1,"minecraft:crafting_table":1,"gothic:black_mushroom_item":1,"butchercraft:pork_scraps":2,"tombstone:grave_key":2,"minecraft:shield":1,"minecraft:cobbled_deepslate":95,"minecraft:comparator":1,"minecraft:spruce_planks":1,"minecraft:beef":12,"minecraft:redstone_torch":2,"minecraft:iron_nugget":1,"dynamictrees:oak_seed":17,"gothic:snapperweed":4,"minecraft:coal_block":6,"minecraft:sugar_cane":4,"gothic:guardian_table":1,"minecraft:furnace":8,"minecraft:stick":39,"minecraft:raw_iron":19,"minecraft:oak_door":1,"minecraft:torch":3,"croptopia:blackberry_seed":1,"oaks_decor:throwable_pebble":7,"tombstone:grave_dust":1,"minecraft:diorite":5,"minecraft:cauldron":1,"minecraft:stone_pressure_plate":2,"butchercraft:chicken_scraps":1,"minecraft:arrow":3,"minecraft:rotten_flesh":2,"blue_skies:maple_crafting_table":1,"minecraft:skeleton_skull":1,"minecraft:white_wool":2,"minecraft:cobblestone":196,"minecraft:cooked_beef":4,"minecraft:feather":2,"vampirism:item_tent":4,"minecraft:andesite":2,"minecraft:mud_brick_stairs":2,"minecraft:red_mushroom":1,"minecraft:tuff":21,"create:raw_zinc":23,"minecraft:oak_log":22,"evilcraft:flesh_humanoid":1,"gothic:magic_ore_nugget":4,"minecraft:yellow_bed":2,"minecraft:map":1,"minecraft:lapis_lazuli":65,"minecraft:dirt":18,"minecraft:lantern":3,"gothic:giant_river_plant":1,"minecraft:stone_bricks":1,"minecraft:wheat_seeds":1,"dynamictrees:birch_seed":1,"minecraft:sweet_berries":24,"minecraft:chiseled_stone_bricks":2,"minecraft:dandelion":1,"croptopia:blackberry":1,"minecraft:gravel":15,"gothic:meat_cooked":6,"exoticbirds:mystery_egg":2,"minecraft:barrel":1,"minecraft:mossy_cobblestone":2,"gothic:cave_mushrooms":1,"gothic:meat":1,"create:crimsite":2,"minecraft:diamond":7,"minecraft:polished_blackstone_button":1,"butchercraft:lamb_scraps":3,"minecraft:granite":2,"minecraft:emerald":17,"minecraft:bread":2,"minecraft:baked_potato":2,"minecraft:coal":73,"croptopia:raisins":1,"minecraft:hopper":4,"atlantis:aquamarine_gem":7},"minecraft:mined":{"create:zinc_ore":24,"minecraft:tuff":21,"minecraft:spruce_planks":1,"minecraft:stone_pressure_plate":2,"minecraft:mossy_cobblestone":3,"minecraft:deepslate_diamond_ore":6,"minecraft:granite":2,"gothic:cave_mushrooms":1,"minecraft:grass_block":16,"minecraft:infested_cobblestone":8,"minecraft:brown_mushroom_block":1,"minecraft:coal_block":6,"minecraft:red_mushroom":1,"minecraft:mud_bricks":1,"minecraft:moss_block":2,"minecraft:hopper":4,"minecraft:chiseled_stone_bricks":2,"gothic:black_mushroom":1,"minecraft:furnace":8,"minecraft:iron_ore":23,"minecraft:barrel":1,"minecraft:fire":12,"minecraft:andesite":2,"minecraft:deepslate_lapis_ore":10,"vampirism:tent":2,"gothic:giant_river_plant":1,"supplementaries:stick":4,"minecraft:stone":181,"gothic:guardian_table":1,"minecraft:redstone_wall_torch":1,"minecraft:glass_pane":1,"minecraft:comparator":1,"atlantis:aquamarine_deepslate_ore":5,"vampirism:tent_main":2,"realmrpg_skeletons:winter_skeleton":1,"minecraft:crafting_table":1,"minecraft:mud_brick_stairs":2,"gothic:magic_ore_deepslate":1,"minecraft:campfire":3,"minecraft:tall_grass":1,"minecraft:cobblestone":27,"minecraft:deepslate_coal_ore":1,"blue_skies:maple_crafting_table":1,"minecraft:sugar_cane":4,"minecraft:diorite":5,"gothic:snapperweed_wild":4,"minecraft:wall_torch":3,"minecraft:cauldron":1,"gothic:innos_statue":1,"minecraft:light_weighted_pressure_plate":1,"minecraft:coarse_dirt":1,"minecraft:cobblestone_wall":1,"minecraft:sweet_berry_bush":9,"minecraft:ice":1,"atlantis:aquamarine_ore":2,"minecraft:yellow_bed":2,"minecraft:grass":16,"minecraft:oak_log":10,"minecraft:coal_ore":26,"minecraft:mycelium":1,"croptopia:blackberry_crop":1,"minecraft:gravel":10,"minecraft:dirt":3,"dynamictrees:oak_sapling":1,"oaks_decor:pebbles_2":8,"minecraft:small_dripleaf":1,"minecraft:stone_bricks":2,"minecraft:mossy_stone_bricks":1,"create:crimsite":2,"minecraft:deepslate":96},"minecraft:crafted":{"butchercraft:cooked_lamb_scraps":2,"minecraft:oak_planks":80,"minecraft:coal":54,"minecraft:stone_pickaxe":2,"minecraft:chest":1,"minecraft:oak_button":1,"minecraft:cooked_beef":8,"butchercraft:cooked_chicken_scraps":1,"gothic:meat_cooked":1,"minecraft:wooden_pickaxe":1,"minecraft:stone_axe":1,"minecraft:air":0,"minecraft:iron_chestplate":2,"minecraft:shield":2,"minecraft:stick":4,"minecraft:iron_ingot":22,"minecraft:iron_pickaxe":1,"minecraft:wooden_axe":1,"minecraft:stone_sword":1,"minecraft:torch":12,"create:zinc_ingot":22},"minecraft:custom":{"minecraft:inspect_dropper":6,"minecraft:interact_with_anvil":2,"minecraft:mob_kills":17,"minecraft:inspect_hopper":2,"minecraft:interact_with_crafting_table":15,"minecraft:open_barrel":18,"minecraft:interact_with_campfire":4,"minecraft:leave_game":2,"minecraft:time_since_death":12632,"minecraft:climb_one_cm":8003,"minecraft:sprint_one_cm":239110,"minecraft:damage_blocked_by_shield":225,"minecraft:walk_one_cm":255224,"minecraft:drop":14,"minecraft:talked_to_villager":5,"minecraft:play_time":100739,"minecraft:deaths":7,"minecraft:sneak_time":5223,"minecraft:walk_under_water_one_cm":3868,"minecraft:jump":1774,"minecraft:walk_on_water_one_cm":8565,"minecraft:total_world_time":100739,"minecraft:interact_with_furnace":37,"minecraft:sleep_in_bed":5,"minecraft:time_since_rest":12444,"minecraft:waystone_activated":1,"minecraft:damage_taken":3204,"minecraft:trigger_trapped_chest":1,"minecraft:damage_dealt":1924,"minecraft:swim_one_cm":11804,"minecraft:fly_one_cm":267761,"minecraft:open_chest":54,"minecraft:crouch_one_cm":11824,"tombstone:undead_killed":2,"minecraft:fall_one_cm":46597,"minecraft:inspect_dispenser":6}},"DataVersion":3120}