{"stats":{"minecraft:killed_by":{"grimoireofgaia:kobold":1,"gothic:scavenger":1,"gothic:scavenger_young":1,"gothic:snapper":1},"minecraft:broken":{"minecraft:stone_pickaxe":1},"minecraft:killed":{"naturalist:robin":2,"minecraft:creeper":2,"minecraft:sheep":4,"minecraft:zombie":2,"minecraft:chicken":4},"minecraft:dropped":{"oaks_decor:throwable_pebble":1,"minecraft:filled_map":1,"tombstone:grave_key":3},"minecraft:used":{"minecraft:diorite":5,"minecraft:stone_sword":14,"minecraft:stone_pickaxe":134,"minecraft:baked_potato":2,"minecraft:oak_planks":2,"gothic:black_mushroom_item":1,"minecraft:wooden_pickaxe":11,"dynamictrees:oak_seed":2,"minecraft:stick":8,"minecraft:torch":15,"minecraft:dirt":14,"gothic:meat_cooked":6,"minecraft:crafting_table":1,"gothic:giant_river_plant":1,"minecraft:granite":1,"minecraft:wooden_axe":4,"vampirism:item_tent":4,"butchercraft:cooked_lamb_scraps":2,"minecraft:lantern":1,"minecraft:bread":2,"minecraft:map":1,"blue_skies:maple_crafting_table":1,"evilcraft:flesh_humanoid":1,"butchercraft:lamb_scraps":3,"minecraft:stone_axe":14,"butchercraft:cooked_chicken_scraps":1,"minecraft:furnace":2,"minecraft:andesite":2,"minecraft:yellow_bed":1,"tombstone:gift":2,"minecraft:coarse_dirt":1},"minecraft:picked_up":{"minecraft:crafting_table":1,"minecraft:coarse_dirt":1,"minecraft:feather":2,"vampirism:item_tent":4,"minecraft:andesite":2,"gothic:black_mushroom_item":1,"minecraft:oak_log":22,"evilcraft:flesh_humanoid":1,"tombstone:grave_key":2,"minecraft:yellow_bed":1,"minecraft:map":1,"minecraft:dirt":15,"minecraft:lantern":2,"gothic:giant_river_plant":1,"minecraft:stone_bricks":1,"minecraft:wheat_seeds":1,"dynamictrees:oak_seed":17,"minecraft:sugar_cane":4,"minecraft:furnace":3,"minecraft:stick":32,"minecraft:raw_iron":11,"minecraft:oak_door":1,"minecraft:torch":3,"minecraft:dandelion":1,"gothic:meat_cooked":6,"minecraft:gravel":15,"oaks_decor:throwable_pebble":7,"minecraft:diorite":5,"exoticbirds:mystery_egg":2,"gothic:cave_mushrooms":1,"butchercraft:chicken_scraps":1,"minecraft:rotten_flesh":2,"blue_skies:maple_crafting_table":1,"minecraft:granite":1,"butchercraft:lamb_scraps":3,"minecraft:bread":2,"minecraft:baked_potato":2,"atlantis:aquamarine_gem":2,"croptopia:raisins":1,"minecraft:coal":34,"minecraft:skeleton_skull":1,"minecraft:white_wool":2,"minecraft:cobblestone":87},"minecraft:mined":{"minecraft:glass_pane":1,"vampirism:tent_main":2,"realmrpg_skeletons:winter_skeleton":1,"minecraft:crafting_table":1,"minecraft:granite":1,"gothic:cave_mushrooms":1,"minecraft:grass_block":15,"minecraft:tall_grass":1,"minecraft:cobblestone":11,"blue_skies:maple_crafting_table":1,"minecraft:sugar_cane":4,"minecraft:diorite":5,"minecraft:wall_torch":3,"gothic:black_mushroom":1,"gothic:innos_statue":1,"minecraft:coarse_dirt":1,"minecraft:furnace":3,"minecraft:iron_ore":11,"minecraft:ice":1,"minecraft:andesite":2,"atlantis:aquamarine_ore":2,"vampirism:tent":2,"minecraft:yellow_bed":1,"minecraft:coal_ore":20,"supplementaries:stick":4,"minecraft:grass":12,"gothic:giant_river_plant":1,"minecraft:oak_log":10,"minecraft:gravel":10,"minecraft:dirt":1,"dynamictrees:oak_sapling":1,"oaks_decor:pebbles_2":8,"minecraft:stone":84,"minecraft:stone_bricks":1},"minecraft:crafted":{"butchercraft:cooked_lamb_scraps":2,"butchercraft:cooked_chicken_scraps":1,"minecraft:oak_planks":24,"minecraft:wooden_pickaxe":1,"minecraft:stone_axe":1,"minecraft:air":0,"minecraft:stick":4,"minecraft:stone_pickaxe":2,"minecraft:wooden_axe":1,"minecraft:stone_sword":1,"minecraft:torch":12},"minecraft:custom":{"minecraft:interact_with_furnace":12,"minecraft:mob_kills":8,"minecraft:interact_with_crafting_table":9,"minecraft:open_barrel":1,"minecraft:leave_game":2,"minecraft:time_since_death":14556,"minecraft:sleep_in_bed":2,"minecraft:climb_one_cm":613,"minecraft:time_since_rest":10761,"minecraft:waystone_activated":1,"minecraft:sprint_one_cm":122069,"minecraft:damage_taken":1690,"minecraft:walk_one_cm":127187,"minecraft:drop":5,"minecraft:damage_dealt":879,"minecraft:talked_to_villager":5,"minecraft:swim_one_cm":10687,"minecraft:fly_one_cm":191963,"minecraft:open_chest":14,"minecraft:crouch_one_cm":4280,"minecraft:play_time":46739,"tombstone:undead_killed":1,"minecraft:deaths":4,"minecraft:sneak_time":2190,"minecraft:walk_under_water_one_cm":1000,"minecraft:jump":1032,"minecraft:walk_on_water_one_cm":6134,"minecraft:total_world_time":46739,"minecraft:inspect_dispenser":2,"minecraft:fall_one_cm":26614}},"DataVersion":3120}