{"stats":{"minecraft:mined":{"minecraft:podzol":8,"minecraft:coarse_dirt":7,"minecraft:clay":16,"minecraft:grass_block":7,"minecraft:oak_log":10,"minecraft:mycelium":6,"minecraft:warped_stem":14,"minecraft:dirt":17,"minecraft:moss_block":10,"minecraft:oak_planks":2,"minecraft:oak_leaves":12,"minecraft:rooted_dirt":8,"minecraft:crimson_stem":5},"minecraft:used":{"minecraft:moss_block":1,"minecraft:rooted_dirt":6,"minecraft:warped_slab":4,"minecraft:oak_planks":14,"minecraft:chest":1,"minecraft:crimson_planks":4,"minecraft:dirt":24,"minecraft:coarse_dirt":1,"minecraft:warped_planks":28},"minecraft:picked_up":{"minecraft:coarse_dirt":1,"minecraft:clay_ball":20,"minecraft:crimson_stem":3,"minecraft:oak_log":5,"minecraft:dirt":20,"minecraft:warped_stem":8,"minecraft:rooted_dirt":7,"minecraft:moss_block":6,"minecraft:oak_planks":2},"minecraft:crafted":{"minecraft:warped_planks":36,"minecraft:oak_planks":12,"minecraft:crimson_planks":4,"minecraft:warped_slab":6,"minecraft:chest":1},"minecraft:custom":{"minecraft:time_since_rest":11214,"minecraft:sprint_one_cm":4930,"minecraft:damage_taken":290,"minecraft:walk_one_cm":31064,"minecraft:damage_dealt":26,"minecraft:interact_with_crafting_table":24,"minecraft:fly_one_cm":2940,"minecraft:open_chest":9,"minecraft:crouch_one_cm":16010,"minecraft:play_time":16808,"minecraft:deaths":1,"minecraft:sneak_time":6586,"minecraft:jump":17,"minecraft:leave_game":5,"minecraft:time_since_death":11181,"minecraft:total_world_time":16808}},"DataVersion":3120}