{"stats":{"minecraft:mined":{"minecraft:white_bed":8,"croptopia:orange_crop":2,"croptopia:grape_crop":2,"farmersdelight:wild_carrots":7,"minecraft:acacia_log":10,"minecraft:grass_block":28,"minecraft:spawner":1,"minecraft:furnace":10,"minecraft:iron_ore":54,"minecraft:fire":1,"evilcraft:dark_ore":1,"supplementaries:stick":2,"minecraft:vine":1,"minecraft:dirt_path":2,"minecraft:rail":1,"minecraft:stripped_oak_log":1,"minecraft:stone":56,"minecraft:white_wool":2,"minecraft:deepslate_redstone_ore":3,"minecraft:acacia_leaves":4,"minecraft:crafting_table":4,"minecraft:emerald_ore":1,"supplementaries:wild_flax":1,"minecraft:tall_grass":5,"minecraft:cobblestone":15,"minecraft:lapis_ore":5,"minecraft:sugar_cane":4,"minecraft:oak_planks":7,"minecraft:white_terracotta":1,"bossominium:guardian_sapling":1,"minecraft:grass":14,"minecraft:oak_log":48,"minecraft:coal_ore":26,"minecraft:dirt":12,"minecraft:cobweb":23,"minecraft:cracked_stone_bricks":3,"minecraft:stone_bricks":3,"minecraft:mossy_stone_bricks":2,"minecraft:oak_leaves":18,"minecraft:deepslate":2,"paraglider:goddess_statue":1},"minecraft:used":{"minecraft:stone_sword":60,"minecraft:chest":2,"minecraft:shield":30,"minecraft:iron_sword":119,"minecraft:wooden_shovel":14,"minecraft:stick":2,"minecraft:dirt":41,"minecraft:carrot":13,"minecraft:villager_spawn_egg":3,"minecraft:iron_axe":71,"minecraft:oak_sapling":1,"bossominium:guardian_sapling":1,"minecraft:furnace":7,"tombstone:gift":2,"grimoireofgaia:meat":3,"minecraft:cooked_beef":7,"minecraft:acacia_planks":2,"minecraft:cooked_mutton":7,"minecraft:water_bucket":31,"minecraft:stone_pickaxe":70,"minecraft:oak_planks":1,"blue_skies:horizonite_sword":2,"minecraft:wooden_pickaxe":37,"minecraft:white_wool":2,"minecraft:crafting_table":11,"supplementaries:bomb":3,"minecraft:white_bed":12,"croptopia:orange":1,"minecraft:oak_log":5,"minecraft:apple":3,"minecraft:bread":3,"minecraft:iron_pickaxe":83,"hmag:cooked_savagefang_meat":11,"minecraft:stone_axe":12,"exoticbirds:cooked_birdmeat":1,"minecraft:cobblestone":74,"additional_lights:fire_for_standing_torch_s":7,"minecraft:cooked_porkchop":6,"minecraft:bucket":32},"minecraft:dropped":{"tombstone:scroll_of_reach":1,"minecraft:wheat_seeds":2,"evilcraft:condensed_blood":143,"vampirism:vampire_book":1,"minecraft:cooked_porkchop":3,"vampirism:hunter_coat_legs_ultimate":1,"vampirism:heart_seeker_enhanced":1,"minecraft:oak_fence":7,"vampirism:amulet":1,"minecraft:coal":72,"vampirism:hunter_coat_chest_ultimate":1,"croptopia:grape_seed":4,"minecraft:jungle_sapling":1,"minecraft:iron_axe":2,"minecraft:iron_pickaxe":1,"vampirism:ring":1,"hmag:cooked_savagefang_meat":4,"minecraft:furnace":3,"minecraft:stone_axe":1,"vampirism:armor_of_swiftness_head_ultimate":1,"vampirism:hunter_coat_head_ultimate":1,"minecraft:rotten_flesh":1,"minecraft:oak_planks":68,"evilcraft:origins_of_darkness":2,"guideapi_vp:vampirism-guidebook":1,"vampirism:armor_of_swiftness_chest_ultimate":2,"minecraft:gunpowder":1,"vampirism:vampire_fang":2},"minecraft:killed":{"vampirism:vampire":1,"minecraft:cave_spider":3,"grimoireofgaia:satyress":1,"minecraft:spider":1,"hmag:skeleton_girl":1,"grimoireofgaia:centaur":1,"minecraft:skeleton":2,"grimoireofgaia:mimic":1,"vampirism:villager_converted":1,"vampirism:task_master_vampire":1,"hmag:ghost":2,"minecraft:pig":4,"naturalist:snake":1,"naturalist:butterfly":1,"minecraft:creeper":2,"minecraft:sheep":10,"minecraft:zombie":6,"grimoireofgaia:deathword":1,"grimoireofgaia:harpy":1,"grimoireofgaia:werecat":2,"minecraft:cow":7},"minecraft:crafted":{"minecraft:oak_planks":88,"minecraft:cooked_mutton":7,"minecraft:iron_axe":1,"minecraft:stone_pickaxe":1,"minecraft:chest":2,"minecraft:cooked_beef":7,"minecraft:wooden_shovel":1,"minecraft:cooked_porkchop":6,"minecraft:crafting_table":5,"minecraft:wooden_pickaxe":1,"minecraft:iron_sword":1,"additional_lights:fire_for_standing_torch_s":22,"minecraft:bucket":1,"minecraft:stone_axe":1,"minecraft:air":0,"minecraft:white_wool":6,"minecraft:shield":1,"minecraft:stick":24,"minecraft:iron_pickaxe":1,"minecraft:iron_ingot":51,"minecraft:stone_sword":1,"minecraft:white_bed":4,"minecraft:acacia_planks":40,"minecraft:torch":32},"minecraft:custom":{"minecraft:mob_kills":51,"minecraft:interact_with_crafting_table":26,"minecraft:open_barrel":4,"minecraft:leave_game":7,"minecraft:time_since_death":35037,"minecraft:climb_one_cm":23782,"minecraft:damage_resisted":384,"minecraft:sprint_one_cm":527642,"minecraft:walk_one_cm":237147,"minecraft:damage_blocked_by_shield":3090,"minecraft:drop":37,"minecraft:damage_dealt_absorbed":217,"minecraft:play_time":148437,"minecraft:deaths":9,"minecraft:sneak_time":4005,"minecraft:walk_under_water_one_cm":12712,"minecraft:boat_one_cm":119487,"tombstone:tomb_raiding":1,"minecraft:jump":4217,"minecraft:walk_on_water_one_cm":16163,"minecraft:total_world_time":148437,"minecraft:interact_with_furnace":47,"minecraft:sleep_in_bed":11,"minecraft:time_since_rest":4254,"minecraft:waystone_activated":3,"minecraft:damage_taken":4256,"minecraft:damage_dealt":9215,"minecraft:swim_one_cm":23944,"minecraft:fly_one_cm":962181,"minecraft:player_kills":2,"minecraft:open_chest":37,"minecraft:crouch_one_cm":11145,"tombstone:undead_killed":11,"tombstone:villager_killed":1,"minecraft:fall_one_cm":136975},"minecraft:picked_up":{"minecraft:crafting_table":4,"croptopia:grape_seed":4,"paraglider:goddess_statue":1,"minecraft:string":26,"minecraft:iron_axe":2,"minecraft:cracked_stone_bricks":3,"minecraft:cobbled_deepslate":2,"minecraft:beef":7,"minecraft:oak_boat":1,"minecraft:azalea":1,"minecraft:iron_nugget":6,"minecraft:sugar_cane":9,"minecraft:furnace":10,"minecraft:stick":6,"minecraft:raw_iron":53,"grimoireofgaia:meat":4,"minecraft:oak_fence":2,"minecraft:acacia_log":10,"minecraft:porkchop":6,"croptopia:almond":3,"minecraft:carrot":7,"minecraft:redstone":13,"croptopia:grape":1,"minecraft:arrow":6,"minecraft:rotten_flesh":7,"tombstone:essence_of_undeath":1,"evilcraft:condensed_blood":7,"minecraft:mutton":9,"minecraft:cobblestone":64,"minecraft:rail":3,"minecraft:white_wool":8,"croptopia:cauliflower":1,"minecraft:stripped_oak_log":1,"minecraft:feather":1,"minecraft:leather":8,"paraglider:spirit_orb":2,"minecraft:oak_log":45,"minecraft:gunpowder":2,"bossominium:guardian_sapling":1,"minecraft:lapis_lazuli":38,"minecraft:dirt":41,"minecraft:paper":2,"exoticbirds:cooked_birdmeat":1,"hmag:evil_crystal_fragment":1,"minecraft:bone":4,"minecraft:apple":9,"minecraft:stone_bricks":3,"minecraft:wheat_seeds":4,"minecraft:iron_ingot":2,"minecraft:mossy_stone_bricks":2,"minecraft:iron_sword":1,"minecraft:oak_planks":42,"minecraft:book":1,"croptopia:cauliflower_seed":2,"minecraft:cooked_porkchop":3,"hmag:soul_powder":2,"minecraft:dandelion":2,"minecraft:white_bed":7,"minecraft:spider_eye":1,"minecraft:pumpkin_seeds":2,"croptopia:orange":10,"evilcraft:dark_gem":5,"minecraft:emerald":1,"minecraft:oak_sapling":2,"minecraft:coal":207},"minecraft:killed_by":{"minecraft:player":2,"hmag:ogre":1,"minecraft:cave_spider":1}},"DataVersion":3120}