{"stats":{"minecraft:crafted":{"minecraft:oak_planks":448,"minecraft:stone_shovel":1,"minecraft:furnace":1,"minecraft:bone_meal":12,"minecraft:stone_pickaxe":1,"minecraft:oak_fence":27,"minecraft:cooked_beef":4,"minecraft:wooden_shovel":2,"minecraft:crafting_table":1,"minecraft:wooden_pickaxe":1,"minecraft:bowl":4,"minecraft:birch_planks":40,"minecraft:stone_axe":2,"minecraft:air":0,"minecraft:wooden_hoe":1,"minecraft:charcoal":3,"minecraft:stick":28,"minecraft:iron_pickaxe":1,"minecraft:iron_ingot":13,"minecraft:wooden_axe":2,"minecraft:stone_sword":1,"minecraft:torch":12,"minecraft:shears":1},"minecraft:custom":{"minecraft:mob_kills":25,"minecraft:animals_bred":2,"minecraft:interact_with_crafting_table":29,"minecraft:damage_dealt_resisted":174,"minecraft:leave_game":6,"minecraft:time_since_death":6803,"minecraft:damage_resisted":315,"minecraft:sprint_one_cm":158579,"minecraft:walk_one_cm":487752,"minecraft:drop":8,"minecraft:play_time":130256,"minecraft:deaths":9,"minecraft:sneak_time":38752,"minecraft:jump":529,"minecraft:walk_on_water_one_cm":109,"minecraft:total_world_time":130256,"minecraft:interact_with_furnace":25,"minecraft:time_since_rest":6833,"minecraft:damage_taken":4003,"minecraft:damage_dealt":4637,"minecraft:fly_one_cm":97160,"minecraft:open_chest":221,"minecraft:crouch_one_cm":109820,"minecraft:fall_one_cm":3903},"minecraft:killed_by":{"yeti:yeti":2,"minecraft:polar_bear":1,"jacky:jacky":1,"minecraft:zombie":3,"mokey:mokey":1},"minecraft:broken":{"minecraft:wooden_shovel":1,"minecraft:stone_pickaxe":2,"minecraft:stone_axe":1,"minecraft:wooden_axe":1},"minecraft:mined":{"minecraft:attached_pumpkin_stem":1,"minecraft:deepslate_tiles":3,"minecraft:tuff":10,"minecraft:oak_sapling":1,"minecraft:dark_oak_log":1,"minecraft:granite":35,"minecraft:budding_amethyst":4,"minecraft:grass_block":77,"minecraft:deepslate_bricks":12,"minecraft:spruce_sapling":2,"minecraft:carrots":10,"minecraft:iron_ore":18,"minecraft:andesite":13,"minecraft:pumpkin":5,"minecraft:deepslate_lapis_ore":6,"minecraft:deepslate_iron_ore":4,"minecraft:packed_ice":2,"minecraft:stone":75,"minecraft:podzol":12,"minecraft:melon_stem":1,"minecraft:snow_block":20,"minecraft:oak_fence":27,"minecraft:clay":13,"minecraft:torch":2,"minecraft:calcite":24,"minecraft:melon":7,"minecraft:chest":19,"minecraft:copper_ore":36,"minecraft:deepslate_gold_ore":10,"minecraft:oak_planks":70,"minecraft:diorite":34,"minecraft:amethyst_block":31,"minecraft:deepslate_copper_ore":4,"minecraft:white_terracotta":2,"minecraft:birch_planks":10,"minecraft:birch_log":14,"minecraft:wheat":31,"minecraft:blue_ice":2,"minecraft:ice":1,"minecraft:spruce_log":5,"minecraft:pumpkin_stem":11,"minecraft:oak_log":60,"minecraft:coal_ore":19,"minecraft:dripstone_block":2,"minecraft:dirt":48,"minecraft:smooth_basalt":4,"minecraft:terracotta":2,"minecraft:oak_leaves":1,"minecraft:deepslate":40},"minecraft:dropped":{"minecraft:mushroom_stew":2,"minecraft:wooden_hoe":1,"minecraft:wooden_sword":2,"minecraft:smooth_basalt":2,"minecraft:wooden_shovel":1,"minecraft:written_book":1},"minecraft:used":{"minecraft:oak_fence":44,"minecraft:writable_book":1,"minecraft:stone_sword":72,"minecraft:stone_shovel":30,"minecraft:chest":9,"minecraft:wooden_shovel":89,"minecraft:stone_hoe":6,"minecraft:torch":5,"minecraft:dirt":170,"minecraft:carrot":29,"minecraft:snowball":31,"minecraft:wooden_axe":86,"minecraft:melon_seeds":3,"minecraft:furnace":2,"minecraft:oak_sapling":13,"minecraft:egg":13,"minecraft:wheat_seeds":46,"minecraft:water_bucket":1,"minecraft:birch_planks":60,"minecraft:stone_pickaxe":295,"minecraft:oak_planks":310,"minecraft:wooden_pickaxe":30,"minecraft:crafting_table":1,"minecraft:mushroom_stew":25,"minecraft:pumpkin_seeds":12,"minecraft:wooden_hoe":17,"minecraft:iron_pickaxe":88,"minecraft:spruce_sapling":4,"minecraft:stone_axe":150,"minecraft:bucket":1,"minecraft:ice":1,"minecraft:bone_meal":7},"minecraft:killed":{"minecraft:spider":4,"minecraft:rabbit":1,"minecraft:sheep":2,"minecraft:goat":1,"minecraft:zombie":6,"minecraft:mooshroom":2,"minecraft:stray":5},"minecraft:picked_up":{"minecraft:crafting_table":1,"minecraft:wheat":5,"minecraft:chicken":2,"minecraft:clay_ball":120,"minecraft:wooden_pickaxe":5,"minecraft:amethyst_block":43,"minecraft:string":5,"minecraft:raw_copper":269,"minecraft:wooden_sword":2,"minecraft:deepslate_tiles":3,"minecraft:cobbled_deepslate":40,"minecraft:bucket":1,"minecraft:beef":4,"minecraft:calcite":35,"minecraft:wooden_shovel":8,"minecraft:melon_slice":77,"minecraft:birch_sapling":2,"minecraft:chest":31,"minecraft:egg":8,"minecraft:furnace":1,"minecraft:tipped_arrow":1,"minecraft:dark_oak_sapling":1,"minecraft:stick":12,"minecraft:raw_iron":34,"minecraft:oak_fence":31,"minecraft:torch":11,"minecraft:diorite":33,"minecraft:carrot":20,"minecraft:arrow":4,"minecraft:rotten_flesh":7,"minecraft:deepslate_bricks":12,"minecraft:white_terracotta":2,"minecraft:mutton":4,"minecraft:snowball":80,"minecraft:white_wool":5,"minecraft:cobblestone":144,"minecraft:birch_log":44,"minecraft:golden_carrot":1,"minecraft:andesite":32,"minecraft:leather":14,"minecraft:birch_planks":3,"minecraft:tuff":10,"minecraft:oak_log":97,"minecraft:lapis_lazuli":37,"minecraft:dirt":214,"man:cassette_1safetyinstructions":3,"minecraft:bone":2,"minecraft:apple":4,"minecraft:wheat_seeds":43,"minecraft:raw_gold":10,"minecraft:stone_pickaxe":3,"minecraft:rabbit":1,"minecraft:flowering_azalea":1,"minecraft:oak_planks":47,"minecraft:stone_hoe":1,"minecraft:smooth_basalt":6,"minecraft:pumpkin":7,"minecraft:dripstone_block":2,"minecraft:spruce_sapling":9,"minecraft:spruce_log":9,"minecraft:grass_block":1,"minecraft:dark_oak_log":1,"minecraft:spider_eye":3,"minecraft:pumpkin_seeds":11,"minecraft:stone_axe":1,"minecraft:granite":36,"minecraft:terracotta":2,"minecraft:oak_sapling":12,"minecraft:melon_seeds":2,"minecraft:coal":36}},"DataVersion":3120}