{"stats":{"minecraft:crafted":{"minecraft:oak_planks":20,"minecraft:crafting_table":3,"minecraft:wooden_pickaxe":1,"minecraft:cooked_chicken":4,"minecraft:stone_axe":1,"minecraft:air":0,"minecraft:stick":12,"minecraft:iron_ingot":21,"minecraft:stone_pickaxe":2,"minecraft:wooden_axe":1,"minecraft:stone_sword":1,"minecraft:acacia_planks":16,"minecraft:wheat":54},"minecraft:picked_up":{"minecraft:crafting_table":2,"minecraft:feather":6,"minecraft:chicken":4,"croptopia:grape_seed":2,"croptopia:peach":5,"minecraft:andesite":2,"minecraft:oak_log":5,"minecraft:yellow_bed":3,"minecraft:dirt":1,"minecraft:flint_and_steel":1,"croptopia:garlic":1,"minecraft:bone":4,"minecraft:wheat_seeds":1,"guideapi_vp:vampirism-guidebook":1,"minecraft:iron_nugget":1,"minecraft:furnace":2,"minecraft:stick":2,"croptopia:peanut_seed":2,"minecraft:raw_iron":21,"croptopia:peanut":1,"grimoireofgaia:meat":1,"croptopia:ginger":1,"minecraft:acacia_log":4,"croptopia:hops":1,"minecraft:porkchop":15,"croptopia:ginger_seed":1,"minecraft:diorite":7,"minecraft:golden_chestplate":1,"croptopia:coffee_beans":1,"croptopia:coffee_seed":1,"croptopia:grape":1,"minecraft:arrow":3,"croptopia:hops_seed":2,"minecraft:slime_ball":1,"bossominium:the_bossdexium":1,"minecraft:hay_block":6,"minecraft:granite":1,"croptopia:garlic_seed":2,"minecraft:cobblestone":49,"minecraft:coal":110,"exoticbirds:raw_birdmeat":8,"atlantis:aquamarine_gem":8},"minecraft:mined":{"croptopia:grape_crop":1,"minecraft:crafting_table":2,"minecraft:granite":1,"minecraft:acacia_log":4,"minecraft:grass_block":2,"croptopia:garlic_crop":1,"minecraft:cobblestone":1,"croptopia:coffee_crop":1,"minecraft:diorite":9,"minecraft:hay_block":6,"croptopia:peanut_crop":1,"minecraft:furnace":2,"minecraft:iron_ore":21,"minecraft:andesite":2,"atlantis:aquamarine_ore":8,"minecraft:yellow_bed":3,"minecraft:grass":9,"croptopia:hops_crop":1,"minecraft:oak_log":5,"minecraft:coal_ore":102,"minecraft:stone":48,"minecraft:oak_leaves":8},"minecraft:killed_by":{"minecraft:silverfish":1},"minecraft:killed":{"minecraft:pig":8,"exoticbirds:gull":3,"naturalist:snail":1,"grimoireofgaia:goblin":1,"minecraft:skeleton":2,"exoticbirds:swan":1,"minecraft:chicken":4,"exoticbirds:peafowl":1},"minecraft:dropped":{"minecraft:golden_chestplate":2,"guideapi_vp:vampirism-guidebook":2,"croptopia:grape":1,"bossominium:the_bossdexium":2,"minecraft:flint_and_steel":1,"farmersdelight:golden_knife":1},"minecraft:used":{"minecraft:stone_sword":5,"minecraft:stone_pickaxe":180,"minecraft:baked_potato":10,"farmersdelight:golden_knife":1,"minecraft:wooden_pickaxe":14,"minecraft:crafting_table":5,"minecraft:wooden_axe":6,"minecraft:bread":1,"minecraft:stone_axe":34,"minecraft:cobblestone":22,"minecraft:furnace":2,"croptopia:garlic":1,"minecraft:andesite":2,"tombstone:gift":2,"minecraft:yellow_bed":2,"grimoireofgaia:meat":1,"minecraft:acacia_planks":1},"minecraft:custom":{"minecraft:interact_with_furnace":10,"minecraft:mob_kills":21,"minecraft:interact_with_crafting_table":8,"minecraft:open_barrel":1,"minecraft:time_since_death":36827,"minecraft:sleep_in_bed":2,"minecraft:climb_one_cm":891,"minecraft:time_since_rest":11613,"minecraft:sprint_one_cm":118545,"minecraft:damage_taken":595,"minecraft:walk_one_cm":51900,"minecraft:drop":9,"minecraft:damage_dealt":2163,"minecraft:swim_one_cm":4083,"minecraft:talked_to_villager":1,"minecraft:fly_one_cm":241024,"minecraft:open_chest":2,"minecraft:crouch_one_cm":6777,"minecraft:play_time":41481,"tombstone:undead_killed":2,"minecraft:deaths":1,"minecraft:sneak_time":3239,"minecraft:walk_under_water_one_cm":6416,"minecraft:jump":1068,"minecraft:walk_on_water_one_cm":5968,"minecraft:total_world_time":41481,"minecraft:fall_one_cm":35994},"minecraft:broken":{"minecraft:stone_pickaxe":1}},"DataVersion":3120}