{"stats":{"minecraft:custom":{"minecraft:interact_with_crafting_table":208,"minecraft:leave_game":15,"minecraft:time_since_death":4815,"minecraft:play_time":943265,"minecraft:deaths":202,"minecraft:jump":9664,"minecraft:interact_with_furnace":202,"minecraft:traded_with_villager":38,"minecraft:sleep_in_bed":6,"minecraft:damage_dealt":58407,"minecraft:use_cauldron":2,"minecraft:horse_one_cm":8266,"minecraft:inspect_hopper":2,"minecraft:sneak_time":165727,"minecraft:total_world_time":943265,"minecraft:time_since_rest":4839,"minecraft:swim_one_cm":17676,"minecraft:fly_one_cm":2050961,"minecraft:open_chest":3485,"minecraft:fall_one_cm":158820,"minecraft:animals_bred":109,"minecraft:damage_resisted":315,"minecraft:sprint_one_cm":2254142,"minecraft:drop":175,"minecraft:talked_to_villager":50,"minecraft:walk_on_water_one_cm":77732,"minecraft:crouch_one_cm":410631,"minecraft:mob_kills":2446,"minecraft:damage_dealt_resisted":1595,"minecraft:climb_one_cm":88,"minecraft:walk_one_cm":2258250,"minecraft:walk_under_water_one_cm":81452,"minecraft:damage_taken":30360777},"minecraft:killed":{"minecraft:skeleton":686,"minecraft:mule":1,"minecraft:chicken":4,"minecraft:skeleton_horse":11,"minecraft:tropical_fish":2,"minecraft:magma_cube":59,"minecraft:parrot":1,"bwrtherain:spider_skull":18,"minecraft:goat":1,"minecraft:zombie":625,"endofherobrine:chicken":2,"minecraft:cow":4,"minecraft:vindicator":3,"minecraft:zoglin":4,"minecraft:husk":6,"minecraft:rabbit":1,"minecraft:frog":3,"minecraft:enderman":2,"minecraft:zombified_piglin":3,"minecraft:witch":8,"minecraft:spider":18,"minecraft:bee":4,"minecraft:silverfish":1,"minecraft:piglin":1,"minecraft:zombie_villager":18,"minecraft:creeper":682,"minecraft:sheep":7,"minecraft:mooshroom":3,"minecraft:ghast":1,"minecraft:stray":5,"endofherobrine:cow":2,"minecraft:blaze":3,"minecraft:vex":1,"minecraft:slime":112,"minecraft:phantom":4,"minecraft:drowned":1,"minecraft:hoglin":1,"minecraft:squid":1,"endofherobrine:sheep":29,"minecraft:wither_skeleton":2},"minecraft:dropped":{"minecraft:iron_sword":1,"minecraft:lapis_lazuli":17,"minecraft:oak_pressure_plate":1,"minecraft:cooked_beef":15,"minecraft:glass_bottle":1,"minecraft:diamond":1,"minecraft:crafting_table":1,"minecraft:glow_berries":3,"minecraft:rail":2,"minecraft:dirt":5,"minecraft:wooden_sword":2,"minecraft:bone_meal":219,"minecraft:verdant_froglight":5,"minecraft:iron_pickaxe":2,"minecraft:bone":1,"minecraft:stone_axe":1,"minecraft:goat_horn":1,"minecraft:cobbled_deepslate":111,"minecraft:rotten_flesh":14,"minecraft:oak_planks":162,"minecraft:rabbit_foot":1,"minecraft:leather_boots":2,"minecraft:leather_leggings":4,"minecraft:spruce_slab":1,"minecraft:wheat_seeds":11,"minecraft:oak_fence":3,"minecraft:purple_dye":4,"minecraft:mushroom_stew":2,"minecraft:ink_sac":11,"minecraft:wooden_hoe":1,"minecraft:pumpkin":4,"minecraft:smooth_stone":1,"minecraft:iron_shovel":1,"minecraft:paper":3,"minecraft:beetroot_soup":1,"minecraft:stone_sword":1,"minecraft:white_carpet":2,"minecraft:clay_ball":8,"minecraft:cobbled_deepslate_slab":1,"minecraft:oak_sign":1,"minecraft:stone":3,"minecraft:diamond_pickaxe":2,"minecraft:wooden_shovel":1,"minecraft:bamboo":42,"minecraft:bow":8,"minecraft:candle":5,"minecraft:baked_potato":3,"minecraft:dark_oak_sapling":3,"minecraft:leather":17,"minecraft:mutton":2,"minecraft:spyglass":1,"minecraft:carrot":192,"minecraft:gunpowder":9,"minecraft:ochre_froglight":1,"minecraft:chest":3,"minecraft:azalea":7,"minecraft:written_book":2,"minecraft:stone_hoe":1,"minecraft:water_bucket":1,"minecraft:bread":2,"minecraft:oak_slab":93,"minecraft:golden_helmet":2,"minecraft:mossy_cobblestone":4,"minecraft:cyan_dye":2,"minecraft:poisonous_potato":6,"minecraft:lead":5,"minecraft:dead_horn_coral_block":13,"minecraft:stick":2,"minecraft:pearlescent_froglight":4,"minecraft:torch":1,"minecraft:iron_axe":1,"minecraft:smooth_basalt":2,"minecraft:blue_terracotta":3,"minecraft:deepslate_bricks":12,"minecraft:filled_map":3,"minecraft:muddy_mangrove_roots":7,"minecraft:golden_leggings":1,"minecraft:oak_boat":1,"minecraft:stone_pickaxe":1,"minecraft:amethyst_cluster":2},"minecraft:crafted":{"minecraft:smooth_stone":1,"minecraft:oak_pressure_plate":1,"minecraft:bookshelf":16,"minecraft:cooked_mutton":16,"minecraft:acacia_fence":12,"minecraft:cooked_rabbit":1,"minecraft:wooden_shovel":3,"minecraft:emerald":38,"minecraft:cooked_porkchop":3,"minecraft:wooden_hoe":1,"minecraft:iron_pickaxe":11,"minecraft:gold_ingot":184,"minecraft:netherite_ingot":2,"minecraft:stone_shovel":4,"minecraft:bone_meal":288,"minecraft:white_carpet":9,"minecraft:spruce_stairs":4,"minecraft:spruce_slab":18,"minecraft:stone_pickaxe":4,"minecraft:dark_oak_planks":4,"minecraft:golden_helmet":2,"minecraft:enchanting_table":1,"minecraft:wooden_axe":5,"minecraft:iron_shovel":1,"minecraft:white_bed":9,"minecraft:oak_planks":1004,"minecraft:cooked_chicken":8,"minecraft:stone":3,"minecraft:warped_planks":12,"minecraft:hopper":8,"minecraft:bow":14,"minecraft:raw_copper":198,"minecraft:chest":1,"minecraft:stone_hoe":2,"minecraft:oak_fence":150,"minecraft:golden_sword":1,"minecraft:oak_slab":948,"minecraft:crafting_table":3,"minecraft:spruce_planks":4,"minecraft:wooden_pickaxe":1,"minecraft:baked_potato":108,"minecraft:birch_planks":52,"minecraft:brewing_stand":2,"minecraft:book":38,"minecraft:paper":105,"minecraft:charcoal":3,"minecraft:diamond_pickaxe":1,"minecraft:stick":228,"minecraft:iron_ingot":293,"minecraft:stone_sword":5,"minecraft:shears":1,"minecraft:wooden_sword":2,"minecraft:cobbled_deepslate_slab":24,"minecraft:raw_iron":180,"minecraft:furnace":4,"minecraft:oak_trapdoor":2,"minecraft:iron_axe":2,"minecraft:netherite_scrap":8,"minecraft:cooked_beef":39,"minecraft:diamond_sword":1,"minecraft:iron_sword":4,"minecraft:bowl":12,"minecraft:bucket":1,"minecraft:stone_axe":14,"minecraft:air":0,"minecraft:oak_boat":1,"minecraft:white_wool":27,"minecraft:acacia_planks":20,"minecraft:torch":52,"minecraft:clay":84},"minecraft:broken":{"minecraft:golden_boots":1,"minecraft:wooden_shovel":2,"minecraft:golden_sword":1,"minecraft:diamond_pickaxe":1,"minecraft:wooden_sword":1,"minecraft:iron_sword":2,"minecraft:bow":1,"minecraft:leather_helmet":1,"minecraft:chainmail_leggings":1,"minecraft:stone_sword":2,"minecraft:chainmail_helmet":3,"minecraft:stone_hoe":2,"minecraft:iron_axe":1,"minecraft:iron_pickaxe":4,"minecraft:golden_helmet":2,"minecraft:leather_leggings":2,"minecraft:golden_leggings":1,"minecraft:stone_pickaxe":3,"minecraft:stone_axe":5,"minecraft:wooden_axe":3,"minecraft:golden_chestplate":2,"minecraft:leather_chestplate":1,"minecraft:leather_boots":2},"minecraft:mined":{"minecraft:white_bed":10,"minecraft:red_nether_bricks":44,"minecraft:obsidian":14,"minecraft:granite":100,"minecraft:red_sand":12,"minecraft:acacia_log":14,"minecraft:jungle_log":7,"minecraft:oak_pressure_plate":1,"minecraft:deepslate_bricks":190,"minecraft:bubble_coral_block":1,"minecraft:tube_coral_block":2,"minecraft:magma_block":37,"minecraft:cobbled_deepslate":114,"minecraft:fire":43,"minecraft:pumpkin":8,"minecraft:deepslate_lapis_ore":59,"minecraft:sculk_shrieker":18,"minecraft:oak_sign":2,"minecraft:dirt_path":1,"minecraft:crimson_nylium":40,"minecraft:powder_snow":1,"minecraft:torch":46,"minecraft:melon":9,"minecraft:sugar_cane":144,"minecraft:amethyst_block":164,"minecraft:white_terracotta":3,"minecraft:verdant_froglight":3,"minecraft:mud":49,"minecraft:wheat":230,"minecraft:pumpkin_stem":11,"minecraft:oak_fence_gate":2,"minecraft:smooth_quartz":70,"minecraft:mangrove_log":10,"minecraft:smooth_basalt":28,"minecraft:red_mushroom_block":17,"minecraft:deepslate":291,"minecraft:attached_pumpkin_stem":1,"minecraft:yellow_terracotta":5,"minecraft:deepslate_tiles":86,"minecraft:dark_prismarine":5,"minecraft:mossy_cobblestone":30,"minecraft:dark_oak_log":38,"minecraft:sea_lantern":3,"minecraft:nether_bricks":47,"minecraft:cobbled_deepslate_slab":2,"minecraft:moss_block":131,"minecraft:redstone_ore":15,"minecraft:packed_mud":37,"minecraft:red_sandstone":12,"minecraft:green_terracotta":12,"minecraft:andesite":51,"minecraft:potatoes":79,"minecraft:warped_stem":8,"minecraft:bamboo":3,"minecraft:cake":1,"minecraft:fire_coral_block":2,"minecraft:white_wool":1,"minecraft:oak_slab":97,"minecraft:soul_sand":56,"minecraft:emerald_ore":27,"minecraft:sponge":11,"minecraft:warped_roots":2,"minecraft:copper_ore":102,"minecraft:deepslate_gold_ore":50,"minecraft:diorite":86,"minecraft:warped_wart_block":19,"minecraft:pearlescent_froglight":4,"minecraft:red_terracotta":1,"minecraft:spruce_log":27,"minecraft:quartz_pillar":42,"minecraft:gravel":5,"minecraft:dripstone_block":83,"minecraft:brown_terracotta":4,"minecraft:gold_ore":42,"minecraft:deepslate_emerald_ore":12,"minecraft:spruce_planks":1,"minecraft:oak_sapling":3,"minecraft:farmland":74,"minecraft:sculk_vein":2,"minecraft:budding_amethyst":61,"minecraft:grass_block":155,"minecraft:soul_soil":31,"minecraft:mud_bricks":37,"minecraft:gilded_blackstone":22,"minecraft:raw_iron_block":19,"minecraft:glowstone":29,"minecraft:sculk_catalyst":24,"minecraft:iron_ore":74,"minecraft:turtle_egg":1,"minecraft:pointed_dripstone":4,"minecraft:brain_coral_block":3,"minecraft:spruce_slab":12,"minecraft:deepslate_redstone_ore":3,"minecraft:quartz_block":119,"minecraft:blackstone":97,"minecraft:melon_stem":1,"minecraft:orange_terracotta":4,"minecraft:chiseled_quartz_block":63,"minecraft:clay":31,"minecraft:light_gray_terracotta":17,"minecraft:calcite":118,"minecraft:chest":113,"minecraft:mushroom_stem":23,"minecraft:nether_quartz_ore":40,"minecraft:cobblestone":79,"minecraft:honeycomb_block":12,"minecraft:prismarine":9,"minecraft:oak_planks":240,"minecraft:wall_torch":1,"minecraft:deepslate_copper_ore":75,"minecraft:light_blue_terracotta":16,"minecraft:warped_nylium":35,"minecraft:nether_wart_block":24,"minecraft:birch_log":28,"minecraft:blue_ice":2,"minecraft:lava_cauldron":4,"minecraft:cracked_deepslate_tiles":19,"minecraft:oak_log":239,"minecraft:acacia_fence":2,"minecraft:sand":12,"minecraft:dirt":126,"minecraft:raw_copper_block":19,"minecraft:netherrack":214,"minecraft:ancient_debris":5,"minecraft:oak_leaves":63,"minecraft:horn_coral_block":1,"minecraft:nether_gold_ore":21,"minecraft:diamond_ore":19,"minecraft:crying_obsidian":1,"minecraft:tuff":88,"minecraft:deepslate_diamond_ore":25,"minecraft:candle":7,"minecraft:mangrove_roots":3,"minecraft:brown_mushroom_block":27,"minecraft:sandstone":34,"minecraft:rooted_dirt":32,"minecraft:hay_block":1,"minecraft:diorite_slab":3,"minecraft:oak_trapdoor":2,"minecraft:spruce_sapling":2,"minecraft:furnace":2,"minecraft:carrots":233,"minecraft:nether_sprouts":1,"minecraft:chiseled_deepslate":37,"minecraft:dead_horn_coral_block":4,"minecraft:deepslate_iron_ore":66,"minecraft:shroomlight":24,"minecraft:stripped_oak_log":5,"minecraft:packed_ice":11,"minecraft:stone":167,"minecraft:podzol":19,"minecraft:snow_block":21,"minecraft:stripped_dark_oak_log":1,"minecraft:basalt":52,"minecraft:oak_fence":102,"minecraft:crafting_table":8,"minecraft:sculk_sensor":68,"minecraft:deepslate_coal_ore":60,"minecraft:lapis_ore":38,"minecraft:sculk":115,"minecraft:prismarine_bricks":7,"minecraft:birch_planks":115,"minecraft:beehive":12,"minecraft:magenta_terracotta":20,"minecraft:ice":1,"minecraft:bee_nest":9,"minecraft:muddy_mangrove_roots":8,"minecraft:coal_ore":58,"minecraft:ochre_froglight":3,"minecraft:cracked_stone_bricks":1,"minecraft:terracotta":10},"minecraft:killed_by":{"old_goatman:old_goatman":9,"endofherobrine:sheep":1,"minecraft:magma_cube":2,"minecraft:zoglin":4,"minecraft:vindicator":4,"bwrtherain:rosemary":3,"minecraft:zombie":9,"kim_dweller:kim_dweller":13,"minecraft:slime":1,"cartoon_dweller:cartoon_dweller":24,"minecraft:warden":8,"yeti:yeti":12,"endofherobrine:cow":2,"midnightlurker:midnight_lurker_backturned":1,"minecraft:wither_skeleton":2,"minecraft:creeper":4,"minecraft:polar_bear":1,"minecraft:drowned":1,"bwrtherain:vapor":1,"mimicer:mimicer":4,"midnightlurker:void_hands":3,"man:managgresive":2,"minecraft:piglin":5,"the_one_who_watches:toww_running":2,"minecraft:blaze":1,"minecraft:elder_guardian":1,"minecraft:player":4,"minecraft:spider":2,"endofherobrine:lurker":1,"jacky:jacky":38,"minecraft:hoglin":2,"minecraft:skeleton":4,"mokey:mokey":21},"minecraft:used":{"minecraft:writable_book":1,"minecraft:dead_horn_coral_block":4,"minecraft:spruce_slab":12,"minecraft:chest":78,"minecraft:rotten_flesh":1,"minecraft:soul_sand":4,"minecraft:snowball":79,"minecraft:lava_bucket":13,"minecraft:bow":82,"minecraft:furnace":7,"minecraft:oak_sapling":39,"minecraft:acacia_fence":14,"minecraft:egg":32,"minecraft:potato":179,"minecraft:diorite":13,"minecraft:leather_leggings":1,"minecraft:blackstone":3,"minecraft:wooden_pickaxe":30,"minecraft:pumpkin_seeds":12,"minecraft:lightning_rod":2,"minecraft:oak_pressure_plate":1,"minecraft:fire_charge":3,"minecraft:diamond_sword":47,"minecraft:wooden_sword":113,"minecraft:ice":1,"minecraft:diorite_slab":2,"minecraft:oak_trapdoor":3,"minecraft:enchanting_table":1,"minecraft:stone_sword":395,"minecraft:netherrack":115,"minecraft:torch":61,"minecraft:brewing_stand":2,"minecraft:small_dripleaf":1,"minecraft:rooted_dirt":45,"minecraft:iron_axe":248,"minecraft:melon_seeds":3,"minecraft:bamboo":7,"minecraft:cobbled_deepslate":154,"minecraft:calcite":4,"minecraft:wheat_seeds":280,"minecraft:water_bucket":55,"minecraft:birch_planks":71,"minecraft:lead":1,"minecraft:leather_boots":1,"minecraft:deepslate_bricks":1,"minecraft:mossy_cobblestone":4,"minecraft:oak_slab":879,"minecraft:crafting_table":10,"minecraft:white_bed":17,"minecraft:cake":1,"minecraft:oak_log":8,"minecraft:mud":3,"minecraft:diamond_pickaxe":2474,"minecraft:iron_pickaxe":1567,"minecraft:leather_helmet":1,"minecraft:spruce_sapling":4,"minecraft:cobblestone":10,"minecraft:potion":1,"minecraft:cooked_porkchop":3,"minecraft:candle":23,"minecraft:iron_shovel":166,"minecraft:oak_sign":1,"minecraft:iron_sword":778,"minecraft:carrot":403,"minecraft:tuff":6,"minecraft:beehive":2,"minecraft:axolotl_bucket":4,"minecraft:obsidian":11,"minecraft:golden_sword":27,"minecraft:hay_block":1,"minecraft:written_book":1,"minecraft:wither_skeleton_skull":1,"minecraft:stone_pickaxe":494,"minecraft:oak_planks":446,"minecraft:chainmail_helmet":1,"minecraft:sandstone":31,"minecraft:sugar_cane":33,"minecraft:white_wool":1,"minecraft:mushroom_stew":57,"minecraft:sponge":2,"minecraft:dripstone_block":40,"minecraft:ochre_froglight":2,"minecraft:gravel":1,"minecraft:golden_helmet":2,"minecraft:cooked_rabbit":1,"minecraft:bone_meal":110,"minecraft:cobweb":2,"minecraft:oak_fence":205,"minecraft:stone_shovel":85,"minecraft:dried_kelp":3,"minecraft:spruce_planks":1,"minecraft:wooden_shovel":148,"minecraft:stone_hoe":255,"minecraft:cooked_chicken":9,"minecraft:dirt":398,"minecraft:spyglass":20,"minecraft:white_carpet":8,"minecraft:hopper":13,"minecraft:golden_chestplate":1,"minecraft:granite":62,"minecraft:wooden_axe":176,"minecraft:bookshelf":16,"minecraft:golden_carrot":6,"minecraft:cooked_beef":16,"minecraft:pumpkin":1,"minecraft:amethyst_block":1,"minecraft:red_nether_bricks":8,"minecraft:baked_potato":74,"minecraft:wooden_hoe":17,"minecraft:apple":10,"minecraft:map":1,"minecraft:stone_axe":843,"minecraft:cobbled_deepslate_slab":17,"minecraft:bucket":76,"minecraft:sculk_catalyst":1},"minecraft:picked_up":{"minecraft:wooden_axe":1,"minecraft:seagrass":2,"minecraft:chainmail_boots":4,"minecraft:prismarine_shard":5,"minecraft:lead":16,"minecraft:enchanted_book":1,"minecraft:amethyst_block":386,"minecraft:string":99,"minecraft:ocelot_spawn_egg":2,"minecraft:soul_soil":31,"minecraft:red_nether_bricks":43,"minecraft:beetroot_soup":2,"minecraft:shroomlight":24,"minecraft:gold_nugget":98,"minecraft:cobbled_deepslate":682,"minecraft:spruce_planks":68,"minecraft:written_book":3,"minecraft:enchanted_golden_apple":1,"minecraft:melon_slice":126,"minecraft:mangrove_log":11,"minecraft:golden_helmet":3,"minecraft:beehive":12,"minecraft:music_disc_blocks":1,"minecraft:big_dripleaf":24,"minecraft:acacia_log":32,"minecraft:lightning_rod":2,"minecraft:honeycomb_block":12,"minecraft:cauldron":4,"minecraft:golden_chestplate":2,"minecraft:green_terracotta":33,"minecraft:rabbit_foot":2,"minecraft:stone_sword":1,"minecraft:honey_bottle":12,"minecraft:tropical_fish":27,"minecraft:cyan_terracotta":9,"minecraft:white_terracotta":36,"minecraft:blaze_rod":2,"minecraft:snowball":350,"minecraft:sponge":27,"minecraft:birch_log":80,"minecraft:magma_block":37,"minecraft:cooked_beef":3,"minecraft:feather":43,"minecraft:water_bucket":2,"minecraft:jungle_log":14,"minecraft:map":1,"minecraft:magenta_terracotta":20,"minecraft:disc_fragment_5":2,"minecraft:hanging_roots":41,"minecraft:gray_terracotta":16,"minecraft:rabbit":2,"minecraft:glowstone_dust":82,"minecraft:llama_spawn_egg":1,"minecraft:moss_block":519,"minecraft:honeycomb":5,"minecraft:glow_lichen":7,"minecraft:warped_wart_block":19,"minecraft:lime_terracotta":4,"minecraft:ink_sac":3,"minecraft:dark_oak_log":80,"minecraft:red_terracotta":1,"minecraft:blue_terracotta":23,"minecraft:writable_book":1,"minecraft:dead_brain_coral_block":23,"minecraft:granite":67,"minecraft:golden_horse_armor":1,"minecraft:chainmail_helmet":2,"minecraft:bread":2,"minecraft:cyan_dye":7,"minecraft:rooted_dirt":44,"minecraft:diamond_pickaxe":3,"minecraft:crafting_table":10,"minecraft:mud":45,"minecraft:bubble_coral_fan":1,"minecraft:clay_ball":336,"minecraft:leather_leggings":5,"minecraft:dead_horn_coral_block":18,"minecraft:white_carpet":3,"minecraft:iron_shovel":2,"minecraft:cracked_stone_bricks":2,"minecraft:music_disc_otherside":1,"minecraft:beef":14,"minecraft:spruce_slab":11,"minecraft:chest":163,"minecraft:birch_sapling":6,"minecraft:raw_copper_block":24,"minecraft:egg":28,"minecraft:sandstone":9,"minecraft:music_disc_mellohi":3,"minecraft:amethyst_cluster":33,"minecraft:fire_charge":4,"minecraft:carrot":928,"minecraft:redstone":128,"minecraft:prismarine_crystals":96,"minecraft:beetroot_seeds":3,"minecraft:tube_coral_fan":1,"minecraft:shears":1,"minecraft:deepslate_bricks":396,"minecraft:hay_block":2,"minecraft:yellow_terracotta":13,"minecraft:gold_ingot":113,"minecraft:glow_berries":30,"minecraft:mutton":25,"minecraft:white_wool":14,"minecraft:rail":7,"minecraft:stripped_oak_log":5,"minecraft:mud_bricks":37,"minecraft:red_mushroom":20,"minecraft:ochre_froglight":4,"minecraft:filled_map":2,"minecraft:packed_mud":37,"minecraft:oak_log":337,"minecraft:lily_pad":10,"minecraft:ancient_debris":5,"minecraft:golden_boots":7,"minecraft:sculk_vein":4,"minecraft:paper":10,"man:cassette_1safetyinstructions":5,"minecraft:apple":44,"minecraft:kelp":6,"minecraft:warped_stem":8,"minecraft:spore_blossom":10,"minecraft:oak_fence_gate":2,"minecraft:stone_pickaxe":5,"minecraft:glass_bottle":2,"minecraft:iron_sword":1,"minecraft:flowering_azalea":5,"minecraft:smooth_basalt":123,"minecraft:sculk":4,"minecraft:spyglass":2,"minecraft:gravel":5,"minecraft:dead_fire_coral_block":14,"minecraft:spruce_sapling":56,"minecraft:spruce_log":58,"minecraft:crying_obsidian":1,"minecraft:leather_helmet":3,"minecraft:slime_ball":75,"minecraft:stone_axe":2,"minecraft:diamond_axe":1,"minecraft:scute":1,"minecraft:warped_roots":3,"minecraft:stripped_dark_oak_log":1,"minecraft:warped_nylium":1,"minecraft:melon_seeds":2,"minecraft:mangrove_propagule":4,"minecraft:hopper":5,"minecraft:ender_pearl":2,"minecraft:chiseled_deepslate":37,"minecraft:wheat":194,"minecraft:potion":1,"minecraft:gilded_blackstone":18,"minecraft:dead_tube_coral_block":12,"minecraft:raw_copper":1697,"minecraft:experience_bottle":33,"minecraft:oak_sign":4,"minecraft:deepslate_tiles":142,"minecraft:red_sand":12,"minecraft:bucket":1,"minecraft:smooth_quartz":70,"minecraft:calcite":326,"minecraft:azalea":22,"minecraft:wooden_shovel":9,"minecraft:iron_pickaxe":5,"minecraft:furnace":3,"minecraft:tipped_arrow":3,"minecraft:stick":45,"minecraft:acacia_fence":2,"minecraft:brown_terracotta":4,"minecraft:oak_fence":110,"minecraft:torch":63,"minecraft:spruce_stairs":4,"minecraft:porkchop":3,"minecraft:diorite":237,"minecraft:pointed_dripstone":21,"minecraft:vine":6,"minecraft:goat_horn":1,"minecraft:quartz_block":118,"minecraft:rotten_flesh":973,"minecraft:music_disc_ward":2,"minecraft:mangrove_roots":3,"minecraft:leather_horse_armor":1,"minecraft:obsidian":14,"minecraft:cod":2,"minecraft:cobblestone":401,"minecraft:muddy_mangrove_roots":8,"minecraft:magma_cream":3,"minecraft:andesite":211,"minecraft:golden_leggings":3,"minecraft:chiseled_quartz_block":63,"minecraft:potato":279,"minecraft:tuff":168,"minecraft:prismarine_bricks":87,"minecraft:wandering_trader_spawn_egg":2,"minecraft:horn_coral":3,"minecraft:lapis_lazuli":1408,"minecraft:dirt":430,"minecraft:name_tag":1,"minecraft:leather_boots":6,"minecraft:bone":910,"minecraft:bow":52,"minecraft:wheat_seeds":564,"minecraft:raw_gold":94,"minecraft:small_dripleaf":32,"minecraft:cobbled_deepslate_slab":2,"minecraft:bamboo":101,"minecraft:prismarine":127,"minecraft:oak_planks":434,"minecraft:stone_hoe":4,"minecraft:axolotl_spawn_egg":1,"minecraft:music_disc_13":2,"minecraft:oak_pressure_plate":1,"minecraft:poisonous_potato":1,"minecraft:sand":12,"minecraft:grass_block":2,"minecraft:mossy_cobblestone":73,"minecraft:dark_prismarine":56,"minecraft:light_gray_terracotta":43,"minecraft:clay":85,"minecraft:light_blue_terracotta":16,"minecraft:diamond":93,"minecraft:nether_sprouts":2,"minecraft:bone_meal":18,"minecraft:golden_apple":14,"minecraft:white_concrete":4,"minecraft:emerald":77,"minecraft:oak_sapling":221,"minecraft:netherrack":282,"minecraft:lingering_potion":1,"minecraft:blaze_spawn_egg":3,"minecraft:chicken":10,"minecraft:brown_mushroom":9,"minecraft:wooden_pickaxe":5,"minecraft:diorite_slab":8,"minecraft:oak_trapdoor":1,"minecraft:iron_axe":2,"minecraft:wooden_sword":2,"minecraft:blackstone":97,"minecraft:blue_orchid":7,"minecraft:candle":29,"minecraft:echo_shard":3,"minecraft:oak_boat":4,"minecraft:sugar_cane":181,"minecraft:dark_oak_sapling":23,"minecraft:raw_iron":153,"minecraft:bowl":3,"minecraft:quartz_pillar":42,"minecraft:frog_spawn_egg":3,"minecraft:music_disc_11":2,"minecraft:trident":2,"minecraft:iron_horse_armor":1,"minecraft:dark_oak_planks":4,"minecraft:arrow":954,"minecraft:nether_bricks":47,"minecraft:saddle":1,"minecraft:glistering_melon_slice":1,"minecraft:cracked_deepslate_tiles":19,"minecraft:basalt":52,"minecraft:golden_carrot":13,"minecraft:glow_ink_sac":15,"minecraft:salmon":4,"minecraft:leather":60,"minecraft:music_disc_stal":1,"minecraft:birch_planks":57,"minecraft:mushroom_stew":3,"minecraft:nether_wart_block":24,"minecraft:gunpowder":770,"minecraft:orange_terracotta":12,"minecraft:pearlescent_froglight":4,"minecraft:red_sandstone":23,"minecraft:rabbit_hide":10,"minecraft:iron_ingot":104,"minecraft:cooked_chicken":1,"minecraft:frogspawn":2,"minecraft:verdant_froglight":3,"minecraft:soul_sand":56,"minecraft:green_dye":6,"minecraft:book":9,"minecraft:sculk_catalyst":2,"minecraft:oak_slab":83,"minecraft:warped_fungus":1,"minecraft:pumpkin":21,"minecraft:budding_amethyst":6,"minecraft:quartz":43,"minecraft:dandelion":7,"minecraft:dripstone_block":333,"minecraft:raw_iron_block":20,"minecraft:amethyst_shard":20,"minecraft:white_bed":8,"minecraft:spider_eye":28,"minecraft:lime_dye":3,"minecraft:music_disc_mall":1,"minecraft:pumpkin_seeds":13,"minecraft:sculk_sensor":4,"minecraft:dried_kelp_block":6,"minecraft:dead_bubble_coral_block":10,"minecraft:terracotta":55,"minecraft:coal":243}},"DataVersion":3120}