{"stats":{"minecraft:mined":{"minecraft:white_bed":4,"minecraft:oak_sapling":3,"minecraft:granite":41,"minecraft:budding_amethyst":26,"minecraft:acacia_log":5,"minecraft:grass_block":88,"minecraft:oak_pressure_plate":1,"minecraft:deepslate_bricks":112,"minecraft:raw_iron_block":1,"minecraft:iron_ore":31,"minecraft:cobbled_deepslate":18,"minecraft:turtle_egg":1,"minecraft:pumpkin":6,"minecraft:deepslate_lapis_ore":36,"minecraft:spruce_slab":12,"minecraft:melon_stem":1,"minecraft:powder_snow":1,"minecraft:clay":17,"minecraft:torch":5,"minecraft:light_gray_terracotta":13,"minecraft:calcite":68,"minecraft:melon":7,"minecraft:chest":45,"minecraft:cobblestone":18,"minecraft:oak_planks":94,"minecraft:amethyst_block":79,"minecraft:deepslate_copper_ore":43,"minecraft:white_terracotta":2,"minecraft:birch_log":24,"minecraft:wheat":95,"minecraft:blue_ice":2,"minecraft:pumpkin_stem":11,"minecraft:oak_log":146,"minecraft:acacia_fence":2,"minecraft:dirt":56,"minecraft:smooth_basalt":16,"minecraft:raw_copper_block":2,"minecraft:oak_leaves":5,"minecraft:deepslate":178,"minecraft:attached_pumpkin_stem":1,"minecraft:deepslate_tiles":57,"minecraft:diamond_ore":8,"minecraft:tuff":55,"minecraft:deepslate_diamond_ore":13,"minecraft:candle":4,"minecraft:dark_oak_log":34,"minecraft:cobbled_deepslate_slab":1,"minecraft:moss_block":109,"minecraft:rooted_dirt":29,"minecraft:diorite_slab":3,"minecraft:oak_trapdoor":1,"minecraft:spruce_sapling":2,"minecraft:carrots":92,"minecraft:green_terracotta":12,"minecraft:andesite":36,"minecraft:deepslate_iron_ore":42,"minecraft:packed_ice":6,"minecraft:stone":144,"minecraft:podzol":19,"minecraft:oak_slab":5,"minecraft:snow_block":20,"minecraft:stripped_dark_oak_log":1,"minecraft:oak_fence":30,"minecraft:crafting_table":2,"minecraft:copper_ore":62,"minecraft:deepslate_coal_ore":31,"minecraft:lapis_ore":13,"minecraft:deepslate_gold_ore":34,"minecraft:diorite":63,"minecraft:prismarine_bricks":1,"minecraft:birch_planks":36,"minecraft:ice":1,"minecraft:spruce_log":22,"minecraft:coal_ore":35,"minecraft:dripstone_block":75,"minecraft:terracotta":2,"minecraft:gold_ore":6},"minecraft:killed_by":{"minecraft:creeper":4,"minecraft:polar_bear":1,"old_goatman:old_goatman":1,"minecraft:drowned":1,"mimicer:mimicer":3,"midnightlurker:void_hands":1,"minecraft:vindicator":4,"man:managgresive":2,"bwrtherain:rosemary":1,"minecraft:zombie":9,"kim_dweller:kim_dweller":1,"minecraft:elder_guardian":1,"minecraft:spider":2,"jacky:jacky":8,"cartoon_dweller:cartoon_dweller":3,"minecraft:skeleton":3,"mokey:mokey":6,"yeti:yeti":5},"minecraft:killed":{"minecraft:witch":4,"minecraft:spider":14,"minecraft:skeleton":237,"minecraft:chicken":3,"minecraft:tropical_fish":2,"minecraft:zombie_villager":4,"bwrtherain:spider_skull":2,"minecraft:creeper":182,"minecraft:sheep":2,"minecraft:goat":1,"minecraft:zombie":214,"minecraft:mooshroom":2,"minecraft:stray":5,"endofherobrine:chicken":1,"minecraft:vindicator":3,"minecraft:drowned":1,"minecraft:husk":6,"minecraft:rabbit":1,"minecraft:squid":1},"minecraft:used":{"minecraft:writable_book":1,"minecraft:spruce_slab":12,"minecraft:chest":41,"minecraft:iron_sword":84,"minecraft:carrot":169,"minecraft:axolotl_bucket":2,"minecraft:snowball":31,"minecraft:golden_sword":16,"minecraft:bow":5,"minecraft:oak_sapling":24,"minecraft:furnace":3,"minecraft:acacia_fence":14,"minecraft:egg":31,"minecraft:diorite":2,"minecraft:stone_pickaxe":341,"minecraft:oak_planks":421,"minecraft:wooden_pickaxe":30,"minecraft:mushroom_stew":57,"minecraft:sponge":2,"minecraft:pumpkin_seeds":12,"minecraft:oak_pressure_plate":1,"minecraft:wooden_sword":113,"minecraft:ice":1,"minecraft:bone_meal":7,"minecraft:diorite_slab":2,"minecraft:oak_fence":44,"minecraft:oak_trapdoor":3,"minecraft:stone_sword":213,"minecraft:dried_kelp":3,"minecraft:stone_shovel":43,"minecraft:wooden_shovel":94,"minecraft:stone_hoe":8,"minecraft:torch":8,"minecraft:dirt":200,"minecraft:spyglass":2,"minecraft:white_carpet":8,"minecraft:hopper":12,"minecraft:golden_chestplate":1,"minecraft:granite":10,"minecraft:small_dripleaf":1,"minecraft:wooden_axe":176,"minecraft:melon_seeds":3,"minecraft:golden_carrot":3,"minecraft:cobbled_deepslate":94,"minecraft:calcite":1,"minecraft:wheat_seeds":130,"minecraft:water_bucket":29,"minecraft:birch_planks":66,"minecraft:deepslate_bricks":1,"minecraft:oak_slab":94,"minecraft:crafting_table":4,"minecraft:white_bed":4,"minecraft:wooden_hoe":17,"minecraft:apple":2,"minecraft:iron_pickaxe":1176,"minecraft:spruce_sapling":4,"minecraft:stone_axe":381,"minecraft:cobblestone":3,"minecraft:cobbled_deepslate_slab":5,"minecraft:bucket":32,"minecraft:candle":17},"minecraft:crafted":{"minecraft:oak_planks":696,"minecraft:oak_pressure_plate":1,"minecraft:hopper":8,"minecraft:raw_copper":45,"minecraft:chest":1,"minecraft:acacia_fence":12,"minecraft:oak_fence":27,"minecraft:golden_sword":1,"minecraft:oak_slab":90,"minecraft:wooden_shovel":3,"minecraft:crafting_table":1,"minecraft:spruce_planks":4,"minecraft:wooden_pickaxe":1,"minecraft:birch_planks":52,"minecraft:wooden_hoe":1,"minecraft:charcoal":3,"minecraft:stick":76,"minecraft:iron_ingot":109,"minecraft:iron_pickaxe":7,"minecraft:stone_sword":2,"minecraft:gold_ingot":111,"minecraft:shears":1,"minecraft:wooden_sword":2,"minecraft:cobbled_deepslate_slab":12,"minecraft:raw_iron":18,"minecraft:stone_shovel":3,"minecraft:furnace":2,"minecraft:bone_meal":12,"minecraft:white_carpet":9,"minecraft:oak_trapdoor":2,"minecraft:spruce_stairs":4,"minecraft:spruce_slab":18,"minecraft:stone_pickaxe":3,"minecraft:dark_oak_planks":4,"minecraft:cooked_beef":4,"minecraft:bowl":12,"minecraft:bucket":1,"minecraft:stone_axe":8,"minecraft:air":0,"minecraft:oak_boat":1,"minecraft:white_wool":9,"minecraft:wooden_axe":5,"minecraft:white_bed":1,"minecraft:acacia_planks":20,"minecraft:torch":12,"minecraft:clay":84},"minecraft:picked_up":{"minecraft:wooden_axe":1,"minecraft:seagrass":2,"minecraft:wheat":73,"minecraft:chainmail_boots":4,"minecraft:lead":2,"minecraft:amethyst_block":155,"minecraft:string":42,"minecraft:raw_copper":497,"minecraft:deepslate_tiles":72,"minecraft:cobbled_deepslate":228,"minecraft:bucket":1,"minecraft:written_book":2,"minecraft:calcite":142,"minecraft:azalea":15,"minecraft:wooden_shovel":9,"minecraft:iron_pickaxe":3,"minecraft:melon_slice":119,"minecraft:furnace":1,"minecraft:tipped_arrow":3,"minecraft:golden_helmet":3,"minecraft:stick":25,"minecraft:acacia_fence":2,"minecraft:big_dripleaf":8,"minecraft:oak_fence":35,"minecraft:torch":18,"minecraft:acacia_log":7,"minecraft:pointed_dripstone":3,"minecraft:diorite":132,"minecraft:vine":3,"minecraft:golden_chestplate":2,"minecraft:green_terracotta":20,"minecraft:rabbit_foot":1,"minecraft:rotten_flesh":493,"minecraft:tropical_fish":12,"minecraft:music_disc_ward":1,"minecraft:white_terracotta":17,"minecraft:snowball":346,"minecraft:cobblestone":231,"minecraft:sponge":2,"minecraft:birch_log":65,"minecraft:cooked_beef":2,"minecraft:feather":21,"minecraft:water_bucket":2,"minecraft:andesite":86,"minecraft:tuff":62,"minecraft:prismarine_bricks":2,"minecraft:map":1,"minecraft:lapis_lazuli":429,"minecraft:dirt":248,"minecraft:leather_boots":6,"minecraft:bone":462,"minecraft:bow":38,"minecraft:gray_terracotta":8,"minecraft:wheat_seeds":226,"minecraft:small_dripleaf":4,"minecraft:raw_gold":42,"minecraft:cobbled_deepslate_slab":1,"minecraft:rabbit":2,"minecraft:moss_block":295,"minecraft:prismarine":20,"minecraft:stone_hoe":2,"minecraft:oak_planks":83,"minecraft:glow_lichen":1,"minecraft:music_disc_13":1,"minecraft:oak_pressure_plate":1,"minecraft:ink_sac":3,"minecraft:grass_block":2,"minecraft:dark_oak_log":42,"minecraft:light_gray_terracotta":22,"minecraft:blue_terracotta":8,"minecraft:diamond":21,"minecraft:dead_brain_coral_block":3,"minecraft:granite":57,"minecraft:bone_meal":9,"minecraft:emerald":1,"minecraft:cyan_dye":2,"minecraft:rooted_dirt":41,"minecraft:oak_sapling":100,"minecraft:blaze_spawn_egg":1,"minecraft:crafting_table":5,"minecraft:chicken":9,"minecraft:clay_ball":284,"minecraft:leather_leggings":1,"minecraft:brown_mushroom":2,"minecraft:wooden_pickaxe":5,"minecraft:diorite_slab":5,"minecraft:oak_trapdoor":1,"minecraft:wooden_sword":2,"minecraft:white_carpet":3,"minecraft:iron_shovel":1,"minecraft:candle":19,"minecraft:music_disc_otherside":1,"minecraft:beef":4,"minecraft:oak_boat":1,"minecraft:spruce_slab":3,"minecraft:birch_sapling":4,"minecraft:chest":61,"minecraft:raw_copper_block":7,"minecraft:egg":24,"minecraft:dark_oak_sapling":13,"minecraft:raw_iron":85,"minecraft:bowl":3,"minecraft:music_disc_mellohi":2,"minecraft:amethyst_cluster":11,"minecraft:frog_spawn_egg":1,"minecraft:music_disc_11":1,"minecraft:carrot":331,"minecraft:redstone":1,"minecraft:prismarine_crystals":4,"minecraft:arrow":479,"minecraft:shears":1,"minecraft:deepslate_bricks":215,"minecraft:glow_berries":6,"minecraft:mutton":10,"minecraft:white_wool":6,"minecraft:rail":4,"minecraft:golden_carrot":3,"minecraft:glow_ink_sac":2,"minecraft:salmon":1,"minecraft:leather":48,"minecraft:music_disc_stal":1,"minecraft:red_mushroom":15,"minecraft:birch_planks":22,"minecraft:mushroom_stew":3,"minecraft:oak_log":185,"minecraft:golden_boots":5,"minecraft:gunpowder":408,"minecraft:paper":6,"man:cassette_1safetyinstructions":5,"minecraft:apple":24,"minecraft:rabbit_hide":10,"minecraft:iron_ingot":4,"minecraft:stone_pickaxe":4,"minecraft:glass_bottle":1,"minecraft:flowering_azalea":2,"minecraft:book":4,"minecraft:green_dye":2,"minecraft:oak_slab":8,"minecraft:smooth_basalt":54,"minecraft:pumpkin":15,"minecraft:dripstone_block":196,"minecraft:dandelion":5,"minecraft:spyglass":2,"minecraft:raw_iron_block":2,"minecraft:amethyst_shard":6,"minecraft:spruce_sapling":20,"minecraft:white_bed":3,"minecraft:spruce_log":26,"minecraft:spider_eye":15,"minecraft:leather_helmet":2,"minecraft:pumpkin_seeds":11,"minecraft:dried_kelp_block":1,"minecraft:stone_axe":1,"minecraft:terracotta":19,"minecraft:melon_seeds":2,"minecraft:stripped_dark_oak_log":1,"minecraft:coal":112,"minecraft:hopper":5},"minecraft:custom":{"minecraft:animals_bred":9,"minecraft:interact_with_crafting_table":120,"minecraft:leave_game":8,"minecraft:time_since_death":949,"minecraft:damage_resisted":315,"minecraft:sprint_one_cm":776421,"minecraft:drop":28,"minecraft:talked_to_villager":11,"minecraft:play_time":397718,"minecraft:deaths":64,"minecraft:jump":2281,"minecraft:walk_on_water_one_cm":23460,"minecraft:interact_with_furnace":77,"minecraft:sleep_in_bed":1,"minecraft:damage_dealt":19574,"minecraft:crouch_one_cm":221469,"minecraft:horse_one_cm":3943,"minecraft:mob_kills":695,"minecraft:inspect_hopper":1,"minecraft:damage_dealt_resisted":1435,"minecraft:walk_one_cm":1110903,"minecraft:sneak_time":92894,"minecraft:walk_under_water_one_cm":45145,"minecraft:total_world_time":397718,"minecraft:time_since_rest":1060,"minecraft:damage_taken":121497,"minecraft:swim_one_cm":12427,"minecraft:fly_one_cm":437466,"minecraft:open_chest":1411,"minecraft:fall_one_cm":23952},"minecraft:broken":{"minecraft:wooden_shovel":1,"minecraft:stone_pickaxe":2,"minecraft:wooden_sword":1,"minecraft:stone_axe":1,"minecraft:wooden_axe":3,"minecraft:stone_sword":1,"minecraft:leather_boots":1,"minecraft:iron_pickaxe":3},"minecraft:dropped":{"minecraft:diamond":1,"minecraft:crafting_table":1,"minecraft:dark_oak_sapling":3,"minecraft:glow_berries":3,"minecraft:leather":17,"minecraft:rail":2,"minecraft:wooden_sword":2,"minecraft:iron_pickaxe":1,"minecraft:spyglass":1,"minecraft:cobbled_deepslate":9,"minecraft:rotten_flesh":12,"minecraft:azalea":7,"minecraft:spruce_slab":1,"minecraft:written_book":1,"minecraft:wheat_seeds":11,"minecraft:golden_helmet":2,"minecraft:mushroom_stew":2,"minecraft:wooden_hoe":1,"minecraft:paper":3,"minecraft:smooth_basalt":2,"minecraft:blue_terracotta":3,"minecraft:clay_ball":8,"minecraft:deepslate_bricks":1,"minecraft:wooden_shovel":1,"minecraft:amethyst_cluster":2}},"DataVersion":3120}