{"stats":{"minecraft:used":{"minecraft:blue_terracotta":1,"minecraft:stone_sword":12,"minecraft:shield":2,"minecraft:iron_sword":175,"minecraft:cooked_chicken":5,"minecraft:carrot":16,"minecraft:granite":1,"minecraft:stone_brick_slab":1,"minecraft:wooden_axe":6,"hmag:golden_tropical_fish":1,"bossominium:guardian_sapling":1,"minecraft:furnace":8,"croptopia:garlic":1,"tombstone:gift":2,"grimoireofgaia:meat":1,"minecraft:cooked_beef":2,"minecraft:acacia_planks":1,"minecraft:cooked_mutton":2,"minecraft:stone_pickaxe":181,"minecraft:oak_planks":12,"minecraft:baked_potato":14,"farmersdelight:golden_knife":1,"minecraft:wooden_pickaxe":14,"minecraft:sandstone":5,"minecraft:cut_sandstone":1,"minecraft:mossy_cobblestone":3,"minecraft:sand":3,"minecraft:crafting_table":10,"minecraft:white_bed":5,"hmag:spectral_soup":1,"sophisticatedbackpacks:backpack":2,"minecraft:bread":4,"minecraft:iron_pickaxe":240,"minecraft:stone_slab":1,"minecraft:stone_axe":92,"exoticbirds:cooked_birdmeat":2,"minecraft:cobblestone":87,"minecraft:cooked_porkchop":4,"minecraft:andesite":2,"minecraft:yellow_bed":9,"minecraft:oak_boat":3},"minecraft:killed_by":{"minecraft:player":1,"minecraft:spider":1,"grimoireofgaia:cobble_golem":1,"minecraft:silverfish":1,"minecraft:cave_spider":2,"minecraft:zombie":1,"minecraft:vex":1},"minecraft:dropped":{"evilcraft:condensed_blood":13,"minecraft:iron_helmet":1,"croptopia:grape":1,"bossominium:the_bossdexium":2,"mca:book_romance":1,"farmersdelight:golden_knife":1,"tombstone:grave_dust":5,"minecraft:iron_leggings":1,"minecraft:iron_pickaxe":1,"minecraft:white_wool":2,"minecraft:golden_chestplate":2,"tombstone:gift":1,"minecraft:iron_boots":1,"sophisticatedbackpacks:backpack":2,"guideapi_vp:vampirism-guidebook":2,"minecraft:infested_stone_bricks":1,"minecraft:flint_and_steel":1,"minecraft:shield":1,"minecraft:spider_eye":1,"bossominium:guardian_sapling":1},"minecraft:killed":{"naturalist:rattlesnake":1,"minecraft:spider":12,"exoticbirds:gull":3,"naturalist:snail":1,"grimoireofgaia:goblin":1,"minecraft:skeleton":6,"minecraft:chicken":8,"minecraft:drowned":9,"minecraft:pig":10,"naturalist:snake":1,"minecraft:sheep":2,"minecraft:zombie":5,"exoticbirds:swan":1,"minecraft:cow":1,"exoticbirds:peafowl":1},"minecraft:mined":{"minecraft:stone_pressure_plate":1,"minecraft:spruce_planks":1,"minecraft:white_bed":4,"minecraft:mossy_cobblestone":3,"croptopia:grape_crop":1,"farmersdelight:wild_carrots":16,"minecraft:jungle_leaves":4,"minecraft:dark_oak_pressure_plate":1,"minecraft:granite":2,"minecraft:acacia_log":4,"minecraft:grass_block":7,"minecraft:jungle_log":7,"croptopia:coffee_crop":1,"minecraft:sandstone":9,"minecraft:chiseled_stone_bricks":1,"minecraft:light_blue_stained_glass":3,"minecraft:tall_seagrass":2,"minecraft:hay_block":45,"minecraft:furnace":9,"minecraft:nether_sprouts":1,"minecraft:iron_ore":63,"minecraft:andesite":3,"minecraft:twisting_vines":1,"minecraft:bookshelf":6,"blue_skies:spider_webbing":6,"minecraft:bamboo":1,"minecraft:stone":89,"sophisticatedbackpacks:backpack":2,"minecraft:white_wool":2,"minecraft:oak_slab":1,"minecraft:cut_sandstone":1,"farmersdelight:organic_compost":1,"minecraft:twisting_vines_plant":1,"minecraft:stone_brick_slab":1,"croptopia:sweetpotato_crop":1,"minecraft:crafting_table":7,"minecraft:blast_furnace":1,"minecraft:emerald_ore":1,"croptopia:cinnamon_log":7,"croptopia:garlic_crop":1,"minecraft:warped_roots":1,"minecraft:stone_slab":3,"minecraft:cobblestone":33,"minecraft:sugar_cane":17,"minecraft:oak_planks":1,"minecraft:diorite":9,"minecraft:seagrass":1,"minecraft:stone_stairs":2,"bossominium:guardian_sapling":2,"minecraft:blue_terracotta":1,"minecraft:dark_oak_slab":1,"croptopia:peanut_crop":1,"minecraft:wheat":6,"atlantis:aquamarine_ore":8,"croptopia:tomato_crop":1,"minecraft:yellow_bed":9,"minecraft:grass":19,"croptopia:hops_crop":1,"minecraft:oak_log":17,"minecraft:coal_ore":183,"minecraft:sunflower":1,"minecraft:sand":4,"structure_gel:dynamic_spawner":6,"minecraft:cobweb":14,"minecraft:stone_bricks":1,"minecraft:oak_leaves":9,"minecraft:fern":1,"paraglider:goddess_statue":1},"minecraft:picked_up":{"minecraft:crafting_table":7,"croptopia:cinnamon_log":7,"minecraft:chicken":8,"croptopia:peach":5,"croptopia:grape_seed":2,"minecraft:stone_slab":2,"croptopia:sweetpotato_seed":1,"atlantis:atlantean_fire_melon_fruit_seeds":1,"paraglider:goddess_statue":1,"minecraft:stone_stairs":2,"minecraft:string":20,"minecraft:dark_oak_pressure_plate":1,"minecraft:flint_and_steel":1,"croptopia:tomato_seed":2,"minecraft:beef":2,"minecraft:oak_boat":2,"minecraft:iron_nugget":1,"minecraft:iron_pickaxe":1,"minecraft:sugar_cane":36,"minecraft:furnace":9,"minecraft:stick":2,"minecraft:raw_iron":63,"minecraft:sandstone":9,"grimoireofgaia:meat":1,"minecraft:copper_ingot":1,"minecraft:acacia_log":4,"sophisticatedbackpacks:backpack":4,"minecraft:porkchop":18,"croptopia:ginger_seed":1,"tombstone:grave_dust":4,"minecraft:diorite":7,"minecraft:carrot":16,"minecraft:golden_chestplate":1,"croptopia:coffee_seed":1,"minecraft:stone_pressure_plate":1,"croptopia:grape":1,"minecraft:arrow":6,"minecraft:rotten_flesh":14,"minecraft:hay_block":39,"minecraft:saddle":1,"evilcraft:condensed_blood":13,"minecraft:mutton":2,"minecraft:cobblestone":119,"croptopia:garlic_seed":2,"exoticbirds:raw_birdmeat":14,"minecraft:white_wool":9,"minecraft:feather":12,"minecraft:jungle_log":7,"minecraft:andesite":2,"minecraft:cut_sandstone":1,"minecraft:leather":5,"minecraft:oak_log":17,"minecraft:yellow_bed":9,"bossominium:guardian_sapling":3,"minecraft:dirt":5,"exoticbirds:cooked_birdmeat":2,"minecraft:twisting_vines":1,"farmersdelight:organic_compost":1,"croptopia:garlic":1,"minecraft:bone":10,"minecraft:stone_bricks":1,"croptopia:sweetpotato":1,"minecraft:bow":1,"minecraft:wheat_seeds":2,"guideapi_vp:vampirism-guidebook":1,"minecraft:iron_ingot":5,"croptopia:tomato":1,"minecraft:bamboo":9,"minecraft:book":18,"croptopia:peanut_seed":2,"croptopia:peanut":1,"minecraft:dark_oak_slab":1,"croptopia:apricot":3,"minecraft:stone_brick_slab":1,"croptopia:ginger":1,"croptopia:hops":1,"minecraft:sand":3,"minecraft:white_bed":4,"grimoireofgaia:shiny_pearl":1,"croptopia:coffee_beans":1,"minecraft:spider_eye":3,"minecraft:mossy_cobblestone":3,"minecraft:blue_terracotta":1,"croptopia:hops_seed":2,"minecraft:slime_ball":1,"bossominium:the_bossdexium":1,"minecraft:granite":2,"minecraft:emerald":1,"minecraft:coal":565,"atlantis:aquamarine_gem":8,"minecraft:sunflower":1},"minecraft:crafted":{"minecraft:oak_planks":68,"minecraft:cooked_chicken":8,"minecraft:cooked_mutton":2,"minecraft:iron_boots":2,"minecraft:stone_pickaxe":2,"minecraft:chest":1,"minecraft:wheat":54,"minecraft:cooked_beef":2,"sophisticatedbackpacks:backpack":1,"minecraft:cooked_porkchop":18,"minecraft:crafting_table":4,"minecraft:wooden_pickaxe":1,"minecraft:iron_helmet":2,"minecraft:iron_sword":1,"minecraft:stone_axe":1,"minecraft:air":0,"minecraft:jungle_planks":28,"minecraft:oak_boat":1,"minecraft:shield":2,"minecraft:stick":16,"minecraft:iron_pickaxe":1,"minecraft:iron_ingot":51,"minecraft:wooden_axe":1,"minecraft:stone_sword":1,"minecraft:iron_leggings":2,"minecraft:white_bed":2,"minecraft:acacia_planks":16},"minecraft:custom":{"minecraft:mob_kills":66,"minecraft:interact_with_crafting_table":23,"minecraft:open_barrel":10,"minecraft:damage_dealt_resisted":143,"minecraft:leave_game":4,"minecraft:time_since_death":62540,"minecraft:climb_one_cm":4593,"minecraft:sprint_one_cm":429470,"minecraft:walk_one_cm":210434,"minecraft:damage_blocked_by_shield":40,"minecraft:drop":24,"minecraft:damage_dealt_absorbed":476,"minecraft:talked_to_villager":1,"minecraft:play_time":177498,"minecraft:deaths":8,"minecraft:sneak_time":8747,"minecraft:walk_under_water_one_cm":18297,"minecraft:boat_one_cm":332694,"minecraft:jump":3960,"minecraft:interact_with_blast_furnace":2,"minecraft:walk_on_water_one_cm":14953,"minecraft:total_world_time":177498,"minecraft:interact_with_furnace":36,"minecraft:sleep_in_bed":12,"minecraft:time_since_rest":19164,"minecraft:waystone_activated":1,"minecraft:damage_taken":4020,"tombstone:sneak_grave":1,"minecraft:damage_dealt":9636,"minecraft:swim_one_cm":43861,"minecraft:fly_one_cm":845865,"minecraft:player_kills":1,"minecraft:open_chest":28,"minecraft:crouch_one_cm":21118,"tombstone:undead_killed":20,"minecraft:fall_one_cm":112402},"minecraft:broken":{"minecraft:stone_pickaxe":1}},"DataVersion":3120}