{"stats":{"minecraft:mined":{"minecraft:white_bed":12,"croptopia:orange_crop":2,"croptopia:grape_crop":2,"farmersdelight:wild_carrots":7,"minecraft:granite":6,"minecraft:acacia_log":10,"minecraft:grass_block":95,"minecraft:oxeye_daisy":1,"minecraft:spawner":1,"minecraft:carrots":10,"minecraft:furnace":10,"minecraft:iron_ore":71,"minecraft:cobbled_deepslate":5,"minecraft:fire":1,"minecraft:andesite":1,"evilcraft:dark_ore":1,"minecraft:potatoes":3,"supplementaries:stick":2,"minecraft:dirt_path":2,"minecraft:deepslate_iron_ore":2,"minecraft:vine":7,"minecraft:rail":1,"minecraft:stripped_oak_log":1,"minecraft:stone":77,"minecraft:white_wool":2,"minecraft:deepslate_redstone_ore":14,"minecraft:acacia_leaves":4,"atlantis:aquamarine_deepslate_ore":4,"minecraft:crafting_table":5,"minecraft:emerald_ore":1,"minecraft:chest":3,"supplementaries:wild_flax":1,"minecraft:tall_grass":8,"minecraft:cobblestone":15,"minecraft:deepslate_gold_ore":4,"minecraft:lapis_ore":5,"minecraft:oak_planks":7,"minecraft:sugar_cane":4,"minecraft:diorite":2,"minecraft:wall_torch":1,"minecraft:white_terracotta":1,"bossominium:guardian_sapling":1,"additional_lights:fire_for_standing_torch_s":1,"evilcraft:dark_ore_deepslate":3,"minecraft:wheat":13,"minecraft:grass":26,"minecraft:oak_log":72,"minecraft:coal_ore":61,"minecraft:beetroots":1,"minecraft:dirt":22,"minecraft:cobweb":23,"minecraft:cracked_stone_bricks":3,"minecraft:stone_bricks":3,"minecraft:gold_ore":10,"minecraft:mossy_stone_bricks":2,"minecraft:oak_leaves":22,"minecraft:deepslate":7,"paraglider:goddess_statue":1},"minecraft:used":{"minecraft:stone_sword":60,"minecraft:chest":9,"minecraft:shield":34,"minecraft:iron_sword":213,"minecraft:wooden_shovel":14,"minecraft:stick":2,"minecraft:torch":19,"paraglider:goddess_statue":1,"minecraft:dirt":52,"minecraft:carrot":13,"minecraft:granite":4,"minecraft:villager_spawn_egg":3,"minecraft:iron_axe":101,"minecraft:bamboo":2,"bossominium:guardian_sapling":1,"minecraft:oak_sapling":2,"minecraft:furnace":10,"tombstone:gift":2,"grimoireofgaia:meat":3,"atlantis:shovel_aquamarine":78,"minecraft:cooked_beef":7,"minecraft:cobbled_deepslate":34,"minecraft:acacia_planks":2,"minecraft:wheat_seeds":28,"minecraft:diorite":2,"minecraft:cooked_mutton":7,"minecraft:water_bucket":36,"minecraft:stone_pickaxe":70,"minecraft:oak_planks":1,"blue_skies:horizonite_sword":2,"minecraft:wooden_pickaxe":37,"minecraft:white_wool":2,"minecraft:crafting_table":12,"supplementaries:bomb":3,"minecraft:blast_furnace":1,"minecraft:white_bed":16,"croptopia:orange":5,"justhammers:iron_hammer":263,"croptopia:plum":3,"minecraft:oak_log":7,"minecraft:apple":20,"minecraft:bread":5,"minecraft:iron_pickaxe":209,"tombstone:grave_key":1,"hmag:cooked_savagefang_meat":11,"minecraft:stone_axe":12,"exoticbirds:cooked_birdmeat":1,"minecraft:cobblestone":79,"additional_lights:fire_for_standing_torch_s":23,"minecraft:cooked_porkchop":6,"minecraft:andesite":1,"minecraft:bucket":37},"minecraft:dropped":{"tombstone:scroll_of_reach":1,"minecraft:iron_sword":1,"minecraft:wheat_seeds":2,"vampirism:vampire_book":1,"evilcraft:condensed_blood":143,"minecraft:cooked_porkchop":3,"vampirism:hunter_coat_legs_ultimate":1,"vampirism:heart_seeker_enhanced":1,"minecraft:oak_fence":7,"vampirism:amulet":1,"minecraft:coal":72,"vampirism:hunter_coat_chest_ultimate":1,"croptopia:grape_seed":4,"minecraft:jungle_sapling":1,"minecraft:iron_axe":2,"minecraft:iron_pickaxe":1,"vampirism:ring":1,"hmag:cooked_savagefang_meat":4,"minecraft:furnace":3,"minecraft:stone_axe":1,"vampirism:armor_of_swiftness_head_ultimate":1,"atlantis:aquamarine_gem":1,"vampirism:hunter_coat_head_ultimate":1,"minecraft:rotten_flesh":1,"minecraft:oak_planks":68,"minecraft:name_tag":3,"evilcraft:origins_of_darkness":2,"guideapi_vp:vampirism-guidebook":1,"vampirism:armor_of_swiftness_chest_ultimate":2,"minecraft:gunpowder":1,"vampirism:vampire_fang":2},"minecraft:killed":{"vampirism:vampire":2,"minecraft:cave_spider":3,"grimoireofgaia:satyress":1,"minecraft:spider":2,"hmag:skeleton_girl":1,"grimoireofgaia:minotaurus":2,"grimoireofgaia:centaur":1,"minecraft:skeleton":2,"grimoireofgaia:mimic":1,"vampirism:villager_converted":1,"vampirism:task_master_vampire":1,"hmag:ghost":2,"minecraft:pig":4,"naturalist:snake":1,"naturalist:butterfly":1,"minecraft:creeper":2,"hmag:kobold":1,"minecraft:sheep":10,"minecraft:trader_llama":2,"minecraft:zombie":10,"grimoireofgaia:deathword":1,"grimoireofgaia:harpy":1,"grimoireofgaia:werecat":2,"minecraft:cow":7},"minecraft:crafted":{"minecraft:smooth_stone":12,"minecraft:oak_planks":112,"minecraft:furnace":3,"minecraft:blast_furnace":1,"minecraft:stone":12,"minecraft:cooked_mutton":7,"minecraft:iron_axe":1,"minecraft:stone_pickaxe":1,"minecraft:chest":6,"minecraft:cooked_beef":7,"minecraft:wooden_shovel":1,"minecraft:cooked_porkchop":6,"minecraft:crafting_table":5,"minecraft:wooden_pickaxe":1,"minecraft:iron_sword":1,"additional_lights:fire_for_standing_torch_s":37,"minecraft:bucket":1,"minecraft:stone_axe":1,"minecraft:air":0,"justhammers:iron_hammer":3,"atlantis:shovel_aquamarine":1,"minecraft:white_wool":6,"minecraft:shield":1,"minecraft:stick":32,"minecraft:iron_ingot":69,"minecraft:iron_pickaxe":1,"minecraft:stone_sword":1,"minecraft:gold_ingot":21,"minecraft:white_bed":4,"minecraft:acacia_planks":40,"minecraft:torch":52},"minecraft:broken":{"vampirism:armor_of_swiftness_head_ultimate":1,"justhammers:iron_hammer":1,"minecraft:shield":1},"minecraft:custom":{"minecraft:mob_kills":60,"minecraft:interact_with_crafting_table":46,"minecraft:open_barrel":4,"minecraft:leave_game":12,"minecraft:time_since_death":38920,"minecraft:climb_one_cm":53507,"minecraft:damage_resisted":384,"minecraft:sprint_one_cm":714182,"minecraft:walk_one_cm":352890,"minecraft:damage_blocked_by_shield":3270,"minecraft:drop":40,"minecraft:damage_dealt_absorbed":217,"minecraft:play_time":227755,"minecraft:sneak_time":7309,"minecraft:deaths":16,"minecraft:walk_under_water_one_cm":17876,"tombstone:tomb_raiding":1,"minecraft:boat_one_cm":119487,"minecraft:jump":6060,"minecraft:interact_with_blast_furnace":7,"minecraft:walk_on_water_one_cm":23870,"minecraft:total_world_time":227755,"minecraft:interact_with_furnace":77,"minecraft:sleep_in_bed":15,"minecraft:time_since_rest":12572,"minecraft:waystone_activated":4,"minecraft:damage_taken":7248,"minecraft:damage_dealt":12585,"minecraft:player_kills":2,"minecraft:swim_one_cm":32730,"minecraft:fly_one_cm":1361837,"minecraft:open_chest":98,"minecraft:crouch_one_cm":17763,"tombstone:undead_killed":15,"tombstone:villager_killed":1,"minecraft:fall_one_cm":189950},"minecraft:picked_up":{"minecraft:crafting_table":5,"minecraft:wheat":9,"croptopia:grape_seed":4,"vampirism:heart_striker_enhanced":1,"hmag:ancient_stone":3,"vampirism:holy_water_bottle_normal":1,"paraglider:goddess_statue":2,"minecraft:string":28,"minecraft:iron_axe":2,"minecraft:beetroot":1,"vampirism:obi_belt":1,"supplementaries:bomb":2,"minecraft:cracked_stone_bricks":3,"minecraft:gold_nugget":2,"minecraft:cobbled_deepslate":59,"minecraft:beef":7,"minecraft:oak_boat":2,"minecraft:azalea":1,"minecraft:iron_nugget":9,"minecraft:chest":3,"minecraft:sugar_cane":18,"minecraft:furnace":10,"minecraft:stick":17,"minecraft:raw_iron":76,"grimoireofgaia:meat":5,"minecraft:oak_fence":2,"minecraft:torch":64,"minecraft:acacia_log":10,"sophisticatedbackpacks:backpack":1,"minecraft:porkchop":6,"croptopia:almond":3,"vampirism:holy_water_bottle_enhanced":2,"minecraft:diorite":2,"vampirism:vampire_fang":3,"vampirism:amulet":2,"minecraft:carrot":30,"minecraft:redstone":77,"croptopia:grape":1,"minecraft:stone_sword":1,"minecraft:arrow":6,"minecraft:rotten_flesh":16,"minecraft:beetroot_seeds":3,"minecraft:saddle":1,"tombstone:essence_of_undeath":2,"evilcraft:condensed_blood":7,"minecraft:mutton":9,"vampirism:heart_seeker_enhanced":2,"minecraft:oxeye_daisy":1,"minecraft:rail":3,"minecraft:white_wool":8,"minecraft:cobblestone":680,"croptopia:cauliflower":1,"minecraft:stripped_oak_log":1,"minecraft:feather":1,"hmag:purification_cloth":2,"minecraft:andesite":1,"minecraft:leather":23,"minecraft:potato":7,"paraglider:spirit_orb":2,"additional_lights:fire_for_standing_torch_s":16,"evilcraft:flesh_humanoid":1,"minecraft:oak_log":105,"minecraft:gunpowder":2,"bossominium:guardian_sapling":1,"tombstone:voodoo_poppet":1,"minecraft:lapis_lazuli":38,"minecraft:dirt":117,"minecraft:paper":2,"exoticbirds:cooked_birdmeat":1,"minecraft:name_tag":6,"hmag:evil_crystal_fragment":1,"minecraft:bone":4,"minecraft:apple":20,"minecraft:stone_bricks":3,"minecraft:wheat_seeds":32,"minecraft:raw_gold":21,"minecraft:iron_ingot":2,"minecraft:mossy_stone_bricks":2,"minecraft:bamboo":2,"vampirism:holy_water_bottle_ultimate":1,"minecraft:iron_sword":2,"minecraft:oak_planks":42,"minecraft:book":1,"croptopia:cauliflower_seed":2,"minecraft:cooked_porkchop":3,"croptopia:plum":4,"hmag:soul_powder":4,"vampirism:ring":1,"minecraft:dandelion":2,"minecraft:white_bed":11,"exoticbirds:mystery_egg":4,"vampirism:hunter_axe_ultimate":1,"minecraft:spider_eye":1,"minecraft:bundle":1,"minecraft:pumpkin_seeds":2,"tombstone:scroll_of_knowledge":3,"croptopia:orange":24,"evilcraft:dark_gem":19,"minecraft:granite":6,"minecraft:emerald":2,"minecraft:oak_sapling":12,"minecraft:coal":405,"atlantis:aquamarine_gem":17},"minecraft:killed_by":{"minecraft:player":2,"hmag:ogre":1,"grimoireofgaia:bone_knight":1,"grimoireofgaia:valkyrie":1,"minecraft:cave_spider":1,"grimoireofgaia:minotaurus":4,"minecraft:zombie":1}},"DataVersion":3120}