{"stats":{"minecraft:mined":{"minecraft:attached_pumpkin_stem":1,"minecraft:deepslate_tiles":57,"minecraft:diamond_ore":8,"minecraft:tuff":55,"minecraft:oak_sapling":1,"minecraft:deepslate_diamond_ore":12,"minecraft:candle":1,"minecraft:dark_oak_log":34,"minecraft:granite":39,"minecraft:budding_amethyst":26,"minecraft:acacia_log":5,"minecraft:grass_block":88,"minecraft:deepslate_bricks":112,"minecraft:moss_block":95,"minecraft:rooted_dirt":27,"minecraft:raw_iron_block":1,"minecraft:spruce_sapling":2,"minecraft:carrots":22,"minecraft:iron_ore":29,"minecraft:green_terracotta":12,"minecraft:andesite":31,"minecraft:pumpkin":6,"minecraft:deepslate_lapis_ore":36,"minecraft:deepslate_iron_ore":42,"minecraft:packed_ice":6,"minecraft:stone":143,"minecraft:spruce_slab":1,"minecraft:podzol":19,"minecraft:melon_stem":1,"minecraft:snow_block":20,"minecraft:stripped_dark_oak_log":1,"minecraft:powder_snow":1,"minecraft:crafting_table":2,"minecraft:oak_fence":27,"minecraft:clay":17,"minecraft:torch":3,"minecraft:light_gray_terracotta":8,"minecraft:calcite":68,"minecraft:melon":7,"minecraft:chest":37,"minecraft:cobblestone":1,"minecraft:copper_ore":59,"minecraft:deepslate_coal_ore":30,"minecraft:lapis_ore":13,"minecraft:deepslate_gold_ore":34,"minecraft:oak_planks":77,"minecraft:diorite":49,"minecraft:amethyst_block":78,"minecraft:deepslate_copper_ore":41,"minecraft:white_terracotta":2,"minecraft:birch_planks":12,"minecraft:birch_log":24,"minecraft:wheat":54,"minecraft:blue_ice":2,"minecraft:ice":1,"minecraft:spruce_log":22,"minecraft:pumpkin_stem":11,"minecraft:oak_log":97,"minecraft:coal_ore":35,"minecraft:acacia_fence":2,"minecraft:dripstone_block":71,"minecraft:dirt":53,"minecraft:smooth_basalt":14,"minecraft:terracotta":2,"minecraft:raw_copper_block":2,"minecraft:gold_ore":4,"minecraft:oak_leaves":1,"minecraft:deepslate":174},"minecraft:killed_by":{"yeti:yeti":2,"minecraft:polar_bear":1,"jacky:jacky":3,"mimicer:mimicer":3,"minecraft:skeleton":3,"minecraft:zombie":9,"mokey:mokey":2,"kim_dweller:kim_dweller":1},"minecraft:killed":{"minecraft:spider":11,"minecraft:skeleton":3,"minecraft:chicken":3,"minecraft:tropical_fish":2,"minecraft:rabbit":1,"bwrtherain:spider_skull":1,"minecraft:creeper":6,"minecraft:sheep":2,"minecraft:goat":1,"minecraft:zombie":18,"minecraft:mooshroom":2,"minecraft:stray":5,"endofherobrine:chicken":1},"minecraft:used":{"minecraft:oak_fence":44,"minecraft:writable_book":1,"minecraft:stone_sword":82,"minecraft:spruce_slab":3,"minecraft:stone_shovel":43,"minecraft:chest":17,"minecraft:iron_sword":63,"minecraft:wooden_shovel":94,"minecraft:stone_hoe":6,"minecraft:torch":8,"minecraft:dirt":200,"minecraft:spyglass":1,"minecraft:carrot":73,"minecraft:axolotl_bucket":2,"minecraft:snowball":31,"minecraft:wooden_axe":142,"minecraft:melon_seeds":3,"minecraft:golden_carrot":3,"minecraft:oak_sapling":13,"minecraft:furnace":3,"minecraft:acacia_fence":14,"minecraft:egg":16,"minecraft:cobbled_deepslate":1,"minecraft:calcite":1,"minecraft:wheat_seeds":88,"minecraft:water_bucket":26,"minecraft:birch_planks":62,"minecraft:stone_pickaxe":295,"minecraft:oak_planks":378,"minecraft:wooden_pickaxe":30,"minecraft:deepslate_bricks":1,"minecraft:crafting_table":3,"minecraft:mushroom_stew":44,"minecraft:pumpkin_seeds":12,"minecraft:wooden_hoe":17,"minecraft:iron_pickaxe":1118,"minecraft:spruce_sapling":4,"minecraft:stone_axe":291,"minecraft:cobblestone":1,"minecraft:bucket":29,"minecraft:ice":1,"minecraft:candle":3,"minecraft:bone_meal":7},"minecraft:crafted":{"minecraft:oak_planks":620,"minecraft:stone_shovel":3,"minecraft:furnace":2,"minecraft:bone_meal":12,"minecraft:spruce_stairs":4,"minecraft:spruce_slab":6,"minecraft:stone_pickaxe":1,"minecraft:acacia_fence":12,"minecraft:oak_fence":27,"minecraft:cooked_beef":4,"minecraft:wooden_shovel":3,"minecraft:crafting_table":1,"minecraft:wooden_pickaxe":1,"minecraft:bowl":8,"minecraft:bucket":1,"minecraft:birch_planks":52,"minecraft:stone_axe":5,"minecraft:air":0,"minecraft:oak_boat":1,"minecraft:wooden_hoe":1,"minecraft:charcoal":3,"minecraft:stick":52,"minecraft:iron_pickaxe":6,"minecraft:iron_ingot":90,"minecraft:wooden_axe":3,"minecraft:stone_sword":1,"minecraft:gold_ingot":78,"minecraft:acacia_planks":20,"minecraft:torch":12,"minecraft:shears":1},"minecraft:picked_up":{"minecraft:crafting_table":3,"minecraft:wheat":28,"minecraft:chainmail_boots":2,"minecraft:chicken":6,"minecraft:clay_ball":136,"minecraft:wooden_pickaxe":5,"minecraft:amethyst_block":90,"minecraft:string":14,"minecraft:raw_copper":480,"minecraft:wooden_sword":2,"minecraft:deepslate_tiles":57,"minecraft:candle":3,"minecraft:cobbled_deepslate":175,"minecraft:bucket":1,"minecraft:beef":4,"minecraft:calcite":79,"minecraft:wooden_shovel":8,"minecraft:spruce_slab":1,"minecraft:melon_slice":77,"minecraft:birch_sapling":2,"minecraft:chest":49,"minecraft:raw_copper_block":2,"minecraft:egg":11,"minecraft:furnace":1,"minecraft:golden_helmet":3,"minecraft:tipped_arrow":1,"minecraft:dark_oak_sapling":1,"minecraft:stick":13,"minecraft:raw_iron":83,"minecraft:acacia_fence":2,"minecraft:oak_fence":32,"minecraft:torch":13,"minecraft:acacia_log":5,"minecraft:frog_spawn_egg":1,"minecraft:diorite":48,"minecraft:carrot":64,"minecraft:green_terracotta":12,"minecraft:arrow":13,"minecraft:rotten_flesh":20,"minecraft:tropical_fish":2,"minecraft:deepslate_bricks":112,"minecraft:white_terracotta":2,"minecraft:mutton":5,"minecraft:snowball":80,"minecraft:white_wool":6,"minecraft:cobblestone":213,"minecraft:birch_log":54,"minecraft:feather":2,"minecraft:golden_carrot":1,"minecraft:andesite":50,"minecraft:leather":14,"minecraft:birch_planks":5,"minecraft:mushroom_stew":3,"minecraft:tuff":55,"minecraft:oak_log":136,"minecraft:gunpowder":9,"minecraft:lapis_lazuli":319,"minecraft:dirt":239,"man:cassette_1safetyinstructions":3,"minecraft:bone":12,"minecraft:apple":5,"minecraft:bow":1,"minecraft:wheat_seeds":107,"minecraft:raw_gold":38,"minecraft:stone_pickaxe":4,"minecraft:rabbit":1,"minecraft:moss_block":95,"minecraft:oak_planks":65,"minecraft:stone_hoe":1,"minecraft:flowering_azalea":1,"minecraft:smooth_basalt":16,"minecraft:pumpkin":8,"minecraft:spyglass":1,"minecraft:raw_iron_block":1,"minecraft:dripstone_block":71,"minecraft:spruce_sapling":9,"minecraft:grass_block":1,"minecraft:spruce_log":26,"minecraft:dark_oak_log":35,"minecraft:spider_eye":5,"minecraft:leather_helmet":1,"minecraft:light_gray_terracotta":8,"minecraft:pumpkin_seeds":11,"minecraft:diamond":20,"minecraft:stone_axe":1,"minecraft:granite":40,"minecraft:rooted_dirt":27,"minecraft:terracotta":2,"minecraft:stripped_dark_oak_log":1,"minecraft:oak_sapling":16,"minecraft:melon_seeds":2,"minecraft:coal":82,"minecraft:wooden_axe":1},"minecraft:custom":{"minecraft:mob_kills":59,"minecraft:animals_bred":4,"minecraft:interact_with_crafting_table":56,"minecraft:damage_dealt_resisted":1118,"minecraft:leave_game":6,"minecraft:time_since_death":377,"minecraft:damage_resisted":315,"minecraft:sprint_one_cm":364408,"minecraft:walk_one_cm":784023,"minecraft:drop":12,"minecraft:play_time":244089,"minecraft:deaths":30,"minecraft:sneak_time":69245,"minecraft:walk_under_water_one_cm":31697,"minecraft:jump":1138,"minecraft:walk_on_water_one_cm":14617,"minecraft:total_world_time":244089,"minecraft:interact_with_furnace":61,"minecraft:time_since_rest":402,"minecraft:damage_taken":11315,"minecraft:damage_dealt":10799,"minecraft:swim_one_cm":12427,"minecraft:fly_one_cm":213652,"minecraft:open_chest":555,"minecraft:crouch_one_cm":143358,"minecraft:fall_one_cm":12529},"minecraft:broken":{"minecraft:wooden_shovel":1,"minecraft:stone_pickaxe":2,"minecraft:stone_axe":1,"minecraft:iron_pickaxe":1,"minecraft:wooden_axe":3},"minecraft:dropped":{"minecraft:golden_helmet":2,"minecraft:diamond":1,"minecraft:mushroom_stew":2,"minecraft:wooden_hoe":1,"minecraft:wooden_sword":2,"minecraft:smooth_basalt":2,"minecraft:spyglass":1,"minecraft:wooden_shovel":1,"minecraft:written_book":1}},"DataVersion":3120}