{"stats":{"minecraft:used":{"minecraft:cooked_mutton":4,"minecraft:stone_pickaxe":126,"minecraft:wooden_pickaxe":8,"minecraft:iron_sword":91,"paraglider:goddess_statue":1,"minecraft:crafting_table":10,"minecraft:black_bed":10,"justhammers:iron_hammer":4,"sophisticatedbackpacks:backpack":1,"minecraft:iron_axe":9,"minecraft:iron_pickaxe":178,"hmag:golden_tropical_fish":1,"minecraft:stone_slab":1,"minecraft:stone_axe":78,"croptopia:peach":8,"minecraft:cobblestone":44,"minecraft:furnace":6,"minecraft:cooked_porkchop":8,"tombstone:gift":3,"minecraft:cooked_beef":5,"blue_skies:maple_slab":1,"croptopia:corn":1},"minecraft:killed_by":{"minecraft:player":1,"minecraft:skeleton":1,"minecraft:vex":1},"minecraft:dropped":{"minecraft:golden_chestplate":1,"minecraft:rotten_flesh":2,"minecraft:leather":5,"guideapi_vp:vampirism-guidebook":1,"bossominium:the_bossdexium":1,"tombstone:bag_of_seeds":1,"minecraft:spider_eye":1,"minecraft:white_wool":5},"minecraft:killed":{"minecraft:vex":2,"minecraft:pig":8,"minecraft:spider":4,"minecraft:sheep":7,"minecraft:skeleton":2,"minecraft:zombie":22,"minecraft:silverfish":2,"minecraft:cow":2},"minecraft:mined":{"minecraft:oak_slab":1,"minecraft:crafting_table":9,"minecraft:grass_block":3,"minecraft:stone_slab":1,"minecraft:cobblestone":22,"minecraft:lapis_ore":4,"minecraft:furnace":6,"croptopia:corn_crop":1,"minecraft:iron_ore":54,"blue_skies:maple_slab":1,"minecraft:birch_leaves":1,"atlantis:aquamarine_ore":5,"minecraft:black_bed":10,"minecraft:gold_block":3,"minecraft:grass":4,"minecraft:oak_log":26,"minecraft:coal_ore":149,"evilcraft:blood_stain":1,"minecraft:cobblestone_slab":2,"structure_gel:dynamic_spawner":2,"minecraft:cobweb":3,"minecraft:stone_bricks":1,"minecraft:stone":49,"sophisticatedbackpacks:backpack":1,"minecraft:mossy_stone_bricks":1,"minecraft:oak_leaves":2,"minecraft:fern":1,"minecraft:infested_stone":1,"paraglider:goddess_statue":2},"minecraft:picked_up":{"minecraft:crafting_table":9,"croptopia:peach":8,"minecraft:black_bed":10,"minecraft:leather":3,"minecraft:stone_slab":1,"blue_skies:maple_slab":1,"minecraft:gold_block":3,"minecraft:oak_log":26,"minecraft:shield":1,"minecraft:dirt":5,"minecraft:lapis_lazuli":27,"paraglider:goddess_statue":2,"minecraft:string":9,"minecraft:iron_leggings":1,"minecraft:cooked_mutton":1,"croptopia:corn":1,"minecraft:iron_ingot":2,"minecraft:beef":5,"minecraft:cobblestone_slab":2,"tombstone:bag_of_seeds":1,"minecraft:mossy_stone_bricks":1,"bossominium:vex_wing":2,"minecraft:oak_planks":1,"farmersdelight:golden_knife":1,"minecraft:iron_boots":1,"minecraft:furnace":6,"minecraft:oak_slab":2,"minecraft:raw_iron":54,"croptopia:corn_seed":2,"sophisticatedbackpacks:backpack":1,"minecraft:porkchop":18,"minecraft:carrot":1,"minecraft:spider_eye":4,"minecraft:golden_chestplate":2,"minecraft:arrow":3,"minecraft:rotten_flesh":18,"minecraft:iron_helmet":1,"minecraft:oak_sapling":1,"minecraft:mutton":12,"minecraft:white_wool":7,"minecraft:cobblestone":82,"minecraft:coal":264,"atlantis:aquamarine_gem":5},"minecraft:crafted":{"minecraft:cooked_beef":5,"blue_skies:blue_journal":1,"minecraft:oak_planks":72,"sophisticatedbackpacks:backpack":1,"minecraft:cooked_porkchop":8,"minecraft:crafting_table":2,"minecraft:wooden_pickaxe":1,"minecraft:furnace":1,"minecraft:stone_axe":1,"minecraft:cooked_mutton":3,"minecraft:air":0,"justhammers:iron_hammer":1,"minecraft:iron_axe":1,"minecraft:stick":16,"minecraft:iron_ingot":40,"minecraft:iron_pickaxe":1,"minecraft:stone_pickaxe":1,"minecraft:chest":1,"minecraft:black_bed":1,"minecraft:gold_ingot":27},"minecraft:custom":{"minecraft:interact_with_furnace":33,"minecraft:mob_kills":58,"minecraft:traded_with_villager":1,"minecraft:interact_with_crafting_table":15,"minecraft:open_barrel":10,"minecraft:leave_game":1,"minecraft:time_since_death":28137,"minecraft:sleep_in_bed":10,"minecraft:climb_one_cm":2940,"minecraft:damage_absorbed":39,"minecraft:time_since_rest":13109,"minecraft:waystone_activated":1,"minecraft:sprint_one_cm":391869,"minecraft:damage_taken":1934,"minecraft:walk_one_cm":248813,"minecraft:drop":10,"minecraft:damage_dealt":7825,"minecraft:player_kills":1,"minecraft:damage_dealt_absorbed":822,"minecraft:swim_one_cm":10233,"minecraft:fly_one_cm":422474,"minecraft:talked_to_villager":3,"minecraft:play_time":136784,"minecraft:crouch_one_cm":1521,"minecraft:open_chest":9,"minecraft:sneak_time":670,"tombstone:undead_killed":24,"minecraft:deaths":4,"minecraft:walk_under_water_one_cm":2356,"minecraft:boat_one_cm":231907,"minecraft:jump":2361,"minecraft:walk_on_water_one_cm":3869,"minecraft:total_world_time":136784,"minecraft:fall_one_cm":59286},"minecraft:broken":{"minecraft:stone_pickaxe":1,"minecraft:stone_axe":1}},"DataVersion":3120}