{"stats":{"minecraft:crafted":{"minecraft:cooked_beef":5,"blue_skies:blue_journal":1,"minecraft:oak_planks":72,"minecraft:cooked_porkchop":8,"minecraft:crafting_table":2,"minecraft:wooden_pickaxe":1,"minecraft:furnace":1,"minecraft:stone_axe":1,"minecraft:air":0,"minecraft:stick":12,"minecraft:iron_ingot":13,"minecraft:iron_pickaxe":1,"minecraft:stone_pickaxe":1,"minecraft:black_bed":1},"minecraft:picked_up":{"minecraft:crafting_table":5,"croptopia:peach":8,"minecraft:black_bed":5,"minecraft:leather":3,"minecraft:stone_slab":1,"minecraft:gold_block":3,"blue_skies:maple_slab":1,"minecraft:oak_log":18,"minecraft:shield":1,"minecraft:string":5,"minecraft:lapis_lazuli":27,"paraglider:goddess_statue":2,"minecraft:dirt":5,"minecraft:iron_leggings":1,"minecraft:beef":5,"minecraft:cobblestone_slab":2,"bossominium:vex_wing":2,"farmersdelight:golden_knife":1,"minecraft:iron_boots":1,"minecraft:furnace":3,"minecraft:oak_slab":1,"minecraft:raw_iron":40,"minecraft:porkchop":8,"minecraft:spider_eye":3,"minecraft:golden_chestplate":2,"minecraft:arrow":2,"minecraft:rotten_flesh":9,"minecraft:iron_helmet":1,"atlantis:aquamarine_gem":4,"minecraft:coal":128,"minecraft:cobblestone":45},"minecraft:mined":{"minecraft:oak_slab":1,"minecraft:crafting_table":5,"minecraft:grass_block":3,"minecraft:stone_slab":1,"minecraft:cobblestone":4,"minecraft:lapis_ore":4,"minecraft:furnace":3,"minecraft:iron_ore":40,"blue_skies:maple_slab":1,"minecraft:birch_leaves":1,"atlantis:aquamarine_ore":4,"minecraft:black_bed":5,"minecraft:gold_block":3,"minecraft:grass":3,"minecraft:oak_log":18,"minecraft:coal_ore":62,"minecraft:cobblestone_slab":2,"structure_gel:dynamic_spawner":2,"minecraft:stone":39,"minecraft:infested_stone":1,"paraglider:goddess_statue":2},"minecraft:killed_by":{"minecraft:skeleton":1},"minecraft:dropped":{"minecraft:golden_chestplate":1,"minecraft:rotten_flesh":2,"guideapi_vp:vampirism-guidebook":1,"bossominium:the_bossdexium":1},"minecraft:killed":{"minecraft:vex":2,"minecraft:pig":4,"minecraft:spider":4,"minecraft:skeleton":2,"minecraft:zombie":7,"minecraft:silverfish":2,"minecraft:cow":2},"minecraft:used":{"minecraft:stone_pickaxe":126,"minecraft:wooden_pickaxe":8,"minecraft:iron_sword":5,"paraglider:goddess_statue":1,"minecraft:crafting_table":6,"minecraft:black_bed":6,"minecraft:iron_pickaxe":43,"minecraft:stone_slab":1,"minecraft:stone_axe":69,"minecraft:cobblestone":17,"croptopia:peach":8,"minecraft:furnace":3,"minecraft:cooked_porkchop":4,"minecraft:cooked_beef":5,"blue_skies:maple_slab":1},"minecraft:custom":{"minecraft:interact_with_furnace":21,"minecraft:mob_kills":26,"minecraft:traded_with_villager":1,"minecraft:interact_with_crafting_table":7,"minecraft:open_barrel":7,"minecraft:time_since_death":59155,"minecraft:sleep_in_bed":4,"minecraft:climb_one_cm":2883,"minecraft:time_since_rest":8219,"minecraft:waystone_activated":1,"minecraft:sprint_one_cm":238077,"minecraft:damage_taken":852,"minecraft:walk_one_cm":136792,"minecraft:drop":5,"minecraft:damage_dealt":3652,"minecraft:swim_one_cm":2816,"minecraft:talked_to_villager":3,"minecraft:fly_one_cm":253385,"minecraft:open_chest":8,"minecraft:crouch_one_cm":808,"minecraft:play_time":65486,"tombstone:undead_killed":9,"minecraft:deaths":1,"minecraft:sneak_time":433,"minecraft:walk_under_water_one_cm":931,"minecraft:jump":1304,"minecraft:walk_on_water_one_cm":1911,"minecraft:total_world_time":65486,"minecraft:fall_one_cm":27969},"minecraft:broken":{"minecraft:stone_pickaxe":1}},"DataVersion":3120}