{"stats":{"minecraft:used":{"minecraft:apple":6,"minecraft:oak_planks":2,"minecraft:iron_pickaxe":61,"tombstone:magic_scroll":1,"supplementaries:bomb_blue":1,"minecraft:stone_axe":43,"minecraft:cobblestone":1,"minecraft:dirt":1,"croptopia:peach":3,"minecraft:crafting_table":2,"minecraft:furnace":1,"farmersdelight:cooking_pot":1,"hmag:randomberry":6,"minecraft:acacia_planks":12},"minecraft:mined":{"farmersdelight:cooking_pot":1,"minecraft:furnace":1,"minecraft:iron_ore":13,"minecraft:vine":1,"minecraft:oak_fence":6,"minecraft:crafting_table":3,"minecraft:coal_ore":12,"minecraft:granite":1,"minecraft:grass":1,"minecraft:acacia_log":3,"minecraft:grass_block":1,"minecraft:oak_log":20,"minecraft:cobblestone":11,"minecraft:stone_bricks":1,"minecraft:stone":19,"minecraft:oak_leaves":3},"minecraft:dropped":{"minecraft:oak_planks":36,"minecraft:apple":3},"minecraft:killed":{"minecraft:skeleton":1,"minecraft:zombie":1,"minecraft:spider":2,"minecraft:creeper":1},"minecraft:crafted":{"minecraft:oak_planks":80,"minecraft:crafting_table":1,"minecraft:iron_ingot":13,"minecraft:furnace":1,"minecraft:stick":4,"minecraft:iron_pickaxe":1,"minecraft:acacia_planks":12,"minecraft:stone_axe":1,"minecraft:air":0},"minecraft:custom":{"minecraft:time_since_rest":5693,"minecraft:interact_with_furnace":6,"minecraft:sprint_one_cm":192986,"minecraft:damage_taken":639,"minecraft:walk_one_cm":69858,"minecraft:mob_kills":4,"minecraft:drop":4,"minecraft:damage_dealt":964,"minecraft:player_kills":1,"minecraft:swim_one_cm":2496,"minecraft:interact_with_crafting_table":4,"minecraft:fly_one_cm":161504,"minecraft:open_barrel":1,"minecraft:open_chest":15,"minecraft:crouch_one_cm":784,"tombstone:undead_killed":2,"minecraft:play_time":35672,"minecraft:deaths":2,"minecraft:walk_under_water_one_cm":634,"minecraft:sneak_time":275,"minecraft:jump":701,"minecraft:time_since_death":5867,"minecraft:walk_on_water_one_cm":2637,"minecraft:total_world_time":35672,"minecraft:climb_one_cm":10572,"minecraft:fall_one_cm":13828},"minecraft:picked_up":{"minecraft:raw_iron":13,"minecraft:crafting_table":3,"croptopia:peach":3,"minecraft:oak_fence":6,"minecraft:acacia_log":3,"minecraft:oak_log":20,"tombstone:grave_dust":1,"minecraft:gunpowder":1,"minecraft:string":4,"minecraft:dirt":1,"minecraft:stone_bricks":1,"minecraft:apple":9,"farmersdelight:cooking_pot":1,"minecraft:granite":1,"minecraft:coal":26,"vampirism:heart_seeker_enhanced":1,"minecraft:cobblestone":28,"minecraft:furnace":1},"minecraft:killed_by":{"minecraft:player":1,"minecraft:cave_spider":1}},"DataVersion":3120}