{"stats":{"minecraft:crafted":{"minecraft:oak_planks":108,"minecraft:furnace":1,"minecraft:bone_meal":42,"sophisticatedbackpacks:crafting_upgrade":1,"minecraft:diamond_shovel":1,"minecraft:cooked_mutton":5,"minecraft:bow":1,"minecraft:iron_axe":1,"minecraft:iron_hoe":1,"minecraft:chest":1,"minecraft:stone_hoe":1,"additional_lights:standing_torch_l_cobblestone":1,"minecraft:wheat":54,"minecraft:cooked_beef":10,"minecraft:crafting_table":4,"minecraft:baked_potato":21,"minecraft:iron_sword":1,"additional_lights:fire_for_standing_torch_s":1,"minecraft:bucket":1,"minecraft:stone_axe":1,"sophisticatedbackpacks:upgrade_base":1,"minecraft:bread":18,"minecraft:air":0,"minecraft:oak_boat":1,"justhammers:iron_hammer":3,"minecraft:shield":1,"minecraft:stick":64,"minecraft:iron_ingot":126,"minecraft:iron_pickaxe":3,"minecraft:iron_shovel":1,"minecraft:white_bed":1,"minecraft:acacia_planks":12,"minecraft:torch":140},"minecraft:picked_up":{"minecraft:charcoal":2,"minecraft:crafting_table":14,"minecraft:wheat":7,"minecraft:azure_bluet":28,"grimoireofgaia:soulfire":1,"croptopia:peach":3,"croptopia:grape_seed":4,"minecraft:stone_slab":3,"minecraft:stone_brick_wall":1,"vampirism:hunter_coat_head_ultimate":1,"vampirism:armor_of_swiftness_head_ultimate":1,"paraglider:goddess_statue":1,"minecraft:string":33,"croptopia:cantaloupe":1,"minecraft:iron_axe":1,"vampirism:obi_belt":1,"minecraft:gold_nugget":3,"minecraft:cobbled_deepslate":31,"minecraft:beef":10,"hmag:bat_wing":1,"minecraft:oak_boat":2,"minecraft:cobblestone_slab":1,"minecraft:jungle_sapling":2,"hmag:cooked_savagefang_meat":4,"minecraft:iron_nugget":10,"minecraft:poppy":1,"minecraft:iron_pickaxe":1,"minecraft:chest":3,"additional_lights:fire_pit_l_cobblestone":7,"minecraft:furnace":16,"minecraft:raw_iron":128,"grimoireofgaia:meat":1,"minecraft:oak_fence":14,"minecraft:torch":17,"evilcraft:origins_of_darkness":3,"minecraft:acacia_log":3,"croptopia:almond":1,"vampirism:vampire_fang":2,"tombstone:grave_dust":3,"minecraft:diorite":7,"vampirism:amulet":1,"minecraft:carrot":57,"minecraft:redstone":233,"additional_lights:standing_torch_l_cobblestone":2,"evilcraft:box_of_eternal_closure":2,"minecraft:arrow":11,"croptopia:cantaloupe_seed":2,"minecraft:rotten_flesh":8,"grimoireofgaia:stone_coal":2,"minecraft:hay_block":6,"minecraft:gold_ingot":114,"sophisticatedbackpacks:copper_backpack":1,"croptopia:elderberry":1,"evilcraft:condensed_blood":143,"paraglider:horned_statue":2,"minecraft:mutton":6,"croptopia:pecan":4,"minecraft:rail":7,"minecraft:white_wool":3,"vampirism:heart_seeker_enhanced":1,"minecraft:cobblestone":1036,"minecraft:oxeye_daisy":40,"vampirism:vampire_book":1,"minecraft:feather":7,"vampirism:vampire_blood_bottle":1,"hmag:purification_cloth":2,"minecraft:glow_ink_sac":1,"minecraft:andesite":7,"minecraft:leather":5,"minecraft:potato":91,"croptopia:spinach":1,"additional_lights:fire_for_standing_torch_s":2,"minecraft:oak_log":27,"evilcraft:flesh_humanoid":1,"supplementaries:flax_seeds":2,"minecraft:yellow_bed":4,"minecraft:gunpowder":5,"vampirism:hunter_coat_legs_ultimate":1,"minecraft:lapis_lazuli":88,"minecraft:dirt":2172,"minecraft:leather_boots":1,"minecraft:bone":10,"minecraft:apple":9,"minecraft:stone_bricks":1,"farmersdelight:cooking_pot":1,"minecraft:bow":3,"minecraft:wheat_seeds":61,"guideapi_vp:vampirism-guidebook":1,"minecraft:iron_ingot":64,"tombstone:scroll_of_reach":1,"minecraft:mossy_stone_bricks":1,"croptopia:elderberry_seed":2,"minecraft:oak_planks":76,"hmag:soul_powder":6,"minecraft:stone_brick_slab":1,"vampirism:ring":1,"minecraft:dandelion":1,"justhammers:iron_hammer":1,"vampirism:hunter_coat_chest_ultimate":1,"minecraft:white_bed":21,"grimoireofgaia:box_iron":1,"croptopia:spinach_seed":1,"minecraft:spider_eye":3,"grimoireofgaia:shiny_pearl":1,"minecraft:bundle":1,"minecraft:slime_ball":2,"minecraft:diamond":8,"minecraft:stone_axe":1,"evilcraft:dark_gem":23,"minecraft:granite":8,"minecraft:gray_wool":1,"grimoireofgaia:bag_record":1,"croptopia:cashew":3,"minecraft:coal":567,"vampirism:armor_of_swiftness_chest_ultimate":1,"atlantis:aquamarine_gem":1,"minecraft:ender_pearl":1},"minecraft:custom":{"minecraft:mob_kills":91,"minecraft:interact_with_crafting_table":31,"minecraft:open_barrel":5,"minecraft:damage_dealt_resisted":64,"minecraft:leave_game":6,"minecraft:time_since_death":4436,"minecraft:climb_one_cm":44427,"minecraft:damage_resisted":292,"minecraft:sprint_one_cm":1546530,"minecraft:walk_one_cm":963618,"minecraft:damage_blocked_by_shield":2785,"minecraft:drop":10,"minecraft:damage_dealt_absorbed":2660,"minecraft:talked_to_villager":3,"minecraft:play_time":408752,"minecraft:sneak_time":5086,"minecraft:deaths":42,"minecraft:walk_under_water_one_cm":18753,"minecraft:boat_one_cm":181189,"minecraft:jump":8026,"minecraft:interact_with_blast_furnace":25,"minecraft:total_world_time":408752,"minecraft:walk_on_water_one_cm":32627,"minecraft:interact_with_furnace":79,"tombstone:raider_killed":3,"minecraft:sleep_in_bed":28,"minecraft:time_since_rest":4214,"minecraft:waystone_activated":3,"minecraft:damage_taken":17275,"minecraft:damage_dealt":19102,"minecraft:player_kills":2,"minecraft:swim_one_cm":33686,"minecraft:fly_one_cm":1702477,"minecraft:open_chest":93,"minecraft:crouch_one_cm":12340,"tombstone:undead_killed":26,"tombstone:villager_killed":1,"minecraft:fall_one_cm":180283,"minecraft:horse_one_cm":1618},"minecraft:dropped":{"minecraft:stone_hoe":1,"minecraft:crafting_table":1,"minecraft:apple":3,"minecraft:coal":30,"minecraft:iron_axe":1,"minecraft:oak_planks":36,"justhammers:iron_hammer":1,"minecraft:bow":1},"minecraft:mined":{"minecraft:diamond_ore":1,"minecraft:white_bed":21,"minecraft:dark_oak_leaves":3,"minecraft:deepslate_diamond_ore":2,"minecraft:jungle_leaves":1,"minecraft:granite":4,"minecraft:acacia_log":3,"minecraft:grass_block":1106,"minecraft:oxeye_daisy":6,"minecraft:hay_block":6,"minecraft:redstone_ore":33,"minecraft:carrots":19,"minecraft:furnace":13,"minecraft:iron_ore":63,"evilcraft:box_of_eternal_closure":2,"minecraft:andesite":4,"evilcraft:dark_ore":1,"minecraft:deepslate_lapis_ore":3,"minecraft:azure_bluet":10,"minecraft:potatoes":24,"minecraft:dirt_path":1,"minecraft:vine":6,"minecraft:deepslate_iron_ore":12,"minecraft:cobblestone_slab":1,"minecraft:stone":196,"farmersdelight:cooking_pot":1,"minecraft:dandelion":1,"minecraft:oak_fence":6,"minecraft:crafting_table":12,"minecraft:torch":7,"minecraft:poppy":1,"minecraft:chest":3,"additional_lights:fire_pit_l_cobblestone":7,"minecraft:campfire":1,"minecraft:mushroom_stem":1,"minecraft:stone_slab":3,"minecraft:tall_grass":10,"minecraft:cobblestone":33,"minecraft:oak_planks":7,"minecraft:diorite":3,"supplementaries:urn":1,"additional_lights:standing_torch_l_cobblestone":2,"additional_lights:fire_for_standing_torch_s":2,"paraglider:horned_statue":2,"minecraft:wheat":9,"minecraft:yellow_bed":4,"minecraft:grass":94,"minecraft:coal_ore":122,"minecraft:oak_log":27,"minecraft:dirt":1234,"minecraft:cobweb":19,"minecraft:stone_bricks":1,"minecraft:mossy_stone_bricks":1,"minecraft:deepslate":9,"minecraft:oak_leaves":8,"paraglider:goddess_statue":1},"minecraft:killed_by":{"vampirism:advanced_vampire":1,"minecraft:player":2,"hmag:ogre":2,"grimoireofgaia:arachne":1,"grimoireofgaia:toad":3,"grimoireofgaia:werecat":1,"grimoireofgaia:bone_knight":3,"minecraft:cave_spider":2,"grimoireofgaia:minotaurus":15,"grimoireofgaia:dullahan":1,"grimoireofgaia:harpy":1,"minecraft:zombie":2,"hmag:ghost":1,"grimoireofgaia:creep":2},"minecraft:used":{"minecraft:iron_shovel":1308,"minecraft:poppy":1,"minecraft:chest":3,"minecraft:shield":36,"minecraft:iron_sword":230,"minecraft:stone_hoe":21,"minecraft:torch":134,"minecraft:dirt":1088,"croptopia:elderberry":1,"croptopia:cashew":3,"minecraft:carrot":69,"minecraft:iron_hoe":173,"paraglider:horned_statue":1,"minecraft:iron_axe":146,"additional_lights:fire_pit_l_cobblestone":7,"evilcraft:box_of_eternal_closure":2,"vampirism:hunter_coat_legs_ultimate":1,"supplementaries:bomb_blue":1,"croptopia:peach":3,"evilcraft:flesh_humanoid":2,"minecraft:bow":1,"grimoireofgaia:meat":2,"minecraft:furnace":14,"additional_lights:standing_torch_l_cobblestone":2,"farmersdelight:cooking_pot":1,"vampirism:armor_of_swiftness_chest_ultimate":1,"minecraft:potato":84,"tombstone:gift":6,"minecraft:cooked_beef":10,"minecraft:acacia_planks":12,"minecraft:wheat_seeds":40,"minecraft:cooked_mutton":5,"minecraft:water_bucket":20,"croptopia:pecan":4,"minecraft:baked_potato":21,"minecraft:oak_planks":2,"croptopia:almond":1,"minecraft:cobblestone_slab":1,"minecraft:crafting_table":14,"hmag:randomberry":10,"minecraft:white_bed":20,"justhammers:iron_hammer":303,"minecraft:apple":6,"minecraft:diamond_shovel":1036,"minecraft:bread":36,"minecraft:iron_pickaxe":527,"tombstone:magic_scroll":1,"croptopia:spinach":1,"hmag:cooked_savagefang_meat":5,"minecraft:stone_axe":88,"additional_lights:fire_for_standing_torch_s":2,"minecraft:cobblestone":196,"minecraft:andesite":1,"minecraft:bucket":21,"minecraft:yellow_bed":4,"minecraft:oak_boat":3,"croptopia:cantaloupe":1,"minecraft:bone_meal":42},"minecraft:broken":{"vampirism:hunter_coat_legs_ultimate":1,"minecraft:iron_shovel":2,"justhammers:iron_hammer":1,"vampirism:armor_of_swiftness_chest_ultimate":1,"vampirism:hunter_coat_head_ultimate":1,"minecraft:iron_axe":1,"minecraft:leather_boots":1,"minecraft:stone_axe":1,"minecraft:iron_sword":1,"minecraft:iron_pickaxe":2},"minecraft:killed":{"naturalist:zebra":2,"grimoireofgaia:toad":1,"minecraft:cave_spider":1,"vampirism:advanced_vampire":1,"minecraft:spider":9,"grimoireofgaia:minotaurus":1,"minecraft:skeleton":12,"grimoireofgaia:mimic":3,"hmag:zombie_girl":1,"vampirism:villager_converted":1,"grimoireofgaia:dullahan":1,"hmag:ghost":3,"grimoireofgaia:bone_knight":1,"minecraft:bat":1,"grimoireofgaia:cecaelia":1,"minecraft:creeper":3,"minecraft:sheep":4,"grimoireofgaia:horse":2,"minecraft:pillager":3,"minecraft:zombie":9,"grimoireofgaia:deathword":1,"grimoireofgaia:harpy":2,"grimoireofgaia:arachne":1,"grimoireofgaia:werecat":1,"minecraft:enderman":1,"minecraft:cow":3}},"DataVersion":3120}