{"stats":{"minecraft:used":{"minecraft:iron_shovel":1044,"minecraft:poppy":1,"minecraft:chest":3,"minecraft:stone_hoe":21,"minecraft:torch":22,"minecraft:dirt":934,"croptopia:elderberry":1,"croptopia:cashew":3,"minecraft:iron_axe":125,"evilcraft:flesh_humanoid":1,"supplementaries:bomb_blue":1,"vampirism:hunter_coat_legs_ultimate":1,"croptopia:peach":3,"minecraft:bow":1,"minecraft:furnace":13,"vampirism:armor_of_swiftness_chest_ultimate":1,"farmersdelight:cooking_pot":1,"minecraft:potato":7,"tombstone:gift":4,"grimoireofgaia:meat":1,"minecraft:cooked_beef":10,"minecraft:acacia_planks":12,"minecraft:wheat_seeds":7,"minecraft:cooked_mutton":5,"minecraft:water_bucket":8,"croptopia:pecan":4,"minecraft:oak_planks":2,"croptopia:almond":1,"minecraft:cobblestone_slab":1,"minecraft:crafting_table":8,"hmag:randomberry":6,"minecraft:white_bed":10,"justhammers:iron_hammer":137,"minecraft:apple":6,"minecraft:bread":13,"minecraft:iron_pickaxe":153,"tombstone:magic_scroll":1,"croptopia:spinach":1,"hmag:cooked_savagefang_meat":5,"minecraft:stone_axe":88,"additional_lights:fire_for_standing_torch_s":1,"minecraft:cobblestone":5,"minecraft:andesite":1,"minecraft:bucket":9,"minecraft:yellow_bed":3,"minecraft:oak_boat":3,"croptopia:cantaloupe":1},"minecraft:mined":{"minecraft:white_bed":10,"minecraft:dark_oak_leaves":3,"minecraft:jungle_leaves":1,"minecraft:granite":1,"minecraft:acacia_log":3,"minecraft:grass_block":566,"minecraft:oxeye_daisy":4,"minecraft:hay_block":6,"minecraft:furnace":12,"minecraft:iron_ore":19,"minecraft:azure_bluet":5,"minecraft:cobblestone_slab":1,"minecraft:vine":1,"minecraft:stone":59,"farmersdelight:cooking_pot":1,"minecraft:dandelion":1,"minecraft:oak_fence":6,"minecraft:crafting_table":7,"minecraft:poppy":1,"minecraft:chest":3,"minecraft:mushroom_stem":1,"minecraft:stone_slab":3,"minecraft:tall_grass":8,"minecraft:cobblestone":12,"additional_lights:fire_for_standing_torch_s":1,"minecraft:yellow_bed":3,"minecraft:grass":33,"minecraft:oak_log":27,"minecraft:coal_ore":37,"minecraft:dirt":495,"minecraft:stone_bricks":1,"minecraft:oak_leaves":8,"minecraft:deepslate":1,"paraglider:goddess_statue":1},"minecraft:dropped":{"minecraft:crafting_table":1,"minecraft:apple":3,"minecraft:coal":30,"minecraft:iron_axe":1,"minecraft:oak_planks":36,"minecraft:bow":1},"minecraft:killed":{"grimoireofgaia:toad":1,"minecraft:spider":6,"minecraft:skeleton":4,"grimoireofgaia:mimic":1,"hmag:zombie_girl":1,"vampirism:villager_converted":1,"hmag:ghost":1,"grimoireofgaia:cecaelia":1,"minecraft:creeper":1,"minecraft:sheep":4,"grimoireofgaia:horse":1,"minecraft:zombie":2,"grimoireofgaia:harpy":2,"grimoireofgaia:werecat":1,"minecraft:cow":3},"minecraft:crafted":{"minecraft:oak_planks":108,"minecraft:furnace":1,"minecraft:cooked_mutton":5,"minecraft:iron_axe":1,"minecraft:stone_hoe":1,"minecraft:wheat":54,"minecraft:cooked_beef":10,"minecraft:crafting_table":2,"additional_lights:fire_for_standing_torch_s":1,"minecraft:bucket":1,"minecraft:stone_axe":1,"minecraft:bread":18,"minecraft:air":0,"minecraft:oak_boat":1,"justhammers:iron_hammer":1,"minecraft:stick":36,"minecraft:iron_pickaxe":1,"minecraft:iron_ingot":19,"minecraft:white_bed":1,"minecraft:acacia_planks":12,"minecraft:torch":100},"minecraft:custom":{"minecraft:mob_kills":47,"minecraft:interact_with_crafting_table":15,"minecraft:open_barrel":5,"minecraft:leave_game":3,"minecraft:time_since_death":12529,"minecraft:climb_one_cm":29283,"minecraft:damage_resisted":196,"minecraft:sprint_one_cm":892943,"minecraft:walk_one_cm":431707,"minecraft:drop":8,"minecraft:damage_dealt_absorbed":2176,"minecraft:play_time":201853,"minecraft:deaths":15,"minecraft:sneak_time":1677,"minecraft:walk_under_water_one_cm":4568,"minecraft:boat_one_cm":181189,"minecraft:jump":4312,"minecraft:interact_with_blast_furnace":4,"minecraft:walk_on_water_one_cm":12536,"minecraft:total_world_time":201853,"minecraft:interact_with_furnace":48,"minecraft:sleep_in_bed":14,"minecraft:time_since_rest":12344,"minecraft:waystone_activated":3,"minecraft:damage_taken":6138,"minecraft:damage_dealt":8783,"minecraft:swim_one_cm":21753,"minecraft:fly_one_cm":935432,"minecraft:player_kills":2,"minecraft:open_chest":51,"minecraft:crouch_one_cm":4258,"tombstone:undead_killed":8,"tombstone:villager_killed":1,"minecraft:fall_one_cm":99659},"minecraft:broken":{"vampirism:hunter_coat_legs_ultimate":1,"minecraft:iron_shovel":1,"justhammers:iron_hammer":1,"minecraft:leather_boots":1,"minecraft:stone_axe":1},"minecraft:picked_up":{"minecraft:crafting_table":9,"minecraft:azure_bluet":6,"croptopia:peach":3,"croptopia:grape_seed":4,"minecraft:stone_slab":3,"minecraft:stone_brick_wall":1,"vampirism:hunter_coat_head_ultimate":1,"minecraft:string":8,"paraglider:goddess_statue":1,"vampirism:armor_of_swiftness_head_ultimate":1,"croptopia:cantaloupe":1,"minecraft:iron_axe":1,"vampirism:obi_belt":1,"minecraft:cobbled_deepslate":3,"minecraft:beef":10,"minecraft:oak_boat":2,"minecraft:cobblestone_slab":1,"hmag:cooked_savagefang_meat":4,"minecraft:jungle_sapling":2,"minecraft:iron_nugget":7,"minecraft:poppy":1,"minecraft:iron_pickaxe":1,"minecraft:chest":3,"minecraft:furnace":15,"minecraft:raw_iron":19,"grimoireofgaia:meat":1,"minecraft:oak_fence":12,"minecraft:acacia_log":3,"evilcraft:origins_of_darkness":3,"croptopia:almond":1,"tombstone:grave_dust":1,"vampirism:vampire_fang":2,"vampirism:amulet":1,"minecraft:redstone":83,"minecraft:rotten_flesh":5,"croptopia:cantaloupe_seed":2,"minecraft:arrow":1,"minecraft:hay_block":6,"minecraft:gold_ingot":114,"sophisticatedbackpacks:copper_backpack":1,"evilcraft:condensed_blood":143,"croptopia:elderberry":1,"minecraft:mutton":6,"croptopia:pecan":4,"minecraft:rail":3,"vampirism:heart_seeker_enhanced":1,"minecraft:white_wool":3,"minecraft:cobblestone":522,"minecraft:oxeye_daisy":16,"vampirism:vampire_book":1,"minecraft:feather":7,"hmag:purification_cloth":2,"minecraft:andesite":1,"minecraft:leather":5,"croptopia:spinach":1,"additional_lights:fire_for_standing_torch_s":1,"minecraft:oak_log":27,"evilcraft:flesh_humanoid":1,"minecraft:yellow_bed":3,"minecraft:gunpowder":2,"vampirism:hunter_coat_legs_ultimate":1,"minecraft:lapis_lazuli":38,"minecraft:dirt":934,"minecraft:leather_boots":1,"minecraft:bone":1,"minecraft:apple":9,"minecraft:stone_bricks":1,"farmersdelight:cooking_pot":1,"minecraft:bow":2,"minecraft:wheat_seeds":19,"guideapi_vp:vampirism-guidebook":1,"minecraft:iron_ingot":64,"tombstone:scroll_of_reach":1,"croptopia:elderberry_seed":2,"minecraft:oak_planks":68,"hmag:soul_powder":2,"minecraft:stone_brick_slab":1,"vampirism:ring":1,"minecraft:dandelion":1,"vampirism:hunter_coat_chest_ultimate":1,"minecraft:white_bed":10,"grimoireofgaia:box_iron":1,"minecraft:spider_eye":1,"croptopia:spinach_seed":1,"grimoireofgaia:shiny_pearl":1,"minecraft:slime_ball":2,"minecraft:diamond":5,"minecraft:stone_axe":1,"evilcraft:dark_gem":19,"minecraft:granite":4,"minecraft:gray_wool":1,"croptopia:cashew":3,"minecraft:coal":340,"vampirism:armor_of_swiftness_chest_ultimate":1},"minecraft:killed_by":{"minecraft:player":2,"hmag:ogre":2,"grimoireofgaia:toad":3,"grimoireofgaia:werecat":1,"minecraft:cave_spider":1,"grimoireofgaia:minotaurus":5,"grimoireofgaia:dullahan":1}},"DataVersion":3120}