{"stats":{"minecraft:used":{"minecraft:iron_sword":142,"paraglider:goddess_statue":1,"minecraft:iron_axe":24,"hmag:golden_tropical_fish":1,"croptopia:peach":8,"minecraft:furnace":8,"minecraft:oak_sapling":2,"tombstone:gift":3,"minecraft:cooked_beef":5,"blue_skies:maple_slab":1,"minecraft:orange_terracotta":1,"minecraft:cooked_mutton":4,"minecraft:water_bucket":1,"minecraft:stone_pickaxe":126,"minecraft:wooden_pickaxe":8,"minecraft:crafting_table":12,"supplementaries:bomb":1,"minecraft:black_bed":16,"justhammers:iron_hammer":20,"sophisticatedbackpacks:backpack":1,"minecraft:bread":7,"minecraft:iron_pickaxe":199,"minecraft:stone_slab":1,"minecraft:stone_axe":78,"minecraft:cobblestone":93,"minecraft:cooked_porkchop":18,"minecraft:bucket":2,"minecraft:oak_boat":1,"croptopia:corn":1},"minecraft:killed_by":{"minecraft:player":1,"grimoireofgaia:ant_salvager":1,"minecraft:skeleton":1,"minecraft:vex":1},"minecraft:dropped":{"minecraft:leather":5,"minecraft:saddle":1,"bossominium:the_bossdexium":1,"tombstone:bag_of_seeds":1,"minecraft:white_wool":5,"minecraft:sugar_cane":1,"minecraft:golden_chestplate":1,"minecraft:rotten_flesh":2,"guideapi_vp:vampirism-guidebook":1,"minecraft:spider_eye":1,"bossominium:guardian_sapling":1},"minecraft:killed":{"minecraft:vex":2,"minecraft:spider":4,"minecraft:skeleton":2,"minecraft:silverfish":2,"minecraft:drowned":10,"minecraft:pig":8,"grimoireofgaia:cecaelia":1,"minecraft:sheep":7,"minecraft:zombie":23,"minecraft:cow":2},"minecraft:mined":{"minecraft:grass_block":3,"vampirism:hunter_table":1,"minecraft:sandstone":8,"minecraft:hay_block":21,"minecraft:furnace":7,"minecraft:nether_sprouts":2,"minecraft:iron_ore":54,"croptopia:corn_crop":1,"blue_skies:maple_slab":1,"minecraft:gold_block":3,"minecraft:cobblestone_slab":2,"minecraft:smooth_sandstone_stairs":2,"minecraft:stone":51,"sophisticatedbackpacks:backpack":1,"minecraft:oak_slab":1,"minecraft:twisting_vines_plant":1,"minecraft:orange_terracotta":1,"minecraft:crafting_table":11,"minecraft:warped_roots":1,"minecraft:stone_slab":1,"minecraft:cobblestone":22,"minecraft:lapis_ore":4,"minecraft:seagrass":1,"minecraft:birch_leaves":1,"atlantis:aquamarine_ore":5,"minecraft:black_bed":15,"minecraft:grass":4,"minecraft:coal_ore":154,"minecraft:oak_log":35,"evilcraft:blood_stain":1,"minecraft:cobweb":3,"structure_gel:dynamic_spawner":2,"minecraft:stone_bricks":1,"minecraft:mossy_stone_bricks":1,"minecraft:oak_leaves":4,"minecraft:infested_stone":1,"minecraft:fern":1,"paraglider:goddess_statue":3},"minecraft:picked_up":{"minecraft:crafting_table":11,"croptopia:peach":8,"minecraft:stone_slab":1,"blue_skies:maple_slab":1,"minecraft:gold_block":3,"atlantis:atlantean_fire_melon_fruit_seeds":2,"minecraft:shield":1,"paraglider:goddess_statue":3,"minecraft:string":9,"minecraft:iron_leggings":1,"minecraft:beef":5,"minecraft:oak_boat":1,"minecraft:cobblestone_slab":2,"minecraft:iron_nugget":1,"bossominium:vex_wing":2,"farmersdelight:golden_knife":1,"minecraft:sugar_cane":1,"minecraft:iron_boots":1,"minecraft:furnace":7,"minecraft:raw_iron":54,"minecraft:sandstone":7,"croptopia:corn_seed":2,"sophisticatedbackpacks:backpack":1,"minecraft:golden_axe":1,"minecraft:porkchop":18,"vampirism:vampire_fang":1,"minecraft:carrot":1,"minecraft:golden_chestplate":2,"vampirism:hunter_table":1,"minecraft:arrow":3,"minecraft:rotten_flesh":27,"minecraft:hay_block":21,"minecraft:mutton":12,"minecraft:cobblestone":107,"minecraft:white_wool":7,"grimoireofgaia:metal_dagger":1,"minecraft:black_bed":15,"minecraft:leather":3,"minecraft:smooth_sandstone_stairs":1,"minecraft:oak_log":35,"bossominium:guardian_sapling":1,"minecraft:lapis_lazuli":27,"minecraft:dirt":5,"minecraft:orange_terracotta":1,"minecraft:cooked_mutton":1,"croptopia:corn":1,"minecraft:iron_ingot":2,"tombstone:bag_of_seeds":1,"minecraft:mossy_stone_bricks":1,"minecraft:oak_planks":1,"minecraft:oak_slab":2,"minecraft:spider_eye":4,"minecraft:iron_helmet":1,"minecraft:warped_roots":1,"minecraft:oak_sapling":2,"atlantis:aquamarine_gem":5,"minecraft:coal":286},"minecraft:crafted":{"minecraft:oak_planks":140,"minecraft:furnace":1,"minecraft:cooked_mutton":3,"minecraft:iron_axe":1,"minecraft:stone_pickaxe":1,"minecraft:chest":1,"minecraft:wheat":189,"minecraft:cooked_beef":5,"blue_skies:blue_journal":1,"sophisticatedbackpacks:backpack":1,"minecraft:cooked_porkchop":18,"minecraft:crafting_table":2,"minecraft:wooden_pickaxe":1,"minecraft:bucket":1,"minecraft:stone_axe":1,"minecraft:air":0,"justhammers:iron_hammer":1,"minecraft:stick":16,"minecraft:iron_pickaxe":1,"minecraft:iron_ingot":40,"minecraft:gold_ingot":27,"minecraft:black_bed":1},"minecraft:custom":{"minecraft:mob_kills":69,"minecraft:interact_with_crafting_table":16,"minecraft:open_barrel":10,"minecraft:damage_dealt_resisted":61,"minecraft:leave_game":1,"minecraft:time_since_death":21008,"minecraft:climb_one_cm":3511,"minecraft:sprint_one_cm":578147,"minecraft:walk_one_cm":333297,"minecraft:drop":13,"minecraft:damage_dealt_absorbed":822,"minecraft:talked_to_villager":3,"minecraft:play_time":184784,"minecraft:deaths":5,"minecraft:sneak_time":2381,"minecraft:walk_under_water_one_cm":11300,"minecraft:boat_one_cm":301710,"minecraft:jump":3439,"minecraft:interact_with_blast_furnace":1,"minecraft:walk_on_water_one_cm":15272,"minecraft:total_world_time":184784,"minecraft:interact_with_furnace":43,"minecraft:traded_with_villager":1,"minecraft:interact_with_grindstone":1,"minecraft:sleep_in_bed":13,"minecraft:time_since_rest":19164,"minecraft:waystone_activated":2,"minecraft:damage_taken":3009,"minecraft:damage_absorbed":39,"minecraft:damage_dealt":9811,"minecraft:swim_one_cm":52002,"minecraft:fly_one_cm":701718,"minecraft:player_kills":1,"minecraft:open_chest":27,"minecraft:crouch_one_cm":5890,"tombstone:undead_killed":35,"minecraft:fall_one_cm":86663},"minecraft:broken":{"minecraft:stone_pickaxe":1,"minecraft:stone_axe":1}},"DataVersion":3120}