{"stats":{"minecraft:crafted":{"minecraft:oak_planks":108,"minecraft:furnace":1,"sophisticatedbackpacks:crafting_upgrade":1,"minecraft:cooked_mutton":5,"minecraft:iron_axe":1,"minecraft:chest":1,"minecraft:stone_hoe":1,"minecraft:wheat":54,"minecraft:cooked_beef":10,"minecraft:crafting_table":4,"minecraft:iron_sword":1,"additional_lights:fire_for_standing_torch_s":1,"minecraft:bucket":1,"minecraft:stone_axe":1,"sophisticatedbackpacks:upgrade_base":1,"minecraft:bread":18,"minecraft:air":0,"minecraft:oak_boat":1,"justhammers:iron_hammer":2,"minecraft:shield":1,"minecraft:stick":52,"minecraft:iron_ingot":57,"minecraft:iron_pickaxe":2,"minecraft:white_bed":1,"minecraft:acacia_planks":12,"minecraft:torch":140},"minecraft:picked_up":{"minecraft:charcoal":2,"minecraft:crafting_table":14,"minecraft:azure_bluet":6,"croptopia:peach":3,"croptopia:grape_seed":4,"minecraft:stone_slab":3,"minecraft:stone_brick_wall":1,"vampirism:hunter_coat_head_ultimate":1,"vampirism:armor_of_swiftness_head_ultimate":1,"paraglider:goddess_statue":1,"minecraft:string":11,"croptopia:cantaloupe":1,"minecraft:iron_axe":1,"vampirism:obi_belt":1,"minecraft:gold_nugget":2,"minecraft:cobbled_deepslate":3,"minecraft:beef":10,"hmag:bat_wing":1,"minecraft:oak_boat":2,"minecraft:cobblestone_slab":1,"hmag:cooked_savagefang_meat":4,"minecraft:jungle_sapling":2,"minecraft:iron_nugget":9,"minecraft:poppy":1,"minecraft:iron_pickaxe":1,"minecraft:chest":3,"minecraft:furnace":16,"minecraft:raw_iron":87,"grimoireofgaia:meat":1,"minecraft:torch":2,"minecraft:oak_fence":12,"evilcraft:origins_of_darkness":3,"minecraft:acacia_log":3,"croptopia:almond":1,"minecraft:diorite":5,"tombstone:grave_dust":3,"vampirism:vampire_fang":2,"vampirism:amulet":1,"minecraft:redstone":83,"grimoireofgaia:stone_coal":2,"minecraft:rotten_flesh":8,"evilcraft:box_of_eternal_closure":2,"minecraft:arrow":3,"croptopia:cantaloupe_seed":2,"minecraft:hay_block":6,"minecraft:gold_ingot":114,"sophisticatedbackpacks:copper_backpack":1,"croptopia:elderberry":1,"evilcraft:condensed_blood":143,"paraglider:horned_statue":2,"minecraft:mutton":6,"croptopia:pecan":4,"minecraft:rail":3,"minecraft:white_wool":3,"vampirism:heart_seeker_enhanced":1,"minecraft:cobblestone":846,"minecraft:oxeye_daisy":17,"vampirism:vampire_blood_bottle":1,"vampirism:vampire_book":1,"minecraft:feather":7,"hmag:purification_cloth":2,"minecraft:andesite":6,"minecraft:leather":5,"croptopia:spinach":1,"additional_lights:fire_for_standing_torch_s":2,"minecraft:oak_log":27,"evilcraft:flesh_humanoid":1,"supplementaries:flax_seeds":2,"minecraft:yellow_bed":4,"minecraft:gunpowder":4,"vampirism:hunter_coat_legs_ultimate":1,"minecraft:lapis_lazuli":69,"minecraft:dirt":935,"minecraft:leather_boots":1,"minecraft:bone":3,"minecraft:apple":9,"minecraft:stone_bricks":1,"farmersdelight:cooking_pot":1,"minecraft:bow":2,"minecraft:wheat_seeds":21,"guideapi_vp:vampirism-guidebook":1,"minecraft:iron_ingot":64,"tombstone:scroll_of_reach":1,"croptopia:elderberry_seed":2,"minecraft:oak_planks":68,"hmag:soul_powder":6,"minecraft:stone_brick_slab":1,"vampirism:ring":1,"minecraft:dandelion":1,"vampirism:hunter_coat_chest_ultimate":1,"minecraft:white_bed":16,"grimoireofgaia:box_iron":1,"minecraft:spider_eye":3,"croptopia:spinach_seed":1,"grimoireofgaia:shiny_pearl":1,"minecraft:bundle":1,"minecraft:slime_ball":2,"minecraft:diamond":5,"minecraft:stone_axe":1,"evilcraft:dark_gem":23,"minecraft:granite":5,"minecraft:gray_wool":1,"grimoireofgaia:bag_record":1,"croptopia:cashew":3,"minecraft:coal":546,"vampirism:armor_of_swiftness_chest_ultimate":1,"minecraft:ender_pearl":1},"minecraft:custom":{"minecraft:mob_kills":76,"minecraft:interact_with_crafting_table":28,"minecraft:open_barrel":5,"minecraft:damage_dealt_resisted":64,"minecraft:leave_game":5,"minecraft:time_since_death":8528,"minecraft:climb_one_cm":30379,"minecraft:damage_resisted":292,"minecraft:sprint_one_cm":1202972,"minecraft:walk_one_cm":622173,"minecraft:damage_blocked_by_shield":455,"minecraft:drop":9,"minecraft:damage_dealt_absorbed":2660,"minecraft:talked_to_villager":2,"minecraft:play_time":296800,"minecraft:sneak_time":3754,"minecraft:deaths":32,"minecraft:walk_under_water_one_cm":7633,"minecraft:boat_one_cm":181189,"minecraft:jump":6183,"minecraft:interact_with_blast_furnace":6,"minecraft:walk_on_water_one_cm":21567,"minecraft:total_world_time":296800,"minecraft:interact_with_furnace":53,"tombstone:raider_killed":3,"minecraft:sleep_in_bed":21,"minecraft:time_since_rest":52,"minecraft:waystone_activated":3,"minecraft:damage_taken":13501,"minecraft:damage_dealt":15284,"minecraft:player_kills":2,"minecraft:swim_one_cm":31546,"minecraft:fly_one_cm":1294042,"minecraft:open_chest":59,"minecraft:crouch_one_cm":9725,"tombstone:undead_killed":18,"tombstone:villager_killed":1,"minecraft:fall_one_cm":145449},"minecraft:dropped":{"minecraft:stone_hoe":1,"minecraft:crafting_table":1,"minecraft:apple":3,"minecraft:coal":30,"minecraft:iron_axe":1,"minecraft:oak_planks":36,"minecraft:bow":1},"minecraft:mined":{"minecraft:white_bed":16,"minecraft:dark_oak_leaves":3,"minecraft:jungle_leaves":1,"minecraft:granite":1,"minecraft:acacia_log":3,"minecraft:grass_block":567,"minecraft:oxeye_daisy":5,"minecraft:hay_block":6,"minecraft:furnace":13,"minecraft:iron_ore":60,"evilcraft:box_of_eternal_closure":2,"minecraft:andesite":3,"evilcraft:dark_ore":1,"minecraft:azure_bluet":5,"minecraft:cobblestone_slab":1,"minecraft:vine":1,"minecraft:stone":144,"farmersdelight:cooking_pot":1,"minecraft:dandelion":1,"minecraft:oak_fence":6,"minecraft:crafting_table":12,"minecraft:torch":2,"minecraft:poppy":1,"minecraft:chest":3,"minecraft:campfire":1,"minecraft:mushroom_stem":1,"minecraft:stone_slab":3,"minecraft:tall_grass":10,"minecraft:cobblestone":29,"minecraft:diorite":1,"supplementaries:urn":1,"additional_lights:fire_for_standing_torch_s":2,"paraglider:horned_statue":2,"minecraft:yellow_bed":4,"minecraft:grass":34,"minecraft:oak_log":27,"minecraft:coal_ore":114,"minecraft:dirt":495,"minecraft:stone_bricks":1,"minecraft:oak_leaves":8,"minecraft:deepslate":1,"paraglider:goddess_statue":1},"minecraft:killed_by":{"vampirism:advanced_vampire":1,"minecraft:player":2,"hmag:ogre":2,"grimoireofgaia:arachne":1,"grimoireofgaia:toad":3,"grimoireofgaia:werecat":1,"grimoireofgaia:bone_knight":1,"minecraft:cave_spider":2,"grimoireofgaia:minotaurus":12,"grimoireofgaia:dullahan":1,"minecraft:zombie":2,"hmag:ghost":1,"grimoireofgaia:creep":1},"minecraft:used":{"minecraft:iron_shovel":1044,"minecraft:poppy":1,"minecraft:chest":3,"minecraft:shield":8,"minecraft:iron_sword":126,"minecraft:stone_hoe":21,"minecraft:torch":70,"minecraft:dirt":934,"croptopia:elderberry":1,"croptopia:cashew":3,"paraglider:horned_statue":1,"minecraft:iron_axe":138,"evilcraft:box_of_eternal_closure":2,"evilcraft:flesh_humanoid":1,"vampirism:hunter_coat_legs_ultimate":1,"supplementaries:bomb_blue":1,"croptopia:peach":3,"minecraft:bow":1,"minecraft:furnace":14,"farmersdelight:cooking_pot":1,"vampirism:armor_of_swiftness_chest_ultimate":1,"grimoireofgaia:meat":1,"minecraft:potato":7,"tombstone:gift":6,"minecraft:cooked_beef":10,"minecraft:acacia_planks":12,"minecraft:wheat_seeds":7,"minecraft:cooked_mutton":5,"minecraft:water_bucket":18,"croptopia:pecan":4,"minecraft:baked_potato":11,"minecraft:oak_planks":2,"croptopia:almond":1,"minecraft:cobblestone_slab":1,"minecraft:crafting_table":14,"hmag:randomberry":6,"minecraft:white_bed":15,"justhammers:iron_hammer":231,"minecraft:apple":6,"minecraft:bread":34,"minecraft:iron_pickaxe":383,"tombstone:magic_scroll":1,"croptopia:spinach":1,"hmag:cooked_savagefang_meat":5,"minecraft:stone_axe":88,"additional_lights:fire_for_standing_torch_s":2,"minecraft:cobblestone":148,"minecraft:andesite":1,"minecraft:bucket":19,"minecraft:yellow_bed":4,"minecraft:oak_boat":3,"croptopia:cantaloupe":1},"minecraft:broken":{"vampirism:hunter_coat_legs_ultimate":1,"minecraft:iron_shovel":1,"justhammers:iron_hammer":1,"vampirism:armor_of_swiftness_chest_ultimate":1,"vampirism:hunter_coat_head_ultimate":1,"minecraft:leather_boots":1,"minecraft:stone_axe":1,"minecraft:iron_pickaxe":1},"minecraft:killed":{"grimoireofgaia:toad":1,"minecraft:cave_spider":1,"vampirism:advanced_vampire":1,"minecraft:spider":7,"grimoireofgaia:minotaurus":1,"minecraft:skeleton":6,"grimoireofgaia:mimic":3,"hmag:zombie_girl":1,"vampirism:villager_converted":1,"hmag:ghost":3,"minecraft:bat":1,"grimoireofgaia:cecaelia":1,"minecraft:creeper":2,"minecraft:sheep":4,"grimoireofgaia:horse":1,"minecraft:pillager":3,"minecraft:zombie":8,"grimoireofgaia:deathword":1,"grimoireofgaia:harpy":2,"grimoireofgaia:arachne":1,"grimoireofgaia:werecat":1,"minecraft:enderman":1,"minecraft:cow":3}},"DataVersion":3120}