{"stats":{"minecraft:mined":{"minecraft:white_bed":24,"minecraft:oak_sapling":1,"minecraft:jungle_leaves":1,"cataclysm:stone_tiles":6,"twilightforest:twisted_stone":2,"cataclysm:stone_pillar":1,"minecraft:granite":14,"minecraft:acacia_log":3,"minecraft:grass_block":1974,"minecraft:oxeye_daisy":6,"minecraft:chiseled_stone_bricks":2,"minecraft:iron_ore":73,"minecraft:cobbled_deepslate":22,"minecraft:fire":73,"minecraft:deepslate_lapis_ore":3,"minecraft:azure_bluet":11,"minecraft:enchanting_table":1,"minecraft:dirt_path":3,"domesticationinnovation:drum":5,"minecraft:torch":18,"minecraft:poppy":1,"minecraft:chest":5,"supplementaries:wild_flax":1,"minecraft:mushroom_stem":1,"minecraft:cobblestone":85,"minecraft:sugar_cane":9,"minecraft:oak_planks":7,"minecraft:wall_torch":3,"minecraft:stone_stairs":3,"paraglider:horned_statue":2,"minecraft:wheat":12,"atlantis:aquamarine_ore":13,"minecraft:stone_brick_stairs":9,"minecraft:grass":165,"minecraft:oak_log":66,"minecraft:sand":51,"minecraft:dirt":1910,"minecraft:oak_leaves":60,"minecraft:deepslate":36,"twilightforest:firefly":1,"minecraft:diamond_ore":1,"minecraft:tuff":6,"croptopia:orange_crop":2,"minecraft:dark_oak_leaves":3,"minecraft:deepslate_diamond_ore":2,"vampirism:altar_inspiration":1,"farmersdelight:wild_carrots":1,"minecraft:dark_oak_fence":9,"cataclysm:stone_tile_stairs":4,"cataclysm:chiseled_stone_brick_pillar":2,"evilcraft:environmental_accumulator":1,"minecraft:hay_block":6,"minecraft:redstone_ore":33,"minecraft:furnace":13,"minecraft:carrots":19,"evilcraft:box_of_eternal_closure":2,"twilightforest:canopy_planks":4,"minecraft:andesite":7,"evilcraft:dark_ore":1,"minecraft:potatoes":24,"vampirism:altar_infusion":1,"minecraft:deepslate_iron_ore":12,"minecraft:cobblestone_slab":18,"minecraft:vine":13,"minecraft:stone":369,"farmersdelight:cooking_pot":1,"minecraft:soul_torch":1,"minecraft:dandelion":1,"croptopia:sweetpotato_crop":1,"minecraft:oak_fence":8,"minecraft:crafting_table":12,"additional_lights:fire_pit_l_cobblestone":15,"additional_lights:fire_for_fire_pit_l":3,"minecraft:campfire":1,"minecraft:stone_slab":26,"minecraft:tall_grass":13,"minecraft:diorite":14,"supplementaries:urn":1,"additional_lights:standing_torch_l_cobblestone":2,"bossominium:guardian_sapling":2,"minecraft:cobblestone_wall":6,"additional_lights:fire_for_standing_torch_s":2,"dramaticdoors:tall_oak_door":2,"twilightforest:hollow_oak_log_vertical":1,"minecraft:white_carpet":2,"minecraft:yellow_bed":4,"twilightforest:bold_stone_pillar":1,"minecraft:coal_ore":133,"vampirism:fire_place":1,"minecraft:gravel":23,"minecraft:cobweb":19,"minecraft:stone_bricks":7,"minecraft:mossy_stone_bricks":1,"paraglider:goddess_statue":1},"minecraft:used":{"minecraft:red_sand":1,"minecraft:iron_shovel":2340,"minecraft:chest":9,"sophisticatedbackpacks:copper_backpack":2,"vampirism:heart_striker_enhanced":1,"minecraft:poppy":1,"vampirism:altar_infusion":1,"minecraft:shield":44,"minecraft:iron_sword":686,"grimoireofgaia:soulfire":69,"croptopia:cashew":3,"twilightforest:bold_stone_pillar":1,"minecraft:carrot":81,"cataclysm:stone_tiles":216,"minecraft:azure_bluet":1,"minecraft:milk_bucket":2,"minecraft:grass_block":1,"minecraft:stone_brick_stairs":10,"minecraft:stone_bricks":1,"supplementaries:bomb_blue":1,"vampirism:hunter_coat_legs_ultimate":1,"croptopia:peach":3,"minecraft:bow":10,"minecraft:oak_sapling":1,"minecraft:furnace":19,"vampirism:armor_of_swiftness_chest_ultimate":1,"grimoireofgaia:meat":2,"minecraft:potato":84,"atlantis:shovel_aquamarine":2,"minecraft:oak_planks":7,"croptopia:almond":1,"minecraft:sugar_cane":11,"cataclysm:chiseled_stone_brick_pillar":2,"minecraft:sand":50,"hmag:randomberry":10,"minecraft:bread":37,"croptopia:spinach":1,"minecraft:andesite":1,"minecraft:oak_boat":9,"croptopia:cantaloupe":1,"minecraft:bone_meal":42,"twilightforest:canopy_planks":4,"minecraft:oak_fence":26,"minecraft:enchanting_table":1,"minecraft:stone_hoe":21,"minecraft:torch":226,"minecraft:dirt":2552,"minecraft:white_carpet":4,"croptopia:elderberry":1,"minecraft:iron_hoe":173,"paraglider:horned_statue":2,"twilightforest:twisted_stone":2,"minecraft:iron_axe":207,"additional_lights:fire_pit_l_cobblestone":17,"evilcraft:box_of_eternal_closure":7,"evilcraft:flesh_humanoid":7,"bossominium:guardian_sapling":2,"farmersdelight:cooking_pot":1,"additional_lights:standing_torch_l_cobblestone":2,"tombstone:gift":9,"minecraft:cooked_beef":10,"minecraft:acacia_planks":12,"minecraft:wheat_seeds":42,"minecraft:cooked_mutton":5,"vampirism:fire_place":2,"minecraft:water_bucket":100,"croptopia:pecan":4,"vampirism:altar_inspiration":2,"minecraft:baked_potato":193,"minecraft:stonecutter":1,"minecraft:cobblestone_slab":1,"atlantis:sword_aquamarine":38,"cataclysm:stone_pillar":1,"minecraft:crafting_table":14,"minecraft:white_bed":23,"minecraft:campfire":1,"croptopia:sweetpotato":1,"cataclysm:stone_tile_stairs":138,"justhammers:iron_hammer":713,"minecraft:apple":6,"minecraft:diamond_shovel":1580,"twilightforest:firefly":2,"minecraft:oak_button":2,"minecraft:iron_pickaxe":986,"tombstone:magic_scroll":1,"hmag:cooked_savagefang_meat":5,"domesticationinnovation:drum":5,"minecraft:stone_axe":88,"minecraft:chiseled_stone_bricks":1,"additional_lights:fire_for_standing_torch_s":2,"minecraft:cobblestone":313,"minecraft:bucket":101,"minecraft:yellow_bed":4,"minecraft:dandelion":2,"minecraft:soul_torch":1},"minecraft:dropped":{"minecraft:diamond":1,"minecraft:crafting_table":1,"minecraft:dirt":2,"minecraft:dark_oak_fence":4,"minecraft:gold_nugget":1,"atlantis:aquamarine_gem":1,"minecraft:oak_planks":36,"justhammers:iron_hammer":1,"minecraft:stone_hoe":1,"minecraft:poisonous_potato":1,"minecraft:apple":3,"minecraft:coal":30,"minecraft:iron_axe":1,"sophisticatedbackpacks:backpack":1,"minecraft:stone_slab":1,"cataclysm:stone_tiles":50,"grimoireofgaia:soulfire":1,"sophisticatedbackpacks:copper_backpack":1,"minecraft:bow":1},"minecraft:killed":{"naturalist:zebra":2,"grimoireofgaia:toad":1,"vampirism:vampire":3,"minecraft:cave_spider":1,"vampirism:advanced_vampire":1,"minecraft:spider":11,"grimoireofgaia:minotaurus":4,"minecraft:skeleton":16,"grimoireofgaia:mimic":3,"hmag:harpy":1,"grimoireofgaia:banshee":1,"grimoireofgaia:bone_knight":1,"minecraft:creeper":4,"vampirism:hunter":1,"minecraft:sheep":5,"minecraft:pillager":3,"minecraft:zombie":20,"bossominium:forest_guardian_boss":2,"grimoireofgaia:deathword":1,"grimoireofgaia:harpy":9,"minecraft:cow":14,"exoticbirds:peafowl":1,"hmag:zombie_girl":2,"vampirism:villager_converted":1,"grimoireofgaia:dullahan":2,"hmag:ghost":7,"naturalist:bluejay":1,"minecraft:bat":1,"grimoireofgaia:cecaelia":1,"grimoireofgaia:horse":2,"grimoireofgaia:arachne":1,"grimoireofgaia:werecat":1,"minecraft:enderman":2},"minecraft:crafted":{"minecraft:oak_planks":232,"twilightforest:twisted_stone":1,"cataclysm:chiseled_stone_brick_pillar":1,"minecraft:stone":1239,"minecraft:diamond_shovel":1,"sophisticatedbackpacks:crafting_upgrade":1,"minecraft:cooked_mutton":5,"minecraft:bow":1,"minecraft:iron_boots":1,"vampirism:altar_inspiration":1,"cataclysm:stone_pillar":1,"minecraft:chest":5,"atlantis:aquamarine_chestplate":1,"minecraft:oak_button":1,"minecraft:chiseled_stone_bricks":1,"minecraft:stone_hoe":1,"minecraft:stone_bricks":1,"minecraft:oak_fence":15,"minecraft:crafting_table":4,"minecraft:iron_helmet":1,"minecraft:baked_potato":233,"additional_lights:fire_for_standing_torch_s":1,"minecraft:campfire":1,"sophisticatedbackpacks:upgrade_base":1,"twilightforest:bold_stone_pillar":1,"atlantis:shovel_aquamarine":1,"minecraft:iron_chestplate":1,"minecraft:charcoal":1,"minecraft:shield":1,"cataclysm:stone_tile_stairs":7,"minecraft:stick":100,"minecraft:iron_ingot":160,"minecraft:iron_pickaxe":4,"atlantis:sword_aquamarine":1,"atlantis:aquamarine_boots":1,"minecraft:furnace":3,"minecraft:bone_meal":45,"cataclysm:stone_tiles":1,"vampirism:altar_infusion":1,"minecraft:iron_axe":2,"minecraft:iron_hoe":1,"twilightforest:canopy_planks":4,"additional_lights:standing_torch_l_cobblestone":1,"vampirism:fire_place":1,"minecraft:wheat":54,"minecraft:cooked_beef":10,"paraglider:paraglider":1,"minecraft:coal_block":1,"atlantis:aquamarine_leggings":1,"minecraft:iron_sword":3,"sophisticatedbackpacks:gold_backpack":1,"minecraft:bucket":1,"minecraft:stone_axe":1,"minecraft:bread":18,"minecraft:air":0,"minecraft:oak_boat":2,"vampirism:altar_pillar":1,"justhammers:iron_hammer":5,"minecraft:iron_shovel":5,"minecraft:iron_leggings":1,"minecraft:stonecutter":1,"minecraft:white_bed":1,"vampirism:blood_container":1,"minecraft:acacia_planks":12,"minecraft:torch":140,"bossominium:charcoal_bone_meal":3},"minecraft:broken":{"minecraft:iron_shovel":6,"vampirism:armor_of_swiftness_chest_ultimate":1,"minecraft:diamond_shovel":1,"minecraft:stone_axe":1,"minecraft:iron_sword":2,"vampirism:hunter_coat_legs_ultimate":1,"justhammers:iron_hammer":3,"vampirism:hunter_coat_head_ultimate":1,"minecraft:iron_axe":1,"minecraft:leather_boots":1,"minecraft:iron_pickaxe":3},"minecraft:custom":{"minecraft:animals_bred":30,"minecraft:interact_with_crafting_table":55,"minecraft:open_barrel":5,"minecraft:bell_ring":1,"minecraft:leave_game":12,"minecraft:time_since_death":42516,"minecraft:damage_resisted":1100,"minecraft:sprint_one_cm":3015292,"minecraft:damage_blocked_by_shield":3695,"minecraft:drop":21,"minecraft:talked_to_villager":13,"minecraft:play_time":901568,"minecraft:deaths":56,"minecraft:jump":16405,"minecraft:walk_on_water_one_cm":50422,"minecraft:interact_with_furnace":257,"minecraft:sleep_in_bed":45,"minecraft:waystone_activated":3,"minecraft:damage_dealt":42357,"minecraft:player_kills":4,"minecraft:crouch_one_cm":53594,"tombstone:undead_killed":46,"tombstone:villager_killed":1,"minecraft:horse_one_cm":1618,"minecraft:mob_kills":158,"minecraft:damage_dealt_resisted":400,"minecraft:climb_one_cm":47661,"minecraft:walk_one_cm":2007844,"minecraft:damage_dealt_absorbed":2770,"vampirism:infected_creatures":1,"minecraft:sneak_time":18565,"minecraft:walk_under_water_one_cm":54051,"minecraft:boat_one_cm":181189,"minecraft:interact_with_blast_furnace":38,"minecraft:total_world_time":901568,"tombstone:raider_killed":3,"minecraft:interact_with_stonecutter":28,"minecraft:time_since_rest":18615,"minecraft:damage_taken":328349,"tombstone:cast_on_ally":0,"minecraft:swim_one_cm":80367,"minecraft:fly_one_cm":3907719,"minecraft:open_chest":343,"minecraft:fall_one_cm":337632},"minecraft:picked_up":{"minecraft:wheat":201,"croptopia:grape_seed":4,"minecraft:stone_slab":83,"minecraft:enchanted_book":1,"croptopia:cabbage_seed":2,"minecraft:stone_brick_stairs":9,"vampirism:hunter_coat_head_ultimate":1,"minecraft:raw_copper":22,"vampirism:armor_of_swiftness_head_ultimate":1,"paraglider:goddess_statue":1,"minecraft:string":34,"croptopia:cantaloupe":1,"vampirism:obi_belt":1,"minecraft:gold_nugget":7,"minecraft:cobbled_deepslate":78,"hmag:bat_wing":1,"minecraft:cobblestone_slab":28,"minecraft:iron_pickaxe":1,"additional_lights:fire_pit_l_cobblestone":15,"minecraft:furnace":16,"minecraft:stick":7,"minecraft:torch":53,"minecraft:oak_fence":16,"cataclysm:chiseled_stone_brick_pillar":1,"minecraft:acacia_log":3,"croptopia:almond":1,"vampirism:vampire_fang":2,"tombstone:grave_dust":6,"minecraft:diorite":19,"vampirism:amulet":2,"evilcraft:box_of_eternal_closure":5,"minecraft:rotten_flesh":19,"grimoireofgaia:stone_coal":2,"croptopia:elderberry":1,"evilcraft:condensed_blood":143,"croptopia:pecan":4,"cataclysm:stone_pillar":1,"croptopia:cabbage":1,"vampirism:heart_seeker_enhanced":1,"minecraft:cobblestone":2467,"minecraft:enchanting_table":1,"vampirism:vampire_book":1,"minecraft:feather":16,"minecraft:andesite":10,"minecraft:potato":603,"croptopia:spinach":1,"minecraft:flint":2,"additional_lights:fire_for_standing_torch_s":2,"minecraft:tuff":6,"evilcraft:flesh_humanoid":1,"supplementaries:flax_seeds":3,"bossominium:guardian_sapling":2,"vampirism:hunter_coat_legs_ultimate":1,"minecraft:lapis_lazuli":88,"minecraft:dirt":3749,"minecraft:leather_boots":1,"minecraft:bone":11,"minecraft:bow":3,"croptopia:sweetpotato":1,"minecraft:wheat_seeds":602,"tombstone:scroll_of_reach":1,"minecraft:mossy_stone_bricks":1,"minecraft:oak_planks":76,"hmag:soul_powder":7,"vampirism:ring":1,"minecraft:poisonous_potato":4,"justhammers:iron_hammer":1,"minecraft:sand":51,"vampirism:hunter_coat_chest_ultimate":1,"sophisticatedbackpacks:iron_backpack":1,"minecraft:grass_block":1,"grimoireofgaia:shiny_pearl":1,"croptopia:spinach_seed":1,"cataclysm:stone_tiles":56,"minecraft:bundle":1,"dramaticdoors:tall_oak_door":2,"twilightforest:canopy_planks":2,"minecraft:diamond":8,"minecraft:granite":17,"minecraft:oak_sapling":2,"croptopia:cashew":3,"minecraft:dark_oak_fence":8,"atlantis:aquamarine_gem":45,"minecraft:charcoal":2,"minecraft:crafting_table":14,"minecraft:azure_bluet":41,"grimoireofgaia:soulfire":3,"croptopia:peach":3,"cataclysm:stone_tile_stairs":4,"croptopia:sweetpotato_seed":1,"twilightforest:bold_stone_pillar":1,"minecraft:stone_brick_wall":1,"minecraft:stone_stairs":8,"minecraft:iron_axe":1,"minecraft:white_carpet":2,"minecraft:beef":39,"minecraft:oak_boat":6,"hmag:cooked_savagefang_meat":4,"minecraft:jungle_sapling":2,"minecraft:iron_nugget":15,"minecraft:poppy":1,"minecraft:sugar_cane":9,"minecraft:chest":5,"minecraft:raw_iron":145,"grimoireofgaia:meat":1,"twilightforest:twisted_stone":1,"evilcraft:origins_of_darkness":3,"sophisticatedbackpacks:backpack":1,"minecraft:carrot":614,"minecraft:redstone":233,"twilightforest:firefly":1,"additional_lights:standing_torch_l_cobblestone":2,"croptopia:cantaloupe_seed":2,"minecraft:arrow":12,"vampirism:altar_inspiration":1,"minecraft:hay_block":6,"croptopia:pepper":1,"minecraft:gold_ingot":114,"sophisticatedbackpacks:copper_backpack":3,"paraglider:horned_statue":2,"domesticationinnovation:collar_tag":1,"minecraft:mutton":12,"minecraft:rail":7,"exoticbirds:raw_birdmeat":3,"minecraft:white_wool":7,"minecraft:oxeye_daisy":49,"evilcraft:environmental_accumulation_core":1,"vampirism:vampire_blood_bottle":1,"hmag:purification_cloth":2,"minecraft:glow_ink_sac":1,"minecraft:leather":19,"minecraft:oak_log":78,"minecraft:yellow_bed":4,"minecraft:cobblestone_wall":9,"minecraft:gunpowder":6,"farmersdelight:cooking_pot":1,"minecraft:stone_bricks":26,"minecraft:apple":11,"guideapi_vp:vampirism-guidebook":1,"minecraft:iron_ingot":64,"minecraft:glass_bottle":8,"croptopia:elderberry_seed":2,"minecraft:chiseled_stone_bricks":15,"vampirism:fire_place":1,"minecraft:stone_brick_slab":1,"minecraft:dandelion":3,"minecraft:gravel":23,"minecraft:soul_torch":1,"minecraft:white_bed":24,"grimoireofgaia:box_iron":1,"vampirism:altar_infusion":1,"minecraft:spider_eye":4,"minecraft:slime_ball":2,"minecraft:stone_axe":1,"evilcraft:dark_gem":23,"minecraft:gray_wool":1,"domesticationinnovation:drum":5,"minecraft:oak_button":1,"minecraft:baked_potato":35,"grimoireofgaia:bag_record":1,"minecraft:coal":612,"vampirism:armor_of_swiftness_chest_ultimate":1,"minecraft:ender_pearl":1},"minecraft:killed_by":{"vampirism:advanced_vampire":1,"hmag:ogre":2,"grimoireofgaia:arachne":1,"grimoireofgaia:toad":3,"grimoireofgaia:bone_knight":3,"minecraft:cave_spider":2,"grimoireofgaia:minotaurus":19,"grimoireofgaia:dullahan":1,"grimoireofgaia:harpy":4,"minecraft:zombie":2,"minecraft:player":4,"minecraft:spider":1,"grimoireofgaia:werecat":1,"hmag:ghost":1,"grimoireofgaia:creep":2}},"DataVersion":3120}