{"stats":{"minecraft:crafted":{"minecraft:oak_planks":88,"minecraft:crafting_table":2,"minecraft:furnace":1,"minecraft:bucket":1,"minecraft:stone_axe":1,"minecraft:cooked_mutton":5,"minecraft:air":0,"minecraft:oak_boat":1,"minecraft:iron_axe":1,"minecraft:stick":8,"minecraft:iron_ingot":19,"minecraft:iron_pickaxe":1,"minecraft:acacia_planks":12},"minecraft:killed_by":{"minecraft:player":2,"minecraft:cave_spider":1,"grimoireofgaia:toad":3,"grimoireofgaia:werecat":1},"minecraft:killed":{"grimoireofgaia:toad":1,"minecraft:spider":2,"minecraft:creeper":1,"minecraft:sheep":4,"minecraft:skeleton":1,"minecraft:zombie":1,"grimoireofgaia:werecat":1,"minecraft:cow":3},"minecraft:custom":{"minecraft:interact_with_furnace":17,"minecraft:mob_kills":14,"minecraft:interact_with_crafting_table":8,"minecraft:open_barrel":1,"minecraft:leave_game":2,"minecraft:time_since_death":20248,"minecraft:sleep_in_bed":6,"minecraft:climb_one_cm":10572,"minecraft:time_since_rest":5938,"minecraft:waystone_activated":2,"minecraft:sprint_one_cm":478676,"minecraft:damage_taken":2330,"minecraft:walk_one_cm":164633,"minecraft:drop":4,"minecraft:damage_dealt":2898,"minecraft:player_kills":2,"minecraft:swim_one_cm":14433,"minecraft:fly_one_cm":474770,"minecraft:open_chest":36,"minecraft:play_time":98412,"minecraft:crouch_one_cm":2234,"minecraft:sneak_time":969,"tombstone:undead_killed":2,"minecraft:deaths":7,"minecraft:walk_under_water_one_cm":2483,"minecraft:boat_one_cm":181189,"minecraft:jump":2145,"minecraft:walk_on_water_one_cm":10682,"minecraft:total_world_time":98412,"minecraft:fall_one_cm":52310},"minecraft:dropped":{"minecraft:oak_planks":36,"minecraft:apple":3},"minecraft:picked_up":{"minecraft:crafting_table":6,"vampirism:vampire_book":1,"hmag:purification_cloth":2,"croptopia:peach":3,"minecraft:leather":5,"minecraft:stone_slab":3,"croptopia:spinach":1,"minecraft:oak_log":22,"evilcraft:flesh_humanoid":1,"minecraft:gunpowder":2,"vampirism:hunter_coat_head_ultimate":1,"vampirism:armor_of_swiftness_head_ultimate":1,"vampirism:hunter_coat_legs_ultimate":1,"paraglider:goddess_statue":1,"minecraft:string":4,"minecraft:dirt":7,"croptopia:cantaloupe":1,"minecraft:stone_bricks":1,"minecraft:apple":9,"vampirism:obi_belt":1,"farmersdelight:cooking_pot":1,"minecraft:wheat_seeds":1,"guideapi_vp:vampirism-guidebook":1,"minecraft:iron_ingot":28,"minecraft:beef":10,"minecraft:oak_boat":2,"minecraft:jungle_sapling":2,"minecraft:cobblestone_slab":1,"hmag:cooked_savagefang_meat":4,"tombstone:scroll_of_reach":1,"minecraft:iron_nugget":2,"minecraft:poppy":1,"minecraft:iron_pickaxe":1,"croptopia:elderberry_seed":2,"minecraft:oak_planks":68,"minecraft:furnace":7,"minecraft:raw_iron":19,"grimoireofgaia:meat":1,"minecraft:oak_fence":12,"vampirism:ring":1,"evilcraft:origins_of_darkness":3,"minecraft:acacia_log":3,"croptopia:almond":1,"vampirism:hunter_coat_chest_ultimate":1,"tombstone:grave_dust":1,"vampirism:vampire_fang":2,"minecraft:white_bed":9,"vampirism:amulet":1,"croptopia:spinach_seed":1,"croptopia:cantaloupe_seed":2,"minecraft:rotten_flesh":1,"minecraft:slime_ball":2,"minecraft:diamond":5,"minecraft:stone_axe":1,"minecraft:granite":1,"minecraft:gray_wool":1,"minecraft:gold_ingot":47,"sophisticatedbackpacks:copper_backpack":1,"croptopia:elderberry":1,"evilcraft:condensed_blood":143,"croptopia:cashew":3,"minecraft:mutton":6,"croptopia:pecan":4,"vampirism:heart_seeker_enhanced":1,"minecraft:coal":125,"vampirism:armor_of_swiftness_chest_ultimate":1,"minecraft:white_wool":3,"minecraft:cobblestone":56},"minecraft:mined":{"farmersdelight:cooking_pot":1,"minecraft:white_bed":9,"minecraft:dark_oak_leaves":3,"minecraft:jungle_leaves":1,"minecraft:oak_fence":6,"minecraft:crafting_table":6,"minecraft:granite":1,"minecraft:acacia_log":3,"minecraft:grass_block":3,"minecraft:poppy":1,"minecraft:mushroom_stem":1,"minecraft:stone_slab":3,"minecraft:tall_grass":1,"minecraft:cobblestone":12,"minecraft:furnace":4,"minecraft:iron_ore":19,"minecraft:grass":1,"minecraft:coal_ore":12,"minecraft:oak_log":22,"minecraft:cobblestone_slab":1,"minecraft:vine":1,"minecraft:dirt":7,"minecraft:stone":48,"minecraft:stone_bricks":1,"paraglider:goddess_statue":1,"minecraft:oak_leaves":8},"minecraft:used":{"minecraft:cooked_mutton":5,"croptopia:pecan":4,"minecraft:poppy":1,"minecraft:oak_planks":2,"croptopia:almond":1,"minecraft:cobblestone_slab":1,"minecraft:dirt":4,"minecraft:white_bed":8,"croptopia:elderberry":1,"croptopia:cashew":3,"hmag:randomberry":6,"minecraft:crafting_table":5,"minecraft:apple":6,"minecraft:iron_axe":5,"minecraft:iron_pickaxe":108,"tombstone:magic_scroll":1,"croptopia:spinach":1,"vampirism:hunter_coat_legs_ultimate":1,"evilcraft:flesh_humanoid":1,"hmag:cooked_savagefang_meat":5,"croptopia:peach":3,"minecraft:cobblestone":1,"minecraft:stone_axe":88,"supplementaries:bomb_blue":1,"tombstone:gift":4,"minecraft:furnace":6,"grimoireofgaia:meat":1,"farmersdelight:cooking_pot":1,"vampirism:armor_of_swiftness_chest_ultimate":1,"minecraft:oak_boat":3,"minecraft:bucket":1,"croptopia:cantaloupe":1,"minecraft:acacia_planks":12},"minecraft:broken":{"minecraft:stone_axe":1}},"DataVersion":3120}