{"stats":{"minecraft:crafted":{"minecraft:oak_planks":156,"twilightforest:twisted_stone":1,"cataclysm:chiseled_stone_brick_pillar":1,"minecraft:stone":315,"minecraft:diamond_shovel":1,"sophisticatedbackpacks:crafting_upgrade":1,"minecraft:cooked_mutton":5,"minecraft:bow":1,"minecraft:iron_boots":1,"cataclysm:stone_pillar":1,"minecraft:chest":2,"minecraft:chiseled_stone_bricks":1,"minecraft:stone_hoe":1,"minecraft:stone_bricks":1,"minecraft:crafting_table":4,"minecraft:iron_helmet":1,"minecraft:baked_potato":41,"additional_lights:fire_for_standing_torch_s":1,"sophisticatedbackpacks:upgrade_base":1,"twilightforest:bold_stone_pillar":1,"minecraft:iron_chestplate":1,"minecraft:shield":1,"minecraft:stick":68,"minecraft:iron_pickaxe":3,"minecraft:iron_ingot":150,"minecraft:furnace":3,"minecraft:bone_meal":45,"cataclysm:stone_tiles":1,"minecraft:iron_axe":1,"minecraft:iron_hoe":1,"additional_lights:standing_torch_l_cobblestone":1,"minecraft:wheat":54,"minecraft:cooked_beef":10,"minecraft:iron_sword":2,"minecraft:bucket":1,"minecraft:stone_axe":1,"minecraft:bread":18,"minecraft:air":0,"minecraft:oak_boat":1,"justhammers:iron_hammer":4,"minecraft:iron_shovel":1,"minecraft:iron_leggings":1,"minecraft:stonecutter":1,"minecraft:white_bed":1,"minecraft:acacia_planks":12,"minecraft:torch":140,"bossominium:charcoal_bone_meal":3},"minecraft:picked_up":{"minecraft:wheat":7,"croptopia:grape_seed":4,"minecraft:stone_slab":3,"vampirism:hunter_coat_head_ultimate":1,"minecraft:string":33,"paraglider:goddess_statue":1,"vampirism:armor_of_swiftness_head_ultimate":1,"croptopia:cantaloupe":1,"minecraft:raw_copper":22,"vampirism:obi_belt":1,"minecraft:cobbled_deepslate":31,"minecraft:gold_nugget":5,"hmag:bat_wing":1,"minecraft:cobblestone_slab":1,"minecraft:iron_pickaxe":1,"additional_lights:fire_pit_l_cobblestone":15,"minecraft:furnace":16,"minecraft:stick":4,"cataclysm:chiseled_stone_brick_pillar":1,"minecraft:oak_fence":14,"minecraft:torch":18,"minecraft:acacia_log":3,"croptopia:almond":1,"minecraft:diorite":8,"tombstone:grave_dust":4,"vampirism:vampire_fang":2,"vampirism:amulet":1,"evilcraft:box_of_eternal_closure":2,"minecraft:rotten_flesh":9,"grimoireofgaia:stone_coal":2,"evilcraft:condensed_blood":143,"croptopia:elderberry":1,"croptopia:pecan":4,"cataclysm:stone_pillar":1,"vampirism:heart_seeker_enhanced":1,"minecraft:cobblestone":1974,"vampirism:vampire_book":1,"minecraft:feather":7,"minecraft:andesite":7,"minecraft:potato":91,"croptopia:spinach":1,"additional_lights:fire_for_standing_torch_s":2,"evilcraft:flesh_humanoid":1,"supplementaries:flax_seeds":3,"bossominium:guardian_sapling":2,"vampirism:hunter_coat_legs_ultimate":1,"minecraft:lapis_lazuli":88,"minecraft:dirt":2180,"minecraft:leather_boots":1,"minecraft:bone":11,"minecraft:bow":3,"croptopia:sweetpotato":1,"minecraft:wheat_seeds":66,"tombstone:scroll_of_reach":1,"minecraft:mossy_stone_bricks":1,"minecraft:oak_planks":76,"hmag:soul_powder":6,"vampirism:ring":1,"justhammers:iron_hammer":1,"vampirism:hunter_coat_chest_ultimate":1,"cataclysm:stone_tiles":51,"croptopia:spinach_seed":1,"grimoireofgaia:shiny_pearl":1,"minecraft:bundle":1,"minecraft:diamond":8,"minecraft:granite":8,"minecraft:oak_sapling":2,"croptopia:cashew":3,"atlantis:aquamarine_gem":1,"minecraft:charcoal":2,"minecraft:crafting_table":14,"minecraft:azure_bluet":29,"grimoireofgaia:soulfire":1,"croptopia:peach":3,"croptopia:sweetpotato_seed":1,"twilightforest:bold_stone_pillar":1,"minecraft:stone_brick_wall":1,"minecraft:iron_axe":1,"minecraft:beef":10,"minecraft:oak_boat":2,"hmag:cooked_savagefang_meat":4,"minecraft:jungle_sapling":2,"minecraft:iron_nugget":10,"minecraft:poppy":1,"minecraft:chest":3,"minecraft:raw_iron":130,"grimoireofgaia:meat":1,"twilightforest:twisted_stone":1,"evilcraft:origins_of_darkness":3,"minecraft:carrot":57,"minecraft:redstone":233,"additional_lights:standing_torch_l_cobblestone":2,"croptopia:cantaloupe_seed":2,"minecraft:arrow":11,"minecraft:hay_block":6,"croptopia:pepper":1,"paraglider:horned_statue":2,"minecraft:gold_ingot":114,"sophisticatedbackpacks:copper_backpack":1,"minecraft:mutton":6,"minecraft:white_wool":3,"minecraft:rail":7,"minecraft:oxeye_daisy":40,"vampirism:vampire_blood_bottle":1,"hmag:purification_cloth":2,"minecraft:glow_ink_sac":1,"minecraft:leather":5,"minecraft:oak_log":39,"minecraft:yellow_bed":4,"minecraft:gunpowder":6,"farmersdelight:cooking_pot":1,"minecraft:stone_bricks":2,"minecraft:apple":10,"guideapi_vp:vampirism-guidebook":1,"minecraft:iron_ingot":64,"croptopia:elderberry_seed":2,"minecraft:chiseled_stone_bricks":1,"minecraft:stone_brick_slab":1,"minecraft:dandelion":3,"minecraft:soul_torch":1,"minecraft:white_bed":21,"grimoireofgaia:box_iron":1,"minecraft:spider_eye":4,"minecraft:slime_ball":2,"minecraft:stone_axe":1,"evilcraft:dark_gem":23,"minecraft:gray_wool":1,"minecraft:baked_potato":32,"grimoireofgaia:bag_record":1,"vampirism:armor_of_swiftness_chest_ultimate":1,"minecraft:coal":603,"minecraft:ender_pearl":1},"minecraft:custom":{"minecraft:interact_with_crafting_table":33,"minecraft:open_barrel":5,"minecraft:leave_game":6,"minecraft:time_since_death":28916,"minecraft:damage_resisted":292,"minecraft:sprint_one_cm":1780433,"minecraft:damage_blocked_by_shield":2785,"minecraft:drop":13,"minecraft:talked_to_villager":3,"minecraft:play_time":498752,"minecraft:deaths":43,"minecraft:jump":9194,"minecraft:walk_on_water_one_cm":35902,"minecraft:interact_with_furnace":133,"minecraft:sleep_in_bed":33,"minecraft:waystone_activated":3,"minecraft:damage_dealt":26701,"minecraft:player_kills":2,"minecraft:crouch_one_cm":15599,"tombstone:undead_killed":28,"tombstone:villager_killed":1,"minecraft:horse_one_cm":1618,"minecraft:mob_kills":97,"minecraft:damage_dealt_resisted":64,"minecraft:climb_one_cm":44447,"minecraft:walk_one_cm":1121860,"minecraft:damage_dealt_absorbed":2660,"minecraft:sneak_time":6902,"minecraft:walk_under_water_one_cm":20456,"minecraft:boat_one_cm":181189,"minecraft:interact_with_blast_furnace":32,"minecraft:total_world_time":498752,"tombstone:raider_killed":3,"minecraft:interact_with_stonecutter":7,"minecraft:time_since_rest":6235,"minecraft:damage_taken":18804,"minecraft:swim_one_cm":44791,"minecraft:fly_one_cm":2007705,"minecraft:open_chest":153,"minecraft:fall_one_cm":201764},"minecraft:dropped":{"minecraft:diamond":1,"minecraft:crafting_table":1,"minecraft:gold_nugget":1,"minecraft:oak_planks":36,"justhammers:iron_hammer":1,"minecraft:stone_hoe":1,"minecraft:apple":3,"minecraft:coal":30,"minecraft:iron_axe":1,"cataclysm:stone_tiles":50,"minecraft:bow":1},"minecraft:mined":{"minecraft:oak_sapling":1,"minecraft:white_bed":21,"minecraft:jungle_leaves":1,"cataclysm:stone_tiles":1,"cataclysm:stone_pillar":1,"twilightforest:twisted_stone":2,"minecraft:granite":4,"minecraft:acacia_log":3,"minecraft:grass_block":1108,"minecraft:oxeye_daisy":6,"minecraft:iron_ore":64,"minecraft:fire":2,"minecraft:deepslate_lapis_ore":3,"minecraft:azure_bluet":11,"minecraft:dirt_path":1,"minecraft:torch":7,"minecraft:poppy":1,"minecraft:chest":3,"supplementaries:wild_flax":1,"minecraft:mushroom_stem":1,"minecraft:cobblestone":34,"minecraft:oak_planks":7,"paraglider:horned_statue":2,"minecraft:wheat":9,"minecraft:grass":101,"minecraft:oak_log":27,"minecraft:dirt":1237,"minecraft:oak_leaves":54,"minecraft:deepslate":9,"minecraft:diamond_ore":1,"minecraft:dark_oak_leaves":3,"minecraft:deepslate_diamond_ore":2,"cataclysm:chiseled_stone_brick_pillar":2,"minecraft:hay_block":6,"minecraft:redstone_ore":33,"minecraft:furnace":13,"minecraft:carrots":19,"evilcraft:box_of_eternal_closure":2,"minecraft:andesite":4,"evilcraft:dark_ore":1,"minecraft:potatoes":24,"minecraft:cobblestone_slab":1,"minecraft:deepslate_iron_ore":12,"minecraft:vine":6,"minecraft:stone":217,"farmersdelight:cooking_pot":1,"minecraft:soul_torch":1,"minecraft:dandelion":1,"croptopia:sweetpotato_crop":1,"minecraft:oak_fence":6,"minecraft:crafting_table":12,"additional_lights:fire_pit_l_cobblestone":15,"additional_lights:fire_for_fire_pit_l":3,"minecraft:campfire":1,"minecraft:stone_slab":3,"minecraft:tall_grass":11,"minecraft:diorite":3,"supplementaries:urn":1,"additional_lights:standing_torch_l_cobblestone":2,"bossominium:guardian_sapling":2,"additional_lights:fire_for_standing_torch_s":2,"minecraft:yellow_bed":4,"twilightforest:bold_stone_pillar":1,"minecraft:coal_ore":125,"minecraft:cobweb":19,"minecraft:stone_bricks":1,"minecraft:mossy_stone_bricks":1,"paraglider:goddess_statue":1},"minecraft:killed_by":{"vampirism:advanced_vampire":1,"hmag:ogre":2,"grimoireofgaia:arachne":1,"grimoireofgaia:toad":3,"grimoireofgaia:bone_knight":3,"minecraft:cave_spider":2,"grimoireofgaia:minotaurus":15,"grimoireofgaia:dullahan":1,"grimoireofgaia:harpy":1,"minecraft:zombie":2,"minecraft:player":2,"grimoireofgaia:werecat":1,"hmag:ghost":1,"grimoireofgaia:creep":2},"minecraft:used":{"minecraft:iron_shovel":1308,"minecraft:poppy":1,"minecraft:chest":4,"minecraft:shield":36,"minecraft:iron_sword":410,"croptopia:cashew":3,"twilightforest:bold_stone_pillar":1,"minecraft:carrot":69,"cataclysm:stone_tiles":1,"minecraft:azure_bluet":1,"minecraft:milk_bucket":1,"minecraft:stone_bricks":1,"supplementaries:bomb_blue":1,"vampirism:hunter_coat_legs_ultimate":1,"croptopia:peach":3,"minecraft:bow":10,"minecraft:oak_sapling":1,"minecraft:furnace":19,"vampirism:armor_of_swiftness_chest_ultimate":1,"grimoireofgaia:meat":2,"minecraft:potato":84,"minecraft:oak_planks":2,"croptopia:almond":1,"cataclysm:chiseled_stone_brick_pillar":2,"hmag:randomberry":10,"minecraft:bread":36,"croptopia:spinach":1,"minecraft:andesite":1,"minecraft:oak_boat":3,"croptopia:cantaloupe":1,"minecraft:bone_meal":42,"minecraft:stone_hoe":21,"minecraft:torch":138,"minecraft:dirt":1094,"croptopia:elderberry":1,"minecraft:iron_hoe":173,"paraglider:horned_statue":2,"twilightforest:twisted_stone":2,"minecraft:iron_axe":146,"evilcraft:box_of_eternal_closure":2,"additional_lights:fire_pit_l_cobblestone":17,"evilcraft:flesh_humanoid":2,"bossominium:guardian_sapling":2,"farmersdelight:cooking_pot":1,"tombstone:gift":7,"minecraft:cooked_beef":10,"minecraft:acacia_planks":12,"additional_lights:standing_torch_l_cobblestone":2,"minecraft:wheat_seeds":40,"minecraft:cooked_mutton":5,"minecraft:water_bucket":24,"croptopia:pecan":4,"minecraft:baked_potato":49,"minecraft:stonecutter":1,"minecraft:cobblestone_slab":1,"cataclysm:stone_pillar":1,"minecraft:crafting_table":14,"minecraft:white_bed":20,"croptopia:sweetpotato":1,"justhammers:iron_hammer":538,"minecraft:apple":6,"minecraft:diamond_shovel":1041,"minecraft:iron_pickaxe":581,"tombstone:magic_scroll":1,"hmag:cooked_savagefang_meat":5,"minecraft:stone_axe":88,"minecraft:chiseled_stone_bricks":1,"minecraft:cobblestone":270,"additional_lights:fire_for_standing_torch_s":2,"minecraft:bucket":25,"minecraft:yellow_bed":4,"minecraft:dandelion":2,"minecraft:soul_torch":1},"minecraft:broken":{"minecraft:iron_shovel":2,"vampirism:armor_of_swiftness_chest_ultimate":1,"minecraft:stone_axe":1,"minecraft:iron_sword":1,"vampirism:hunter_coat_legs_ultimate":1,"justhammers:iron_hammer":2,"vampirism:hunter_coat_head_ultimate":1,"minecraft:iron_axe":1,"minecraft:leather_boots":1,"minecraft:iron_pickaxe":2},"minecraft:killed":{"naturalist:zebra":2,"grimoireofgaia:toad":1,"minecraft:cave_spider":1,"vampirism:advanced_vampire":1,"minecraft:spider":9,"grimoireofgaia:minotaurus":2,"minecraft:skeleton":13,"grimoireofgaia:mimic":3,"grimoireofgaia:bone_knight":1,"minecraft:creeper":4,"minecraft:sheep":4,"minecraft:pillager":3,"minecraft:zombie":10,"grimoireofgaia:deathword":1,"bossominium:forest_guardian_boss":2,"grimoireofgaia:harpy":2,"minecraft:cow":3,"hmag:zombie_girl":1,"vampirism:villager_converted":1,"grimoireofgaia:dullahan":1,"hmag:ghost":3,"minecraft:bat":1,"grimoireofgaia:cecaelia":1,"grimoireofgaia:horse":2,"grimoireofgaia:arachne":1,"grimoireofgaia:werecat":1,"minecraft:enderman":1}},"DataVersion":3120}