{"stats":{"minecraft:mined":{"minecraft:iron_ore":13,"minecraft:oak_fence":6,"minecraft:crafting_table":2,"minecraft:granite":1,"minecraft:grass":1,"minecraft:acacia_log":3,"minecraft:grass_block":1,"minecraft:oak_log":20,"minecraft:cobblestone":9,"minecraft:stone_bricks":1,"minecraft:stone":18,"minecraft:oak_leaves":3},"minecraft:used":{"minecraft:apple":5,"minecraft:oak_planks":2,"minecraft:iron_pickaxe":43,"minecraft:stone_axe":32,"minecraft:cobblestone":1,"minecraft:dirt":1,"croptopia:peach":3,"minecraft:crafting_table":2,"hmag:randomberry":6,"minecraft:acacia_planks":12},"minecraft:dropped":{"minecraft:apple":3},"minecraft:killed":{"minecraft:zombie":1},"minecraft:crafted":{"minecraft:oak_planks":80,"minecraft:crafting_table":1,"minecraft:stick":4,"minecraft:iron_pickaxe":1,"minecraft:acacia_planks":12,"minecraft:stone_axe":1},"minecraft:custom":{"minecraft:time_since_rest":3371,"minecraft:sprint_one_cm":130526,"minecraft:damage_taken":421,"minecraft:walk_one_cm":41606,"minecraft:mob_kills":1,"minecraft:drop":3,"minecraft:damage_dealt":368,"minecraft:swim_one_cm":2496,"minecraft:interact_with_crafting_table":2,"minecraft:fly_one_cm":112099,"minecraft:open_barrel":1,"minecraft:open_chest":9,"minecraft:crouch_one_cm":713,"tombstone:undead_killed":1,"minecraft:play_time":23672,"minecraft:deaths":1,"minecraft:walk_under_water_one_cm":634,"minecraft:sneak_time":239,"minecraft:jump":478,"minecraft:time_since_death":5770,"minecraft:walk_on_water_one_cm":2637,"minecraft:total_world_time":23672,"minecraft:climb_one_cm":1566,"minecraft:fall_one_cm":10575},"minecraft:picked_up":{"minecraft:raw_iron":13,"minecraft:crafting_table":2,"croptopia:peach":3,"minecraft:oak_fence":6,"minecraft:acacia_log":3,"minecraft:oak_log":20,"minecraft:string":3,"minecraft:dirt":1,"minecraft:stone_bricks":1,"minecraft:apple":9,"minecraft:granite":1,"vampirism:heart_seeker_enhanced":1,"minecraft:cobblestone":25},"minecraft:killed_by":{"minecraft:cave_spider":1}},"DataVersion":3120}