{"stats":{"minecraft:used":{"minecraft:oak_planks":2,"minecraft:dirt":1,"minecraft:crafting_table":2,"hmag:randomberry":6,"minecraft:apple":6,"minecraft:iron_pickaxe":61,"tombstone:magic_scroll":1,"evilcraft:flesh_humanoid":1,"hmag:cooked_savagefang_meat":5,"minecraft:stone_axe":48,"supplementaries:bomb_blue":1,"vampirism:hunter_coat_legs_ultimate":1,"croptopia:peach":3,"minecraft:cobblestone":1,"minecraft:furnace":1,"farmersdelight:cooking_pot":1,"minecraft:acacia_planks":12},"minecraft:mined":{"farmersdelight:cooking_pot":1,"minecraft:white_bed":1,"minecraft:jungle_leaves":1,"minecraft:oak_fence":6,"minecraft:crafting_table":3,"minecraft:granite":1,"minecraft:acacia_log":3,"minecraft:grass_block":1,"minecraft:cobblestone":11,"minecraft:furnace":1,"minecraft:iron_ore":13,"minecraft:grass":1,"minecraft:oak_log":20,"minecraft:coal_ore":12,"minecraft:vine":1,"minecraft:stone":19,"minecraft:stone_bricks":1,"minecraft:oak_leaves":6},"minecraft:dropped":{"minecraft:oak_planks":36,"minecraft:apple":3},"minecraft:killed":{"minecraft:spider":2,"minecraft:creeper":1,"minecraft:skeleton":1,"minecraft:zombie":1},"minecraft:crafted":{"minecraft:oak_planks":80,"minecraft:crafting_table":1,"minecraft:furnace":1,"minecraft:stone_axe":1,"minecraft:air":0,"minecraft:stick":4,"minecraft:iron_ingot":13,"minecraft:iron_pickaxe":1,"minecraft:acacia_planks":12},"minecraft:custom":{"minecraft:interact_with_furnace":6,"minecraft:mob_kills":4,"minecraft:interact_with_crafting_table":4,"minecraft:open_barrel":1,"minecraft:time_since_death":17867,"minecraft:sleep_in_bed":1,"minecraft:climb_one_cm":10572,"minecraft:time_since_rest":10893,"minecraft:sprint_one_cm":273420,"minecraft:damage_taken":913,"minecraft:walk_one_cm":88366,"minecraft:drop":4,"minecraft:damage_dealt":964,"minecraft:swim_one_cm":5257,"minecraft:fly_one_cm":244856,"minecraft:player_kills":1,"minecraft:open_chest":35,"minecraft:crouch_one_cm":947,"minecraft:play_time":47672,"tombstone:undead_killed":2,"minecraft:deaths":2,"minecraft:sneak_time":313,"minecraft:walk_under_water_one_cm":1744,"minecraft:jump":1095,"minecraft:walk_on_water_one_cm":3130,"minecraft:total_world_time":47672,"minecraft:fall_one_cm":26399},"minecraft:picked_up":{"minecraft:crafting_table":3,"croptopia:peach":3,"minecraft:oak_log":20,"minecraft:gunpowder":1,"minecraft:dirt":1,"minecraft:string":4,"minecraft:apple":9,"minecraft:stone_bricks":1,"farmersdelight:cooking_pot":1,"minecraft:jungle_sapling":1,"hmag:cooked_savagefang_meat":4,"minecraft:furnace":1,"minecraft:raw_iron":13,"minecraft:oak_fence":6,"evilcraft:origins_of_darkness":1,"minecraft:acacia_log":3,"tombstone:grave_dust":1,"minecraft:white_bed":2,"minecraft:granite":1,"minecraft:coal":26,"vampirism:heart_seeker_enhanced":1,"minecraft:cobblestone":28},"minecraft:killed_by":{"minecraft:player":1,"minecraft:cave_spider":1}},"DataVersion":3120}