{"stats":{"minecraft:crafted":{"minecraft:oak_planks":108,"minecraft:furnace":1,"minecraft:cooked_mutton":5,"minecraft:iron_axe":1,"minecraft:stone_hoe":1,"minecraft:wheat":54,"minecraft:cooked_beef":10,"minecraft:crafting_table":3,"minecraft:iron_sword":1,"additional_lights:fire_for_standing_torch_s":1,"minecraft:bucket":1,"minecraft:stone_axe":1,"minecraft:bread":18,"minecraft:air":0,"minecraft:oak_boat":1,"justhammers:iron_hammer":2,"minecraft:shield":1,"minecraft:stick":52,"minecraft:iron_ingot":57,"minecraft:iron_pickaxe":1,"minecraft:white_bed":1,"minecraft:acacia_planks":12,"minecraft:torch":100},"minecraft:picked_up":{"minecraft:crafting_table":12,"minecraft:azure_bluet":6,"croptopia:peach":3,"croptopia:grape_seed":4,"minecraft:stone_slab":3,"minecraft:stone_brick_wall":1,"vampirism:hunter_coat_head_ultimate":1,"vampirism:armor_of_swiftness_head_ultimate":1,"paraglider:goddess_statue":1,"minecraft:string":8,"croptopia:cantaloupe":1,"minecraft:iron_axe":1,"vampirism:obi_belt":1,"minecraft:gold_nugget":1,"minecraft:cobbled_deepslate":3,"minecraft:beef":10,"minecraft:oak_boat":2,"minecraft:cobblestone_slab":1,"hmag:cooked_savagefang_meat":4,"minecraft:jungle_sapling":2,"minecraft:iron_nugget":7,"minecraft:poppy":1,"minecraft:iron_pickaxe":1,"minecraft:chest":3,"minecraft:furnace":16,"minecraft:raw_iron":57,"grimoireofgaia:meat":1,"minecraft:oak_fence":12,"evilcraft:origins_of_darkness":3,"minecraft:acacia_log":3,"croptopia:almond":1,"tombstone:grave_dust":1,"vampirism:vampire_fang":2,"vampirism:amulet":1,"minecraft:redstone":83,"minecraft:rotten_flesh":7,"evilcraft:box_of_eternal_closure":2,"minecraft:arrow":3,"croptopia:cantaloupe_seed":2,"minecraft:hay_block":6,"minecraft:gold_ingot":114,"sophisticatedbackpacks:copper_backpack":1,"croptopia:elderberry":1,"evilcraft:condensed_blood":143,"minecraft:mutton":6,"croptopia:pecan":4,"minecraft:rail":3,"minecraft:white_wool":3,"vampirism:heart_seeker_enhanced":1,"minecraft:cobblestone":693,"minecraft:oxeye_daisy":17,"vampirism:vampire_book":1,"minecraft:feather":7,"hmag:purification_cloth":2,"minecraft:andesite":1,"minecraft:leather":5,"croptopia:spinach":1,"additional_lights:fire_for_standing_torch_s":2,"minecraft:oak_log":27,"evilcraft:flesh_humanoid":1,"minecraft:yellow_bed":4,"minecraft:gunpowder":2,"vampirism:hunter_coat_legs_ultimate":1,"minecraft:lapis_lazuli":38,"minecraft:dirt":934,"minecraft:leather_boots":1,"minecraft:bone":1,"minecraft:apple":9,"minecraft:stone_bricks":1,"farmersdelight:cooking_pot":1,"minecraft:bow":2,"minecraft:wheat_seeds":21,"guideapi_vp:vampirism-guidebook":1,"minecraft:iron_ingot":64,"tombstone:scroll_of_reach":1,"croptopia:elderberry_seed":2,"minecraft:oak_planks":68,"hmag:soul_powder":6,"minecraft:stone_brick_slab":1,"vampirism:ring":1,"minecraft:dandelion":1,"vampirism:hunter_coat_chest_ultimate":1,"minecraft:white_bed":12,"grimoireofgaia:box_iron":1,"minecraft:spider_eye":1,"croptopia:spinach_seed":1,"grimoireofgaia:shiny_pearl":1,"minecraft:bundle":1,"minecraft:slime_ball":2,"minecraft:diamond":5,"minecraft:stone_axe":1,"evilcraft:dark_gem":23,"minecraft:granite":5,"minecraft:gray_wool":1,"croptopia:cashew":3,"minecraft:coal":455,"vampirism:armor_of_swiftness_chest_ultimate":1},"minecraft:custom":{"minecraft:mob_kills":61,"minecraft:interact_with_crafting_table":21,"minecraft:open_barrel":5,"minecraft:leave_game":5,"minecraft:time_since_death":4393,"minecraft:climb_one_cm":30379,"minecraft:damage_resisted":292,"minecraft:sprint_one_cm":1082198,"minecraft:walk_one_cm":526623,"minecraft:damage_blocked_by_shield":130,"minecraft:drop":9,"minecraft:damage_dealt_absorbed":2660,"minecraft:talked_to_villager":2,"minecraft:play_time":260800,"minecraft:sneak_time":2482,"minecraft:deaths":25,"minecraft:walk_under_water_one_cm":5970,"minecraft:boat_one_cm":181189,"minecraft:jump":5500,"minecraft:interact_with_blast_furnace":6,"minecraft:walk_on_water_one_cm":14686,"minecraft:total_world_time":260800,"minecraft:interact_with_furnace":53,"tombstone:raider_killed":3,"minecraft:sleep_in_bed":17,"minecraft:time_since_rest":4215,"minecraft:waystone_activated":3,"minecraft:damage_taken":10735,"minecraft:damage_dealt":11452,"minecraft:player_kills":2,"minecraft:swim_one_cm":23922,"minecraft:fly_one_cm":1197962,"minecraft:open_chest":59,"minecraft:crouch_one_cm":6514,"tombstone:undead_killed":12,"tombstone:villager_killed":1,"minecraft:fall_one_cm":134140},"minecraft:dropped":{"minecraft:stone_hoe":1,"minecraft:crafting_table":1,"minecraft:apple":3,"minecraft:coal":30,"minecraft:iron_axe":1,"minecraft:oak_planks":36,"minecraft:bow":1},"minecraft:mined":{"minecraft:white_bed":12,"minecraft:dark_oak_leaves":3,"minecraft:jungle_leaves":1,"minecraft:granite":1,"minecraft:acacia_log":3,"minecraft:grass_block":566,"minecraft:oxeye_daisy":5,"minecraft:hay_block":6,"minecraft:furnace":13,"minecraft:iron_ore":37,"evilcraft:box_of_eternal_closure":2,"evilcraft:dark_ore":1,"minecraft:azure_bluet":5,"minecraft:cobblestone_slab":1,"minecraft:vine":1,"minecraft:stone":73,"farmersdelight:cooking_pot":1,"minecraft:dandelion":1,"minecraft:oak_fence":6,"minecraft:crafting_table":10,"minecraft:torch":1,"minecraft:poppy":1,"minecraft:chest":3,"minecraft:mushroom_stem":1,"minecraft:stone_slab":3,"minecraft:tall_grass":10,"minecraft:cobblestone":29,"additional_lights:fire_for_standing_torch_s":2,"minecraft:yellow_bed":4,"minecraft:grass":34,"minecraft:oak_log":27,"minecraft:coal_ore":72,"minecraft:dirt":495,"minecraft:stone_bricks":1,"minecraft:oak_leaves":8,"minecraft:deepslate":1,"paraglider:goddess_statue":1},"minecraft:killed_by":{"minecraft:player":2,"hmag:ogre":2,"grimoireofgaia:toad":3,"grimoireofgaia:werecat":1,"grimoireofgaia:bone_knight":1,"minecraft:cave_spider":1,"grimoireofgaia:minotaurus":12,"grimoireofgaia:dullahan":1},"minecraft:used":{"minecraft:iron_shovel":1044,"minecraft:poppy":1,"minecraft:chest":3,"minecraft:shield":3,"minecraft:iron_sword":54,"minecraft:stone_hoe":21,"minecraft:torch":44,"minecraft:dirt":934,"croptopia:elderberry":1,"croptopia:cashew":3,"minecraft:iron_axe":134,"evilcraft:box_of_eternal_closure":2,"evilcraft:flesh_humanoid":1,"vampirism:hunter_coat_legs_ultimate":1,"supplementaries:bomb_blue":1,"croptopia:peach":3,"minecraft:bow":1,"minecraft:furnace":14,"farmersdelight:cooking_pot":1,"vampirism:armor_of_swiftness_chest_ultimate":1,"grimoireofgaia:meat":1,"minecraft:potato":7,"tombstone:gift":6,"minecraft:cooked_beef":10,"minecraft:acacia_planks":12,"minecraft:wheat_seeds":7,"minecraft:cooked_mutton":5,"minecraft:water_bucket":16,"croptopia:pecan":4,"minecraft:baked_potato":2,"minecraft:oak_planks":2,"croptopia:almond":1,"minecraft:cobblestone_slab":1,"minecraft:crafting_table":10,"hmag:randomberry":6,"minecraft:white_bed":11,"justhammers:iron_hammer":197,"minecraft:apple":6,"minecraft:bread":34,"minecraft:iron_pickaxe":241,"tombstone:magic_scroll":1,"croptopia:spinach":1,"hmag:cooked_savagefang_meat":5,"minecraft:stone_axe":88,"additional_lights:fire_for_standing_torch_s":2,"minecraft:cobblestone":115,"minecraft:andesite":1,"minecraft:bucket":17,"minecraft:yellow_bed":4,"minecraft:oak_boat":3,"croptopia:cantaloupe":1},"minecraft:broken":{"vampirism:hunter_coat_legs_ultimate":1,"minecraft:iron_shovel":1,"justhammers:iron_hammer":1,"vampirism:armor_of_swiftness_chest_ultimate":1,"vampirism:hunter_coat_head_ultimate":1,"minecraft:leather_boots":1,"minecraft:stone_axe":1},"minecraft:killed":{"grimoireofgaia:toad":1,"minecraft:spider":6,"grimoireofgaia:minotaurus":1,"minecraft:skeleton":5,"grimoireofgaia:mimic":1,"hmag:zombie_girl":1,"vampirism:villager_converted":1,"hmag:ghost":2,"grimoireofgaia:cecaelia":1,"minecraft:creeper":1,"minecraft:sheep":4,"grimoireofgaia:horse":1,"minecraft:pillager":3,"minecraft:zombie":4,"grimoireofgaia:deathword":1,"grimoireofgaia:harpy":2,"grimoireofgaia:werecat":1,"minecraft:cow":3}},"DataVersion":3120}