{"stats":{"minecraft:crafted":{"minecraft:cooked_beef":5,"blue_skies:blue_journal":1,"minecraft:oak_planks":44,"minecraft:cooked_porkchop":3,"minecraft:crafting_table":2,"minecraft:stick":8,"minecraft:wooden_pickaxe":1,"minecraft:stone_pickaxe":1,"minecraft:black_bed":1,"minecraft:furnace":1,"minecraft:stone_axe":1,"minecraft:air":0},"minecraft:picked_up":{"minecraft:crafting_table":4,"croptopia:peach":8,"minecraft:black_bed":3,"minecraft:leather":3,"minecraft:stone_slab":1,"blue_skies:maple_slab":1,"minecraft:porkchop":8,"minecraft:oak_log":18,"minecraft:golden_chestplate":2,"paraglider:goddess_statue":2,"minecraft:lapis_lazuli":27,"minecraft:dirt":3,"minecraft:rotten_flesh":2,"minecraft:beef":5,"minecraft:cobblestone_slab":1,"farmersdelight:golden_knife":1,"minecraft:coal":29,"minecraft:cobblestone":40,"atlantis:aquamarine_gem":4,"minecraft:furnace":2},"minecraft:mined":{"minecraft:furnace":2,"blue_skies:maple_slab":1,"atlantis:aquamarine_ore":4,"minecraft:black_bed":3,"minecraft:crafting_table":4,"minecraft:grass_block":2,"minecraft:grass":3,"minecraft:coal_ore":15,"minecraft:oak_log":18,"minecraft:cobblestone_slab":1,"minecraft:stone_slab":1,"minecraft:cobblestone":3,"minecraft:lapis_ore":4,"minecraft:stone":34,"paraglider:goddess_statue":2,"minecraft:infested_stone":1},"minecraft:killed_by":{"minecraft:skeleton":1},"minecraft:killed":{"minecraft:pig":4,"minecraft:silverfish":2,"minecraft:cow":2},"minecraft:dropped":{"minecraft:golden_chestplate":1,"minecraft:rotten_flesh":2,"guideapi_vp:vampirism-guidebook":1,"bossominium:the_bossdexium":1},"minecraft:used":{"minecraft:stone_pickaxe":68,"minecraft:wooden_pickaxe":8,"paraglider:goddess_statue":1,"minecraft:stone_axe":23,"croptopia:peach":6,"minecraft:cobblestone":8,"minecraft:crafting_table":5,"minecraft:cooked_porkchop":3,"minecraft:furnace":2,"minecraft:cooked_beef":1,"minecraft:black_bed":3,"blue_skies:maple_slab":1},"minecraft:custom":{"minecraft:time_since_rest":11613,"minecraft:interact_with_furnace":7,"minecraft:sprint_one_cm":179709,"minecraft:damage_taken":260,"minecraft:walk_one_cm":81163,"minecraft:mob_kills":8,"minecraft:drop":5,"minecraft:damage_dealt":760,"minecraft:traded_with_villager":1,"minecraft:talked_to_villager":3,"minecraft:swim_one_cm":2816,"minecraft:interact_with_crafting_table":6,"minecraft:fly_one_cm":194538,"minecraft:open_barrel":1,"minecraft:open_chest":2,"minecraft:crouch_one_cm":753,"minecraft:play_time":41486,"minecraft:deaths":1,"minecraft:sneak_time":393,"minecraft:walk_under_water_one_cm":931,"minecraft:jump":892,"minecraft:walk_on_water_one_cm":1764,"minecraft:time_since_death":35155,"minecraft:sleep_in_bed":2,"minecraft:climb_one_cm":759,"minecraft:total_world_time":41486,"minecraft:fall_one_cm":19258}},"DataVersion":3120}