{"stats":{"minecraft:broken":{"minecraft:iron_shovel":2,"minecraft:iron_axe":1,"minecraft:stone_axe":2,"minecraft:iron_pickaxe":1},"minecraft:picked_up":{"minecraft:crafting_table":9,"minecraft:wheat":20,"minecraft:smithing_table":1,"minecraft:amethyst_block":2,"minecraft:cornflower":2,"minecraft:string":3,"minecraft:raw_copper":15,"minecraft:beetroot":1,"minecraft:cobbled_deepslate":41,"minecraft:beef":59,"minecraft:oak_boat":2,"minecraft:calcite":1,"minecraft:light_gray_wool":1,"minecraft:poppy":1,"minecraft:lectern":5,"minecraft:sugar_cane":1,"minecraft:egg":4,"minecraft:furnace":5,"minecraft:stick":8,"minecraft:raw_iron":79,"minecraft:composter":1,"minecraft:oak_fence":1,"minecraft:torch":7,"minecraft:porkchop":7,"minecraft:carrot":38,"minecraft:redstone":70,"minecraft:rotten_flesh":10,"minecraft:arrow":8,"minecraft:beetroot_seeds":1,"minecraft:hay_block":49,"minecraft:mutton":17,"minecraft:white_wool":10,"minecraft:cobblestone":108,"minecraft:birch_log":4,"minecraft:leather_chestplate":1,"minecraft:cooked_beef":3,"minecraft:andesite":8,"minecraft:brown_wool":1,"minecraft:leather":18,"minecraft:potato":9,"minecraft:birch_planks":4,"minecraft:tuff":4,"minecraft:oak_log":147,"minecraft:yellow_bed":8,"minecraft:gunpowder":3,"minecraft:lapis_lazuli":49,"minecraft:dirt":545,"minecraft:bone":13,"minecraft:apple":2,"minecraft:wheat_seeds":82,"minecraft:raw_gold":27,"minecraft:stone_pickaxe":1,"minecraft:bell":1,"minecraft:iron_ingot":5,"minecraft:oak_planks":12,"minecraft:book":24,"minecraft:smooth_basalt":2,"minecraft:dandelion":2,"minecraft:spyglass":1,"minecraft:sand":18,"minecraft:ink_sac":4,"minecraft:white_bed":14,"minecraft:spider_eye":1,"minecraft:diamond":20,"minecraft:iron_helmet":1,"minecraft:emerald":3,"minecraft:oak_sapling":15,"minecraft:black_wool":1,"minecraft:coal":217},"minecraft:killed":{"minecraft:spider":4,"minecraft:skeleton":10,"minecraft:pig":3,"minecraft:iron_golem":1,"minecraft:creeper":4,"minecraft:sheep":13,"minecraft:zombie":17,"minecraft:villager":2,"minecraft:enderman":1,"minecraft:cow":16},"minecraft:mined":{"minecraft:tuff":4,"minecraft:white_bed":16,"minecraft:deepslate_diamond_ore":21,"minecraft:grass_block":363,"minecraft:composter":1,"minecraft:hay_block":49,"minecraft:furnace":5,"minecraft:carrots":14,"minecraft:iron_ore":39,"minecraft:cobbled_deepslate":2,"minecraft:andesite":8,"minecraft:deepslate_lapis_ore":7,"minecraft:bell":1,"minecraft:bookshelf":8,"minecraft:potatoes":3,"minecraft:deepslate_iron_ore":41,"minecraft:dirt_path":1,"minecraft:small_amethyst_bud":1,"minecraft:stone":101,"minecraft:smithing_table":1,"minecraft:deepslate_redstone_ore":15,"minecraft:torch":3,"minecraft:oak_fence":1,"minecraft:crafting_table":9,"minecraft:cornflower":2,"minecraft:short_grass":105,"minecraft:emerald_ore":3,"minecraft:calcite":1,"minecraft:lectern":5,"minecraft:tall_grass":11,"minecraft:copper_ore":3,"minecraft:cobblestone":5,"minecraft:deepslate_gold_ore":26,"minecraft:oak_planks":12,"minecraft:wall_torch":1,"minecraft:amethyst_block":2,"minecraft:deepslate_copper_ore":1,"minecraft:birch_planks":4,"minecraft:birch_log":4,"minecraft:wheat":27,"minecraft:yellow_bed":8,"minecraft:oak_log":152,"minecraft:coal_ore":154,"minecraft:beetroots":1,"minecraft:sand":18,"minecraft:dirt":169,"minecraft:smooth_basalt":1,"minecraft:gold_ore":2,"minecraft:oak_leaves":8,"minecraft:deepslate":35},"minecraft:custom":{"minecraft:mob_kills":72,"minecraft:animals_bred":3,"minecraft:interact_with_crafting_table":44,"minecraft:bell_ring":36,"minecraft:leave_game":3,"minecraft:time_since_death":200091,"minecraft:climb_one_cm":1146,"minecraft:sprint_one_cm":1036570,"minecraft:walk_one_cm":496148,"minecraft:damage_blocked_by_shield":333,"minecraft:drop":45,"minecraft:talked_to_villager":6,"minecraft:play_time":200091,"minecraft:sneak_time":2284,"minecraft:walk_under_water_one_cm":6020,"minecraft:jump":5135,"minecraft:walk_on_water_one_cm":16295,"minecraft:total_world_time":200091,"minecraft:interact_with_furnace":63,"minecraft:traded_with_villager":1,"minecraft:sleep_in_bed":14,"minecraft:time_since_rest":4074,"minecraft:damage_taken":2116,"minecraft:damage_dealt":11988,"minecraft:swim_one_cm":13419,"minecraft:fly_one_cm":1235536,"minecraft:open_chest":65,"minecraft:crouch_one_cm":8258,"minecraft:fall_one_cm":151157,"minecraft:horse_one_cm":1479},"minecraft:crafted":{"minecraft:oak_planks":588,"minecraft:leather_leggings":1,"minecraft:furnace":2,"minecraft:cooked_mutton":17,"minecraft:glass":18,"minecraft:iron_boots":1,"minecraft:iron_axe":2,"minecraft:iron_hoe":1,"minecraft:stone_pickaxe":1,"minecraft:chest":7,"minecraft:oak_button":50,"minecraft:oak_fence":33,"minecraft:cooked_beef":32,"minecraft:cooked_porkchop":7,"minecraft:crafting_table":2,"minecraft:enchanting_table":1,"travelersbackpack:backpack_tank":2,"travelersbackpack:standard":1,"minecraft:wooden_pickaxe":1,"minecraft:copper_ingot":15,"travelersbackpack:blue_sleeping_bag":1,"minecraft:bucket":1,"minecraft:birch_planks":16,"minecraft:stone_axe":2,"minecraft:air":0,"minecraft:blue_dye":2,"minecraft:oak_boat":1,"minecraft:iron_chestplate":1,"minecraft:shield":1,"minecraft:stick":102,"minecraft:iron_ingot":63,"minecraft:iron_pickaxe":2,"minecraft:blue_wool":2,"minecraft:iron_leggings":1,"minecraft:iron_shovel":2,"minecraft:gold_ingot":27,"minecraft:white_bed":2,"minecraft:torch":192},"minecraft:used":{"minecraft:oak_fence":29,"minecraft:iron_shovel":542,"minecraft:poppy":1,"minecraft:chest":6,"minecraft:shield":9,"minecraft:bell":1,"minecraft:iron_chestplate":1,"minecraft:torch":100,"minecraft:dirt":76,"minecraft:spyglass":15,"minecraft:carrot":39,"minecraft:tuff":3,"minecraft:iron_hoe":131,"minecraft:iron_axe":179,"minecraft:iron_helmet":1,"minecraft:iron_boots":1,"minecraft:oak_sapling":15,"minecraft:furnace":7,"minecraft:egg":4,"minecraft:cooked_beef":32,"minecraft:potato":11,"minecraft:cobbled_deepslate":29,"minecraft:iron_leggings":1,"minecraft:wheat_seeds":57,"minecraft:cooked_mutton":16,"minecraft:water_bucket":24,"minecraft:leather_leggings":1,"minecraft:birch_planks":7,"minecraft:stone_pickaxe":49,"minecraft:oak_planks":314,"minecraft:wooden_pickaxe":7,"minecraft:composter":1,"minecraft:leather_boots":1,"minecraft:crafting_table":10,"minecraft:white_bed":16,"minecraft:apple":1,"minecraft:oak_button":50,"minecraft:iron_pickaxe":422,"minecraft:lectern":5,"minecraft:stone_axe":212,"minecraft:cobblestone":58,"travelersbackpack:standard":1,"minecraft:cooked_porkchop":1,"minecraft:smithing_table":1,"minecraft:andesite":3,"minecraft:bucket":25,"minecraft:yellow_bed":8,"minecraft:oak_boat":2,"minecraft:dandelion":1},"minecraft:dropped":{"minecraft:bread":12,"minecraft:wheat_seeds":5,"minecraft:cooked_beef":3,"minecraft:apple":1,"minecraft:amethyst_block":2,"minecraft:golden_apple":1,"minecraft:torch":18,"minecraft:ink_sac":4,"minecraft:string":2,"minecraft:dandelion":1,"minecraft:smooth_basalt":1,"minecraft:sugar_cane":1,"minecraft:tuff":1,"minecraft:beetroot":1,"minecraft:leather_chestplate":1,"minecraft:beetroot_seeds":1,"minecraft:leather_boots":1,"minecraft:leather_leggings":1,"minecraft:spider_eye":1,"minecraft:wooden_pickaxe":1,"minecraft:stone_pickaxe":2,"minecraft:calcite":1}},"DataVersion":3953}