{"stats":{"minecraft:mined":{"minecraft:white_bed":1,"minecraft:oak_sapling":6,"minecraft:granite":87,"minecraft:budding_amethyst":7,"minecraft:acacia_log":14,"minecraft:grass_block":185,"minecraft:dead_tube_coral_block":1,"minecraft:jungle_log":2,"minecraft:white_concrete":40,"minecraft:bubble_coral_block":8,"minecraft:tube_coral_block":9,"minecraft:raw_iron_block":2,"minecraft:iron_ore":69,"minecraft:cobbled_deepslate":5,"minecraft:pumpkin":3,"minecraft:deepslate_lapis_ore":15,"minecraft:brain_coral_block":16,"minecraft:gray_terracotta":8,"minecraft:cyan_terracotta":15,"minecraft:dead_bubble_coral_block":1,"minecraft:melon_stem":2,"minecraft:orange_terracotta":24,"minecraft:powder_snow":14,"minecraft:clay":79,"minecraft:light_gray_terracotta":5,"minecraft:torch":1,"minecraft:calcite":67,"minecraft:melon":2,"minecraft:chest":53,"minecraft:cobblestone":29,"minecraft:oak_planks":49,"minecraft:prismarine":106,"minecraft:amethyst_block":90,"minecraft:deepslate_copper_ore":43,"minecraft:white_terracotta":27,"minecraft:blue_terracotta":15,"minecraft:birch_log":33,"minecraft:wheat":33,"minecraft:birch_trapdoor":2,"minecraft:blue_ice":14,"minecraft:oak_log":551,"minecraft:dirt":41,"minecraft:smooth_basalt":42,"minecraft:raw_copper_block":3,"minecraft:oak_leaves":121,"minecraft:horn_coral_block":11,"minecraft:deepslate":52,"minecraft:yellow_terracotta":18,"minecraft:dark_prismarine":67,"minecraft:diamond_ore":7,"minecraft:tuff":34,"minecraft:mossy_cobblestone":3,"minecraft:deepslate_diamond_ore":13,"minecraft:candle":1,"minecraft:dark_oak_log":15,"minecraft:sea_lantern":36,"minecraft:moss_block":93,"minecraft:sandstone":93,"minecraft:rooted_dirt":13,"minecraft:hay_block":14,"minecraft:redstone_ore":16,"minecraft:oak_trapdoor":3,"minecraft:spruce_sapling":2,"minecraft:furnace":1,"minecraft:carrots":2,"minecraft:raw_gold_block":5,"minecraft:red_sandstone":78,"minecraft:andesite":63,"minecraft:green_terracotta":1,"minecraft:stripped_spruce_log":1,"minecraft:dead_horn_coral_block":2,"minecraft:deepslate_iron_ore":25,"minecraft:packed_ice":26,"minecraft:stripped_oak_log":1,"minecraft:stone":201,"minecraft:fire_coral_block":11,"minecraft:podzol":24,"minecraft:snow_block":64,"minecraft:oak_fence":8,"minecraft:crafting_table":3,"minecraft:emerald_ore":18,"minecraft:sponge":16,"minecraft:copper_ore":93,"minecraft:deepslate_coal_ore":13,"minecraft:dried_kelp_block":12,"minecraft:lapis_ore":13,"minecraft:deepslate_gold_ore":6,"minecraft:diorite":56,"minecraft:prismarine_bricks":87,"minecraft:dead_fire_coral_block":1,"minecraft:birch_planks":3,"minecraft:red_terracotta":11,"minecraft:spruce_log":16,"minecraft:dead_brain_coral_block":1,"minecraft:coal_ore":34,"minecraft:dripstone_block":44,"minecraft:brown_terracotta":16,"minecraft:terracotta":39,"minecraft:small_dripleaf":1,"minecraft:gold_ore":25,"minecraft:deepslate_emerald_ore":1},"minecraft:killed_by":{"yeti:yeti":1,"old_goatman:old_goatman":3,"bwrtherain:vapor":3,"midnightlurker:void_hands":1,"minecraft:vindicator":4,"bwrtherain:rosemary":1,"midnightlurker:midnight_lurker_stare":1,"kim_dweller:kim_dweller":1,"minecraft:spider":3,"jacky:jacky":10,"cartoon_dweller:cartoon_dweller":2,"minecraft:skeleton":1,"mokey:mokey":6},"minecraft:killed":{"minecraft:spider":11,"minecraft:skeleton":14,"minecraft:chicken":2,"minecraft:tropical_fish":3,"minecraft:wolf":1,"minecraft:zombie_villager":1,"minecraft:salmon":1,"bwrtherain:spider_skull":9,"minecraft:creeper":15,"minecraft:pillager":7,"minecraft:goat":4,"minecraft:zombie":12,"minecraft:stray":2,"endofherobrine:chicken":1,"minecraft:vindicator":2,"minecraft:llama":1,"minecraft:drowned":1,"minecraft:husk":6},"minecraft:used":{"minecraft:writable_book":5,"minecraft:chest":15,"minecraft:carrot":2,"minecraft:axolotl_bucket":1,"minecraft:snowball":6,"minecraft:golden_sword":4,"minecraft:birch_trapdoor":31,"minecraft:written_book":1,"minecraft:oak_sapling":97,"minecraft:egg":6,"minecraft:diorite":19,"minecraft:stone_pickaxe":638,"minecraft:oak_planks":1263,"minecraft:wooden_pickaxe":30,"minecraft:dark_oak_trapdoor":8,"minecraft:mushroom_stew":90,"minecraft:mule_spawn_egg":1,"minecraft:pumpkin_seeds":5,"minecraft:red_sandstone":1,"minecraft:golden_helmet":1,"minecraft:andesite":5,"minecraft:bone_meal":9,"minecraft:diorite_slab":6,"minecraft:experience_bottle":2,"minecraft:oak_fence":21,"minecraft:oak_trapdoor":30,"minecraft:stone_shovel":105,"minecraft:wooden_shovel":62,"minecraft:stone_hoe":9,"minecraft:torch":30,"minecraft:dirt":56,"minecraft:spyglass":1,"minecraft:prismarine_bricks":1,"minecraft:cod_bucket":1,"minecraft:salmon_bucket":1,"minecraft:granite":64,"minecraft:dark_oak_planks":1,"minecraft:wooden_axe":434,"minecraft:smooth_basalt":3,"minecraft:orange_terracotta":1,"minecraft:powder_snow_bucket":1,"minecraft:turtle_egg":1,"minecraft:wheat_seeds":37,"minecraft:water_bucket":25,"minecraft:birch_planks":51,"minecraft:crafting_table":4,"minecraft:white_bed":1,"minecraft:wooden_hoe":36,"minecraft:apple":8,"minecraft:iron_pickaxe":1634,"minecraft:stone_axe":730,"minecraft:cobblestone":226,"minecraft:bucket":26,"minecraft:candle":2},"minecraft:crafted":{"minecraft:oak_planks":1840,"minecraft:stone_hoe":1,"minecraft:oak_fence":18,"minecraft:crafting_table":2,"minecraft:spruce_planks":92,"minecraft:birch_planks":204,"minecraft:pumpkin_seeds":4,"minecraft:stick":100,"minecraft:iron_ingot":81,"minecraft:iron_pickaxe":9,"minecraft:raw_iron":9,"minecraft:stone_shovel":1,"minecraft:dark_oak_trapdoor":8,"minecraft:bone_meal":36,"minecraft:oak_trapdoor":28,"minecraft:stone_pickaxe":4,"minecraft:dark_oak_planks":28,"minecraft:bowl":12,"minecraft:stone_axe":7,"minecraft:air":0,"minecraft:raw_gold":45,"minecraft:wooden_axe":8,"minecraft:birch_trapdoor":30,"minecraft:torch":20,"minecraft:diorite_slab":6,"minecraft:clay":1},"minecraft:picked_up":{"minecraft:wheat":38,"minecraft:chainmail_boots":2,"minecraft:lead":2,"minecraft:amethyst_block":151,"minecraft:string":32,"minecraft:dead_tube_coral_block":14,"minecraft:raw_copper":598,"minecraft:cobbled_deepslate":201,"minecraft:calcite":113,"minecraft:written_book":2,"minecraft:azalea":1,"minecraft:wooden_shovel":13,"minecraft:iron_pickaxe":4,"minecraft:melon_slice":10,"minecraft:tipped_arrow":1,"minecraft:golden_helmet":1,"minecraft:stick":124,"minecraft:birch_trapdoor":1,"minecraft:brown_terracotta":16,"minecraft:oak_fence":16,"minecraft:torch":22,"minecraft:acacia_log":12,"minecraft:pointed_dripstone":9,"minecraft:diorite":95,"minecraft:green_terracotta":6,"minecraft:rabbit_foot":1,"minecraft:cactus":2,"minecraft:rotten_flesh":31,"minecraft:tropical_fish":13,"minecraft:cyan_terracotta":15,"minecraft:white_terracotta":27,"minecraft:music_disc_wait":1,"minecraft:cod":3,"minecraft:snowball":308,"minecraft:cobblestone":249,"minecraft:sponge":21,"minecraft:birch_log":44,"minecraft:feather":21,"minecraft:jungle_log":2,"minecraft:water_bucket":1,"minecraft:andesite":106,"minecraft:tuff":96,"minecraft:prismarine_bricks":102,"minecraft:lapis_lazuli":195,"minecraft:dirt":293,"minecraft:bone":32,"minecraft:gray_terracotta":8,"minecraft:bow":2,"minecraft:wheat_seeds":86,"minecraft:small_dripleaf":7,"minecraft:raw_gold":57,"minecraft:light_blue_dye":3,"minecraft:rabbit":1,"minecraft:moss_block":93,"minecraft:prismarine":106,"minecraft:oak_planks":67,"minecraft:stone_hoe":1,"minecraft:glow_lichen":5,"minecraft:stripped_spruce_log":1,"minecraft:dark_oak_log":14,"minecraft:red_terracotta":11,"minecraft:mossy_cobblestone":3,"minecraft:dark_prismarine":68,"minecraft:light_gray_terracotta":12,"minecraft:blue_terracotta":23,"minecraft:diamond":30,"minecraft:dead_brain_coral_block":17,"minecraft:granite":140,"minecraft:bone_meal":38,"minecraft:golden_apple":3,"minecraft:white_concrete":39,"minecraft:chainmail_helmet":1,"minecraft:emerald":20,"minecraft:rooted_dirt":43,"minecraft:oak_sapling":180,"minecraft:crafting_table":3,"minecraft:chicken":7,"minecraft:clay_ball":416,"minecraft:wooden_pickaxe":10,"minecraft:dead_horn_coral_block":13,"minecraft:oak_trapdoor":2,"minecraft:wooden_sword":4,"minecraft:candle":2,"minecraft:chest":50,"minecraft:raw_copper_block":3,"minecraft:egg":9,"minecraft:raw_iron":93,"minecraft:sandstone":93,"minecraft:raw_gold_block":10,"minecraft:bowl":2,"minecraft:carrot":1,"minecraft:redstone":74,"minecraft:prismarine_crystals":82,"minecraft:arrow":31,"minecraft:shears":1,"minecraft:hay_block":14,"minecraft:yellow_terracotta":18,"minecraft:glow_berries":21,"minecraft:mutton":2,"minecraft:white_wool":6,"minecraft:stripped_oak_log":1,"minecraft:glow_ink_sac":3,"minecraft:salmon":2,"minecraft:birch_planks":4,"minecraft:ice":1,"minecraft:mushroom_stew":4,"minecraft:oak_log":536,"minecraft:gunpowder":5,"minecraft:wooden_hoe":1,"minecraft:paper":2,"minecraft:orange_terracotta":22,"minecraft:apple":37,"minecraft:red_sandstone":78,"minecraft:rabbit_hide":1,"minecraft:spore_blossom":6,"minecraft:iron_ingot":2,"minecraft:stone_pickaxe":6,"minecraft:smooth_basalt":59,"minecraft:pumpkin":3,"minecraft:budding_amethyst":3,"minecraft:dandelion":4,"minecraft:spyglass":1,"minecraft:raw_iron_block":2,"minecraft:dripstone_block":45,"minecraft:dead_fire_coral_block":22,"minecraft:amethyst_shard":6,"minecraft:spruce_sapling":8,"minecraft:white_bed":1,"minecraft:spruce_log":24,"minecraft:spider_eye":5,"minecraft:pumpkin_seeds":1,"minecraft:dried_kelp_block":18,"minecraft:stone_axe":1,"minecraft:dead_bubble_coral_block":9,"minecraft:terracotta":40,"minecraft:coal":42,"minecraft:mangrove_propagule":1,"minecraft:pink_dye":5},"minecraft:custom":{"minecraft:animals_bred":2,"minecraft:interact_with_crafting_table":66,"minecraft:leave_game":7,"minecraft:time_since_death":6060,"minecraft:sprint_one_cm":939737,"minecraft:drop":50,"minecraft:talked_to_villager":2,"minecraft:play_time":415595,"minecraft:deaths":42,"minecraft:jump":2642,"minecraft:walk_on_water_one_cm":18459,"minecraft:interact_with_furnace":22,"minecraft:damage_dealt":16082,"minecraft:crouch_one_cm":109087,"minecraft:horse_one_cm":7051,"minecraft:mob_kills":121,"minecraft:damage_dealt_resisted":1731,"minecraft:walk_one_cm":1173647,"minecraft:sneak_time":59758,"minecraft:walk_under_water_one_cm":51098,"minecraft:total_world_time":415595,"minecraft:time_since_rest":6084,"minecraft:damage_taken":30116103,"minecraft:swim_one_cm":6305,"minecraft:fly_one_cm":545383,"minecraft:open_chest":736,"minecraft:fall_one_cm":28388},"minecraft:broken":{"minecraft:golden_helmet":1,"minecraft:stone_pickaxe":4,"minecraft:stone_axe":5,"minecraft:wooden_axe":9,"minecraft:chainmail_helmet":1,"minecraft:iron_pickaxe":4},"minecraft:dropped":{"minecraft:birch_planks":1,"minecraft:raw_gold_block":5,"minecraft:blaze_spawn_egg":1,"minecraft:wooden_sword":4,"minecraft:iron_pickaxe":6,"minecraft:stone_axe":1,"minecraft:spyglass":1,"minecraft:rabbit_foot":1,"minecraft:chainmail_boots":1,"minecraft:written_book":1,"minecraft:stone_hoe":2,"minecraft:iron_ingot":2,"minecraft:oak_fence":2,"minecraft:mushroom_stew":3,"minecraft:wooden_hoe":1,"minecraft:wooden_axe":1,"minecraft:shears":1,"minecraft:oak_sapling":1,"minecraft:wooden_shovel":7,"minecraft:stone_pickaxe":5,"minecraft:wooden_pickaxe":7}},"DataVersion":3120}