{"stats":{"minecraft:picked_up":{"minecraft:birch_log":4,"minecraft:crafting_table":3,"minecraft:wheat":2,"minecraft:cooked_beef":3,"minecraft:leather":17,"minecraft:smithing_table":1,"minecraft:potato":1,"minecraft:birch_planks":4,"minecraft:oak_log":27,"minecraft:yellow_bed":6,"minecraft:dirt":6,"minecraft:raw_copper":5,"minecraft:wheat_seeds":7,"minecraft:iron_ingot":5,"minecraft:stone_pickaxe":1,"minecraft:beef":56,"minecraft:poppy":1,"minecraft:lectern":4,"minecraft:sugar_cane":1,"minecraft:egg":3,"minecraft:furnace":3,"minecraft:book":24,"minecraft:raw_iron":3,"minecraft:dandelion":1,"minecraft:porkchop":7,"minecraft:white_bed":10,"minecraft:carrot":2,"minecraft:hay_block":49,"minecraft:emerald":3,"minecraft:mutton":8,"minecraft:coal":87,"minecraft:white_wool":6,"minecraft:cobblestone":25},"minecraft:crafted":{"minecraft:cooked_beef":32,"minecraft:oak_planks":80,"minecraft:leather_leggings":1,"minecraft:crafting_table":1,"minecraft:wooden_pickaxe":1,"minecraft:furnace":1,"minecraft:birch_planks":16,"minecraft:stone_axe":2,"minecraft:air":0,"minecraft:stick":12,"minecraft:iron_ingot":3,"minecraft:iron_pickaxe":1,"minecraft:stone_pickaxe":1,"minecraft:oak_button":50,"minecraft:white_bed":2},"minecraft:killed":{"minecraft:pig":3,"minecraft:iron_golem":1,"minecraft:sheep":6,"minecraft:skeleton":1,"minecraft:zombie":1,"minecraft:cow":15},"minecraft:mined":{"minecraft:smithing_table":1,"minecraft:white_bed":12,"minecraft:crafting_table":3,"minecraft:short_grass":7,"minecraft:emerald_ore":3,"minecraft:grass_block":1,"minecraft:lectern":4,"minecraft:copper_ore":1,"minecraft:tall_grass":1,"minecraft:hay_block":49,"minecraft:birch_planks":4,"minecraft:furnace":3,"minecraft:carrots":1,"minecraft:birch_log":4,"minecraft:iron_ore":3,"minecraft:wheat":3,"minecraft:yellow_bed":6,"minecraft:bookshelf":8,"minecraft:oak_log":33,"minecraft:coal_ore":53,"minecraft:dirt":5,"minecraft:stone":27,"minecraft:oak_leaves":1},"minecraft:used":{"minecraft:wheat_seeds":4,"minecraft:leather_leggings":1,"minecraft:birch_planks":4,"minecraft:stone_pickaxe":49,"minecraft:poppy":1,"minecraft:wooden_pickaxe":7,"minecraft:leather_boots":1,"minecraft:dirt":6,"minecraft:crafting_table":3,"minecraft:carrot":2,"minecraft:white_bed":8,"minecraft:oak_button":50,"minecraft:iron_pickaxe":34,"minecraft:lectern":3,"minecraft:stone_axe":117,"minecraft:furnace":3,"minecraft:smithing_table":1,"minecraft:yellow_bed":1,"minecraft:egg":3,"minecraft:cooked_beef":12,"minecraft:dandelion":1},"minecraft:dropped":{"minecraft:sugar_cane":1,"minecraft:wheat_seeds":3,"minecraft:cooked_beef":3,"minecraft:wooden_pickaxe":1,"minecraft:stone_pickaxe":2},"minecraft:custom":{"minecraft:interact_with_furnace":17,"minecraft:mob_kills":27,"minecraft:traded_with_villager":1,"minecraft:interact_with_crafting_table":8,"minecraft:bell_ring":7,"minecraft:time_since_death":53263,"minecraft:sleep_in_bed":6,"minecraft:climb_one_cm":1146,"minecraft:time_since_rest":1168,"minecraft:sprint_one_cm":384705,"minecraft:damage_taken":332,"minecraft:walk_one_cm":104921,"minecraft:drop":10,"minecraft:damage_dealt":3646,"minecraft:swim_one_cm":7020,"minecraft:talked_to_villager":5,"minecraft:fly_one_cm":376414,"minecraft:open_chest":5,"minecraft:crouch_one_cm":700,"minecraft:play_time":53263,"minecraft:sneak_time":333,"minecraft:walk_under_water_one_cm":523,"minecraft:jump":1543,"minecraft:walk_on_water_one_cm":3202,"minecraft:total_world_time":53263,"minecraft:fall_one_cm":49118,"minecraft:horse_one_cm":1464},"minecraft:broken":{"minecraft:stone_axe":1}},"DataVersion":3953}