{"stats":{"minecraft:mined":{"minecraft:white_bed":1,"minecraft:black_terracotta":9,"minecraft:red_nether_bricks":14,"minecraft:obsidian":3,"minecraft:granite":123,"minecraft:acacia_log":19,"minecraft:jungle_log":19,"minecraft:deepslate_bricks":36,"minecraft:bubble_coral_block":8,"minecraft:tube_coral_block":9,"minecraft:chiseled_stone_bricks":19,"minecraft:magma_block":4,"minecraft:cobbled_deepslate":117,"minecraft:fire":10,"minecraft:pumpkin":5,"minecraft:fletching_table":3,"minecraft:deepslate_lapis_ore":36,"minecraft:twisting_vines":1,"minecraft:oak_sign":2,"minecraft:crimson_nylium":4,"minecraft:powder_snow":14,"minecraft:torch":15,"minecraft:blast_furnace":5,"minecraft:melon":3,"minecraft:amethyst_block":155,"minecraft:white_terracotta":27,"minecraft:mud":75,"minecraft:wheat":279,"minecraft:mangrove_log":25,"minecraft:smooth_basalt":56,"minecraft:deepslate":146,"minecraft:attached_pumpkin_stem":2,"minecraft:yellow_terracotta":19,"minecraft:dark_prismarine":71,"minecraft:mossy_cobblestone":85,"minecraft:dark_oak_log":26,"minecraft:jack_o_lantern":5,"minecraft:sea_lantern":39,"minecraft:nether_bricks":13,"minecraft:cobbled_deepslate_slab":2,"minecraft:moss_block":108,"minecraft:redstone_ore":24,"minecraft:packed_mud":17,"minecraft:red_sandstone":96,"minecraft:green_terracotta":9,"minecraft:andesite":88,"minecraft:potatoes":403,"minecraft:bamboo":40,"minecraft:fire_coral_block":12,"minecraft:bone_block":13,"minecraft:oak_slab":32,"minecraft:soul_sand":11,"minecraft:emerald_ore":30,"minecraft:sponge":16,"minecraft:warped_roots":3,"minecraft:lightning_rod":1,"minecraft:copper_ore":150,"minecraft:dried_kelp_block":12,"minecraft:deepslate_gold_ore":32,"minecraft:diorite":91,"minecraft:warped_wart_block":9,"minecraft:red_terracotta":13,"minecraft:spruce_log":1616,"minecraft:mycelium":28,"minecraft:gravel":114,"minecraft:dripstone_block":70,"minecraft:cobweb":2,"minecraft:brown_terracotta":16,"minecraft:acacia_planks":19,"minecraft:stone_bricks":35,"minecraft:gold_ore":44,"minecraft:deepslate_emerald_ore":11,"minecraft:spruce_planks":2,"minecraft:oak_sapling":6,"minecraft:farmland":1,"minecraft:budding_amethyst":26,"minecraft:grass_block":234,"minecraft:dead_tube_coral_block":1,"minecraft:white_concrete":48,"minecraft:soul_soil":4,"minecraft:mud_bricks":25,"minecraft:composter":4,"minecraft:gilded_blackstone":6,"minecraft:smooth_stone":1,"minecraft:raw_iron_block":3,"minecraft:glowstone":3,"minecraft:sculk_catalyst":1,"minecraft:iron_ore":110,"minecraft:brain_coral_block":16,"minecraft:deepslate_redstone_ore":21,"minecraft:gray_terracotta":8,"minecraft:cyan_terracotta":15,"minecraft:blackstone":7,"minecraft:dead_bubble_coral_block":1,"minecraft:twisting_vines_plant":1,"minecraft:melon_stem":2,"minecraft:orange_terracotta":24,"minecraft:clay":93,"minecraft:light_gray_terracotta":10,"minecraft:calcite":148,"minecraft:chest":91,"minecraft:nether_quartz_ore":5,"minecraft:cobblestone":133,"minecraft:honeycomb_block":1,"minecraft:grindstone":1,"minecraft:prismarine":112,"minecraft:oak_planks":79,"minecraft:wall_torch":3,"minecraft:cauldron":1,"minecraft:deepslate_copper_ore":77,"minecraft:warped_nylium":8,"minecraft:blue_terracotta":15,"minecraft:nether_wart_block":2,"minecraft:birch_log":39,"minecraft:blue_ice":14,"minecraft:birch_trapdoor":2,"minecraft:oak_log":722,"minecraft:lime_terracotta":17,"minecraft:dirt":74,"minecraft:raw_copper_block":5,"minecraft:netherrack":107,"minecraft:ancient_debris":3,"minecraft:oak_leaves":207,"minecraft:horn_coral_block":11,"minecraft:nether_gold_ore":2,"minecraft:diamond_ore":19,"minecraft:crying_obsidian":2,"minecraft:tuff":66,"minecraft:deepslate_diamond_ore":20,"minecraft:candle":5,"minecraft:mangrove_roots":17,"minecraft:spruce_leaves":66,"minecraft:sandstone":162,"minecraft:rooted_dirt":13,"minecraft:hay_block":14,"minecraft:oak_trapdoor":5,"minecraft:spruce_sapling":3,"minecraft:furnace":1,"minecraft:carrots":533,"minecraft:raw_gold_block":16,"minecraft:nether_sprouts":4,"minecraft:stripped_spruce_log":1,"minecraft:dead_horn_coral_block":2,"minecraft:deepslate_iron_ore":50,"minecraft:shroomlight":1,"minecraft:stripped_oak_log":5,"minecraft:packed_ice":27,"minecraft:stone":286,"minecraft:podzol":25,"minecraft:snow_block":64,"minecraft:basalt":4,"minecraft:oak_fence":14,"minecraft:crafting_table":6,"minecraft:deepslate_coal_ore":37,"minecraft:lapis_ore":33,"minecraft:sculk":3,"minecraft:prismarine_bricks":90,"minecraft:dead_fire_coral_block":1,"minecraft:birch_planks":6,"minecraft:muddy_mangrove_roots":17,"minecraft:dead_brain_coral_block":1,"minecraft:coal_ore":75,"minecraft:ochre_froglight":2,"minecraft:cracked_stone_bricks":21,"minecraft:terracotta":39,"minecraft:small_dripleaf":1,"minecraft:mossy_stone_bricks":45},"minecraft:killed_by":{"minecraft:zombie_villager":1,"old_goatman:old_goatman":15,"minecraft:magma_cube":1,"minecraft:zoglin":2,"minecraft:vindicator":9,"bwrtherain:rosemary":1,"kim_dweller:kim_dweller":10,"minecraft:vex":5,"minecraft:slime":1,"cartoon_dweller:cartoon_dweller":18,"minecraft:warden":1,"midnightlurker:midnight_lurker_unprovoked":1,"yeti:yeti":18,"endofherobrine:cow":2,"minecraft:zombified_piglin":2,"minecraft:creeper":1,"bwrtherain:vapor":3,"mimicer:mimicer":3,"bwrtherain:spider_skull":1,"midnightlurker:void_hands":1,"man:managgresive":4,"minecraft:piglin":3,"the_one_who_watches:toww_running":1,"midnightlurker:midnight_lurker_stare":1,"minecraft:player":2,"minecraft:spider":3,"minecraft:enderman":2,"jacky:jacky":27,"minecraft:iron_golem":1,"minecraft:hoglin":1,"minecraft:skeleton":4,"mokey:mokey":17},"minecraft:killed":{"minecraft:cave_spider":8,"minecraft:shulker":3,"minecraft:mule":2,"minecraft:skeleton":280,"minecraft:chicken":2,"minecraft:skeleton_horse":1,"minecraft:tropical_fish":3,"minecraft:magma_cube":43,"minecraft:parrot":4,"minecraft:salmon":1,"bwrtherain:spider_skull":28,"minecraft:pillager":7,"minecraft:goat":4,"minecraft:zombie":299,"endofherobrine:chicken":1,"minecraft:cow":6,"minecraft:evoker":2,"minecraft:endermite":30,"minecraft:vindicator":4,"minecraft:zoglin":1,"minecraft:horse":1,"minecraft:husk":10,"bwrtherain:rosemary":1,"minecraft:wandering_trader":1,"minecraft:frog":3,"minecraft:enderman":10,"minecraft:zombified_piglin":5,"minecraft:witch":6,"minecraft:spider":18,"minecraft:bee":9,"minecraft:silverfish":16,"minecraft:turtle":1,"minecraft:wolf":1,"minecraft:piglin":2,"mokey:mokey":1,"minecraft:zombie_villager":10,"minecraft:creeper":311,"minecraft:mooshroom":26,"minecraft:stray":2,"minecraft:ghast":6,"minecraft:vex":16,"minecraft:slime":70,"minecraft:phantom":3,"minecraft:llama":1,"minecraft:drowned":1,"endofherobrine:sheep":2,"minecraft:wither_skeleton":3},"minecraft:used":{"minecraft:writable_book":7,"minecraft:chest":30,"minecraft:snowball":6,"minecraft:lava_bucket":7,"minecraft:quartz_block":1,"minecraft:bow":175,"minecraft:dark_oak_boat":3,"minecraft:oak_sapling":125,"minecraft:egg":22,"minecraft:potato":415,"minecraft:diorite":21,"minecraft:wooden_pickaxe":30,"minecraft:fox_spawn_egg":1,"minecraft:composter":6,"minecraft:golden_apple":2,"minecraft:glow_berries":3,"minecraft:dark_oak_trapdoor":8,"minecraft:blast_furnace":6,"minecraft:pumpkin_seeds":5,"minecraft:deepslate_tiles":3,"minecraft:red_sandstone":11,"minecraft:wooden_sword":58,"minecraft:oak_boat":2,"minecraft:diorite_slab":6,"minecraft:oak_trapdoor":31,"minecraft:stone_sword":113,"minecraft:acacia_log":5,"minecraft:netherrack":50,"minecraft:torch":80,"minecraft:warped_wart_block":2,"minecraft:cod_bucket":1,"minecraft:iron_axe":577,"minecraft:jungle_log":1,"minecraft:smooth_basalt":3,"minecraft:bamboo":17,"minecraft:tadpole_bucket":6,"minecraft:acacia_planks":66,"minecraft:cobbled_deepslate":9,"minecraft:orange_terracotta":1,"minecraft:pointed_dripstone":4,"minecraft:calcite":1,"minecraft:wheat_seeds":287,"minecraft:water_bucket":100,"minecraft:birch_planks":62,"minecraft:lead":1,"minecraft:cauldron":5,"minecraft:fletching_table":9,"minecraft:deepslate_bricks":40,"minecraft:lime_terracotta":1,"minecraft:oak_slab":281,"minecraft:crafting_table":8,"minecraft:white_bed":15,"minecraft:mud":2,"minecraft:ender_eye":4,"minecraft:diamond_pickaxe":25,"minecraft:oak_button":1,"minecraft:iron_pickaxe":3635,"minecraft:spruce_sapling":85,"minecraft:cobblestone":289,"minecraft:potion":1,"minecraft:candle":4,"minecraft:iron_shovel":128,"minecraft:oak_sign":3,"minecraft:iron_sword":641,"minecraft:jungle_planks":6,"minecraft:carrot":543,"minecraft:axolotl_bucket":1,"minecraft:milk_bucket":4,"minecraft:warped_nylium":1,"minecraft:golden_sword":4,"minecraft:birch_trapdoor":31,"minecraft:written_book":1,"minecraft:golden_boots":2,"minecraft:wither_skeleton_skull":1,"minecraft:stone_pickaxe":638,"minecraft:oak_planks":1485,"minecraft:ender_pearl":1,"minecraft:diamond_axe":1438,"minecraft:mushroom_stew":166,"minecraft:shulker_spawn_egg":1,"minecraft:mule_spawn_egg":1,"minecraft:dripstone_block":33,"minecraft:ochre_froglight":3,"minecraft:melon_slice":44,"minecraft:bread":3,"minecraft:gravel":16,"minecraft:golden_helmet":1,"minecraft:grindstone":2,"minecraft:andesite":5,"minecraft:bone_meal":2444,"minecraft:experience_bottle":2,"minecraft:oak_fence":71,"minecraft:netherite_sword":10,"minecraft:stone_shovel":105,"minecraft:spruce_planks":10,"minecraft:wooden_shovel":62,"minecraft:stone_hoe":10,"minecraft:dirt":76,"minecraft:spyglass":1,"minecraft:prismarine_bricks":1,"minecraft:salmon_bucket":1,"minecraft:granite":64,"minecraft:dark_oak_planks":1,"minecraft:wooden_axe":434,"minecraft:cooked_beef":50,"minecraft:powder_snow_bucket":1,"minecraft:turtle_egg":1,"minecraft:enchanted_golden_apple":2,"minecraft:amethyst_block":10,"minecraft:netherite_chestplate":1,"minecraft:red_nether_bricks":4,"minecraft:baked_potato":20,"minecraft:birch_boat":6,"minecraft:wooden_hoe":36,"minecraft:apple":8,"minecraft:stone_axe":1090,"minecraft:bucket":113,"minecraft:smooth_stone":1,"minecraft:chainmail_leggings":1},"minecraft:crafted":{"minecraft:smooth_stone":3,"minecraft:chainmail_helmet":8,"minecraft:blaze_powder":10,"minecraft:birch_boat":1,"minecraft:quartz_block":1,"minecraft:diamond_helmet":2,"minecraft:diamond_leggings":3,"minecraft:emerald":537,"minecraft:diamond_axe":1,"minecraft:fletching_table":6,"minecraft:stone_slab":6,"minecraft:iron_pickaxe":16,"minecraft:gold_ingot":56,"minecraft:composter":2,"minecraft:stone_shovel":1,"minecraft:bone_meal":3168,"minecraft:spruce_slab":18,"minecraft:stone_pickaxe":4,"minecraft:diamond_boots":6,"minecraft:dark_oak_planks":64,"minecraft:chainmail_leggings":12,"minecraft:wheat":126,"minecraft:wooden_axe":8,"minecraft:birch_trapdoor":30,"minecraft:iron_shovel":2,"minecraft:white_bed":13,"minecraft:grindstone":1,"minecraft:oak_planks":2780,"minecraft:dark_oak_boat":1,"minecraft:stone":4,"minecraft:bow":7,"minecraft:iron_boots":10,"minecraft:raw_copper":18,"minecraft:oak_button":1,"minecraft:stone_hoe":1,"minecraft:ender_eye":10,"minecraft:oak_fence":78,"minecraft:oak_slab":240,"minecraft:cauldron":4,"minecraft:crafting_table":4,"minecraft:spruce_planks":6456,"minecraft:baked_potato":154,"minecraft:iron_helmet":1,"minecraft:pumpkin_seeds":4,"minecraft:birch_planks":212,"minecraft:diamond_pickaxe":1,"minecraft:stick":13608,"minecraft:iron_ingot":159,"minecraft:stone_sword":1,"minecraft:shears":1,"minecraft:wooden_sword":1,"minecraft:raw_iron":18,"minecraft:netherite_sword":1,"minecraft:popped_chorus_fruit":3,"minecraft:furnace":1,"minecraft:blast_furnace":1,"minecraft:dark_oak_trapdoor":8,"minecraft:oak_trapdoor":28,"minecraft:flint_and_steel":1,"minecraft:iron_axe":3,"minecraft:cooked_beef":32,"minecraft:diamond_sword":2,"minecraft:iron_sword":12,"minecraft:bowl":12,"minecraft:mangrove_planks":20,"minecraft:stone_axe":10,"minecraft:air":0,"minecraft:bread":96,"minecraft:jungle_planks":28,"minecraft:white_wool":5,"minecraft:raw_gold":144,"minecraft:acacia_planks":92,"minecraft:diorite_slab":6,"minecraft:torch":52,"minecraft:clay":2,"minecraft:diamond_chestplate":2},"minecraft:picked_up":{"minecraft:chainmail_boots":2,"minecraft:lead":23,"minecraft:wither_rose":1,"minecraft:amethyst_block":242,"minecraft:string":46,"minecraft:soul_soil":4,"minecraft:red_nether_bricks":16,"minecraft:beetroot_soup":1,"minecraft:shroomlight":1,"minecraft:gold_nugget":13,"minecraft:cobbled_deepslate":399,"minecraft:spruce_planks":2,"minecraft:written_book":5,"minecraft:enchanted_golden_apple":3,"minecraft:melon_slice":14,"minecraft:mangrove_log":24,"minecraft:golden_helmet":2,"minecraft:music_disc_blocks":1,"minecraft:composter":4,"minecraft:acacia_log":17,"minecraft:lightning_rod":2,"minecraft:honeycomb_block":1,"minecraft:rabbit_foot":3,"minecraft:golden_chestplate":1,"minecraft:green_terracotta":14,"minecraft:cauldron":2,"minecraft:tropical_fish":13,"minecraft:blue_dye":1,"minecraft:red_tulip":5,"minecraft:cyan_terracotta":15,"minecraft:white_terracotta":37,"minecraft:blaze_rod":5,"minecraft:snowball":356,"minecraft:sponge":21,"minecraft:birch_log":50,"minecraft:magma_block":4,"minecraft:feather":44,"minecraft:cooked_beef":22,"minecraft:water_bucket":7,"minecraft:jungle_log":21,"minecraft:dark_oak_boat":3,"minecraft:flint":13,"minecraft:twisting_vines":4,"minecraft:gray_terracotta":8,"minecraft:rabbit":2,"minecraft:glowstone_dust":9,"minecraft:moss_block":112,"minecraft:glow_lichen":11,"minecraft:warped_wart_block":9,"minecraft:lime_terracotta":17,"minecraft:stripped_spruce_log":1,"minecraft:dark_oak_log":25,"minecraft:red_terracotta":25,"minecraft:blue_terracotta":23,"minecraft:dead_brain_coral_block":17,"minecraft:granite":226,"minecraft:chainmail_helmet":1,"minecraft:cyan_dye":2,"minecraft:rooted_dirt":85,"minecraft:jack_o_lantern":5,"minecraft:diamond_pickaxe":2,"minecraft:crafting_table":6,"minecraft:mud":75,"minecraft:clay_ball":480,"minecraft:leather_leggings":2,"minecraft:dead_horn_coral_block":13,"minecraft:white_carpet":2,"minecraft:cracked_stone_bricks":20,"minecraft:music_disc_otherside":1,"minecraft:beef":60,"minecraft:chest":96,"minecraft:raw_copper_block":5,"minecraft:egg":22,"minecraft:sandstone":440,"minecraft:stone":3,"minecraft:raw_gold_block":21,"minecraft:carrot":1923,"minecraft:redstone":266,"minecraft:prismarine_crystals":92,"minecraft:shears":2,"minecraft:deepslate_bricks":35,"minecraft:hay_block":28,"minecraft:yellow_terracotta":29,"minecraft:totem_of_undying":2,"minecraft:glow_berries":48,"minecraft:mutton":6,"minecraft:white_wool":58,"minecraft:bone_block":14,"minecraft:rail":1,"minecraft:stripped_oak_log":5,"minecraft:mud_bricks":25,"minecraft:red_mushroom":22,"minecraft:ochre_froglight":2,"minecraft:filled_map":1,"minecraft:packed_mud":17,"minecraft:oak_log":708,"minecraft:lily_pad":14,"minecraft:ancient_debris":3,"minecraft:golden_boots":2,"minecraft:paper":12,"man:cassette_1safetyinstructions":2,"minecraft:apple":61,"minecraft:stone_bricks":35,"minecraft:spore_blossom":6,"minecraft:stone_pickaxe":6,"minecraft:cobweb":6,"minecraft:glass_bottle":1,"minecraft:smooth_basalt":73,"minecraft:spyglass":3,"minecraft:gravel":102,"minecraft:dead_fire_coral_block":23,"minecraft:spruce_sapling":98,"minecraft:spruce_log":1617,"minecraft:crying_obsidian":2,"minecraft:leather_helmet":1,"minecraft:slime_ball":71,"minecraft:stone_axe":3,"minecraft:warped_roots":3,"minecraft:baked_potato":3,"minecraft:ender_pearl":14,"minecraft:mangrove_propagule":4,"minecraft:pink_dye":13,"minecraft:hopper":3,"minecraft:shulker_shell":2,"minecraft:wheat":308,"minecraft:potion":2,"minecraft:gilded_blackstone":5,"minecraft:dead_tube_coral_block":14,"minecraft:raw_copper":962,"minecraft:netherite_ingot":2,"minecraft:oak_sign":3,"minecraft:smooth_stone":1,"minecraft:bucket":3,"minecraft:calcite":210,"minecraft:azalea":8,"minecraft:wooden_shovel":14,"minecraft:iron_pickaxe":6,"minecraft:tipped_arrow":4,"minecraft:stick":242,"minecraft:birch_trapdoor":1,"minecraft:brown_terracotta":29,"minecraft:oak_fence":26,"minecraft:torch":45,"minecraft:shulker_spawn_egg":1,"minecraft:pointed_dripstone":9,"minecraft:diorite":131,"minecraft:vine":10,"minecraft:goat_horn":1,"minecraft:quartz_block":1,"minecraft:cactus":31,"minecraft:rotten_flesh":74,"minecraft:mangrove_roots":17,"minecraft:music_disc_wait":2,"minecraft:obsidian":3,"minecraft:cod":3,"minecraft:cobblestone":451,"minecraft:muddy_mangrove_roots":20,"minecraft:magma_cream":1,"minecraft:andesite":127,"minecraft:potato":1365,"minecraft:tuff":136,"minecraft:prismarine_bricks":106,"minecraft:wither_skeleton_skull":1,"minecraft:dirt":498,"minecraft:lapis_lazuli":511,"minecraft:leather_boots":2,"minecraft:bone":82,"minecraft:acacia_planks":18,"minecraft:bow":13,"minecraft:wheat_seeds":847,"minecraft:popped_chorus_fruit":2,"minecraft:small_dripleaf":7,"minecraft:raw_gold":102,"minecraft:cobbled_deepslate_slab":2,"minecraft:light_blue_dye":7,"minecraft:grindstone":1,"minecraft:fletching_table":3,"minecraft:mossy_stone_bricks":44,"minecraft:bamboo":284,"minecraft:prismarine":115,"minecraft:oak_planks":338,"minecraft:stone_hoe":1,"minecraft:ghast_tear":1,"minecraft:black_terracotta":9,"minecraft:oak_pressure_plate":1,"minecraft:poisonous_potato":7,"minecraft:jungle_planks":1,"minecraft:dead_bush":20,"minecraft:mossy_cobblestone":96,"minecraft:dark_prismarine":74,"minecraft:light_gray_terracotta":18,"minecraft:diamond":51,"minecraft:golden_apple":20,"minecraft:bone_meal":285,"minecraft:white_concrete":90,"minecraft:emerald":46,"minecraft:oak_sapling":400,"minecraft:netherrack":119,"minecraft:chicken":14,"minecraft:wooden_pickaxe":10,"minecraft:oak_trapdoor":4,"minecraft:moss_carpet":4,"minecraft:wooden_sword":4,"minecraft:blackstone":7,"minecraft:candle":12,"minecraft:oak_boat":1,"minecraft:sugar_cane":3,"minecraft:dark_oak_sapling":2,"minecraft:end_stone":1,"minecraft:raw_iron":158,"minecraft:bowl":8,"minecraft:music_disc_11":2,"minecraft:trident":1,"minecraft:brown_dye":3,"minecraft:dark_oak_planks":1,"minecraft:arrow":59,"minecraft:nether_bricks":13,"minecraft:basalt":4,"minecraft:glow_ink_sac":3,"minecraft:salmon":2,"minecraft:leather":32,"minecraft:music_disc_stal":1,"minecraft:birch_planks":8,"minecraft:ice":2,"minecraft:mushroom_stew":4,"minecraft:nether_wart_block":2,"minecraft:gunpowder":34,"minecraft:wooden_hoe":1,"minecraft:orange_terracotta":35,"minecraft:cooked_mutton":6,"minecraft:red_sandstone":166,"minecraft:rabbit_hide":11,"minecraft:iron_ingot":2,"minecraft:acacia_sapling":6,"minecraft:soul_sand":11,"minecraft:book":7,"minecraft:oak_slab":92,"minecraft:warped_fungus":3,"minecraft:birch_boat":6,"minecraft:pumpkin":12,"minecraft:chiseled_stone_bricks":18,"minecraft:budding_amethyst":4,"minecraft:quartz":5,"minecraft:dandelion":12,"minecraft:dripstone_block":71,"minecraft:raw_iron_block":3,"minecraft:amethyst_shard":6,"minecraft:blast_furnace":5,"minecraft:white_bed":2,"minecraft:spider_eye":15,"minecraft:pumpkin_seeds":4,"minecraft:dried_kelp_block":32,"minecraft:dead_bubble_coral_block":9,"minecraft:terracotta":51,"minecraft:coal":144},"minecraft:custom":{"minecraft:interact_with_crafting_table":144,"minecraft:leave_game":17,"minecraft:time_since_death":12600,"minecraft:play_time":1098851,"minecraft:deaths":172,"minecraft:jump":10351,"minecraft:interact_with_furnace":189,"minecraft:traded_with_villager":593,"minecraft:sleep_in_bed":9,"minecraft:damage_dealt":60635,"minecraft:use_cauldron":2,"minecraft:interact_with_smithing_table":7,"minecraft:horse_one_cm":22080,"minecraft:interact_with_anvil":1,"minecraft:inspect_hopper":6,"minecraft:sneak_time":95338,"minecraft:total_world_time":1098851,"minecraft:time_since_rest":12633,"minecraft:swim_one_cm":10102,"minecraft:fly_one_cm":2105303,"minecraft:open_chest":2263,"minecraft:fall_one_cm":193582,"minecraft:animals_bred":10,"minecraft:damage_resisted":160,"minecraft:sprint_one_cm":2962954,"minecraft:drop":422,"minecraft:talked_to_villager":185,"minecraft:walk_on_water_one_cm":48642,"minecraft:player_kills":4,"minecraft:crouch_one_cm":187128,"minecraft:mob_kills":1347,"minecraft:damage_dealt_resisted":2164,"minecraft:climb_one_cm":907,"minecraft:walk_one_cm":3265058,"minecraft:walk_under_water_one_cm":70394,"minecraft:boat_one_cm":18720,"minecraft:damage_taken":40159924,"minecraft:damage_absorbed":370},"minecraft:broken":{"minecraft:golden_boots":4,"minecraft:wooden_sword":1,"minecraft:leather_helmet":1,"minecraft:chainmail_leggings":1,"minecraft:stone_sword":1,"minecraft:chainmail_helmet":2,"minecraft:iron_axe":1,"minecraft:iron_pickaxe":11,"minecraft:golden_helmet":3,"minecraft:leather_leggings":3,"minecraft:golden_leggings":1,"minecraft:stone_pickaxe":4,"minecraft:stone_axe":10,"minecraft:wooden_axe":9,"minecraft:golden_chestplate":2},"minecraft:dropped":{"minecraft:clay":1,"minecraft:iron_sword":3,"minecraft:lapis_lazuli":17,"minecraft:glass_bottle":3,"minecraft:red_sandstone":1,"minecraft:glow_berries":1,"minecraft:warped_roots":6,"minecraft:cracked_stone_bricks":16,"minecraft:rail":1,"minecraft:leather_helmet":1,"minecraft:red_mushroom":5,"minecraft:packed_mud":3,"minecraft:dirt":26,"minecraft:jack_o_lantern":5,"minecraft:wooden_sword":4,"minecraft:gold_nugget":3,"minecraft:bone_block":1,"minecraft:iron_pickaxe":9,"minecraft:dark_oak_planks":1,"minecraft:dark_oak_boat":1,"minecraft:white_wool":9,"minecraft:bone":6,"minecraft:stone_axe":1,"minecraft:goat_horn":1,"minecraft:cobbled_deepslate":11,"minecraft:wheat":1,"minecraft:rotten_flesh":17,"minecraft:oak_planks":5,"minecraft:glowstone_dust":9,"minecraft:dead_fire_coral_block":1,"minecraft:rabbit_foot":2,"minecraft:tipped_arrow":1,"minecraft:quartz_block":1,"minecraft:hopper":2,"minecraft:red_nether_bricks":1,"minecraft:warped_wart_block":7,"minecraft:iron_ingot":2,"minecraft:oak_fence":3,"minecraft:yellow_terracotta":1,"minecraft:feather":4,"minecraft:golden_apple":3,"minecraft:mushroom_stew":3,"minecraft:cobweb":4,"minecraft:ink_sac":4,"minecraft:wooden_hoe":1,"minecraft:wooden_axe":1,"minecraft:diamond_helmet":1,"minecraft:brown_terracotta":1,"minecraft:potion":1,"minecraft:dead_bush":5,"minecraft:pumpkin":1,"minecraft:mud":32,"minecraft:paper":8,"minecraft:string":2,"minecraft:lily_pad":2,"minecraft:beetroot_soup":1,"minecraft:moss_carpet":2,"minecraft:clay_ball":56,"minecraft:iron_boots":1,"minecraft:glow_lichen":6,"minecraft:shears":1,"minecraft:pumpkin_seeds":3,"minecraft:lightning_rod":2,"minecraft:diamond_sword":1,"minecraft:shroomlight":1,"minecraft:diamond_pickaxe":3,"minecraft:popped_chorus_fruit":5,"minecraft:wooden_shovel":7,"minecraft:spider_eye":4,"minecraft:stone_bricks":5,"minecraft:bamboo":26,"minecraft:sandstone":123,"minecraft:bow":27,"minecraft:dark_prismarine":3,"minecraft:terracotta":1,"minecraft:moss_block":2,"minecraft:candle":6,"minecraft:soul_sand":6,"minecraft:birch_planks":1,"minecraft:diamond_axe":1,"minecraft:warped_fungus":7,"minecraft:jungle_planks":7,"minecraft:raw_gold_block":5,"minecraft:music_disc_11":1,"minecraft:dark_oak_log":1,"minecraft:mutton":1,"minecraft:crimson_roots":2,"minecraft:seagrass":4,"minecraft:blaze_spawn_egg":1,"minecraft:gilded_blackstone":5,"minecraft:birch_log":1,"minecraft:cauldron":1,"minecraft:honeycomb_block":1,"minecraft:gravel":2,"minecraft:spyglass":1,"minecraft:mangrove_roots":7,"minecraft:twisting_vines":4,"minecraft:black_terracotta":2,"minecraft:carrot":29,"minecraft:chiseled_stone_bricks":10,"minecraft:mangrove_log":1,"minecraft:gunpowder":7,"minecraft:ochre_froglight":1,"minecraft:chest":4,"minecraft:chainmail_boots":1,"minecraft:basalt":1,"minecraft:arrow":70,"minecraft:prismarine_bricks":3,"minecraft:quartz":11,"minecraft:written_book":2,"minecraft:netherrack":1,"minecraft:stone_hoe":3,"minecraft:bread":93,"minecraft:oak_slab":3,"minecraft:mossy_cobblestone":3,"minecraft:diamond_leggings":1,"minecraft:poisonous_potato":2,"minecraft:mangrove_propagule":4,"minecraft:amethyst_block":21,"minecraft:blue_dye":1,"minecraft:diorite":2,"minecraft:nether_wart_block":2,"minecraft:melon_slice":2,"minecraft:iron_axe":2,"minecraft:dandelion":3,"minecraft:smooth_basalt":7,"minecraft:brown_dye":3,"minecraft:raw_copper":23,"minecraft:ender_eye":7,"minecraft:flint_and_steel":1,"minecraft:deepslate_bricks":9,"minecraft:filled_map":1,"minecraft:muddy_mangrove_roots":6,"minecraft:mud_bricks":7,"minecraft:diamond_chestplate":1,"minecraft:andesite":2,"minecraft:mossy_stone_bricks":23,"minecraft:oak_sapling":21,"minecraft:diamond_boots":1,"minecraft:slime_ball":13,"minecraft:stone_pickaxe":5,"minecraft:wooden_pickaxe":7,"minecraft:calcite":23}},"DataVersion":3120}