{"stats":{"minecraft:mined":{"minecraft:hay_block":1,"minecraft:white_bed":1,"myceliummire:cagefiungus":1,"minecraft:crafting_table":1,"minecraft:grass_block":2,"minecraft:mycelium":3,"myceliummire:yellowshroom":1},"minecraft:killed":{"myceliummire:puffshroom":2},"minecraft:used":{"myceliummire:blueshroom":3,"myceliummire:cagefiungus":1,"minecraft:bread":3,"minecraft:oak_planks":1,"minecraft:dirt":3,"minecraft:crafting_table":1,"minecraft:golden_axe":7},"minecraft:killed_by":{"gothic:scavenger_young":1},"minecraft:dropped":{"alexsmobs:animal_dictionary":1,"myceliummire:blueshroom":3,"guideapi_vp:vampirism-guidebook":1,"myceliummire:raw_sharp_mushroom":1,"bossominium:the_bossdexium":1},"minecraft:picked_up":{"minecraft:crafting_table":1,"minecraft:white_bed":1,"minecraft:golden_sword":1,"minecraft:dirt":5,"myceliummire:blueshroom":6,"minecraft:arrow":25,"minecraft:bow":2,"minecraft:hay_block":1,"minecraft:crossbow":1,"myceliummire:cagefiungus":1},"minecraft:custom":{"minecraft:time_since_rest":3032,"minecraft:interact_with_furnace":1,"minecraft:sprint_one_cm":36196,"minecraft:damage_taken":280,"minecraft:walk_one_cm":28741,"minecraft:mob_kills":1,"minecraft:drop":7,"minecraft:damage_dealt":248,"minecraft:interact_with_crafting_table":1,"minecraft:fly_one_cm":33761,"minecraft:open_chest":11,"minecraft:crouch_one_cm":1,"minecraft:play_time":11184,"tombstone:undead_killed":1,"minecraft:deaths":1,"minecraft:sneak_time":4,"minecraft:interact_with_brewingstand":1,"minecraft:jump":151,"minecraft:time_since_death":8613,"minecraft:sleep_in_bed":1,"minecraft:total_world_time":11184,"minecraft:fall_one_cm":4826},"minecraft:crafted":{"minecraft:oak_planks":20,"minecraft:crafting_table":1,"minecraft:bread":3,"minecraft:wheat":9}},"DataVersion":3120}