{"stats":{"minecraft:broken":{"minecraft:golden_helmet":2,"minecraft:golden_boots":1,"minecraft:leather_leggings":2,"minecraft:stone_pickaxe":4,"minecraft:wooden_sword":1,"minecraft:stone_axe":10,"minecraft:wooden_axe":9,"minecraft:chainmail_helmet":1,"minecraft:iron_pickaxe":9},"minecraft:killed_by":{"yeti:yeti":10,"endofherobrine:cow":1,"old_goatman:old_goatman":10,"bwrtherain:vapor":3,"midnightlurker:void_hands":1,"minecraft:vindicator":9,"man:managgresive":1,"bwrtherain:rosemary":1,"the_one_who_watches:toww_running":1,"midnightlurker:midnight_lurker_stare":1,"kim_dweller:kim_dweller":4,"minecraft:vex":1,"minecraft:spider":3,"jacky:jacky":15,"minecraft:iron_golem":1,"cartoon_dweller:cartoon_dweller":11,"minecraft:skeleton":1,"mokey:mokey":7},"minecraft:killed":{"minecraft:witch":3,"minecraft:spider":17,"minecraft:skeleton":72,"minecraft:chicken":2,"minecraft:turtle":1,"minecraft:tropical_fish":3,"minecraft:wolf":1,"minecraft:parrot":4,"minecraft:zombie_villager":4,"minecraft:salmon":1,"bwrtherain:spider_skull":13,"minecraft:creeper":87,"minecraft:pillager":7,"minecraft:goat":4,"minecraft:zombie":106,"minecraft:stray":2,"endofherobrine:chicken":1,"minecraft:cow":2,"minecraft:vex":14,"minecraft:vindicator":4,"minecraft:slime":11,"minecraft:horse":1,"minecraft:llama":1,"minecraft:drowned":1,"minecraft:husk":10,"minecraft:wandering_trader":1},"minecraft:custom":{"minecraft:animals_bred":7,"minecraft:interact_with_crafting_table":93,"minecraft:leave_game":8,"minecraft:time_since_death":5282,"minecraft:sprint_one_cm":1643605,"minecraft:drop":182,"minecraft:talked_to_villager":3,"minecraft:play_time":653392,"minecraft:deaths":88,"minecraft:jump":5232,"minecraft:walk_on_water_one_cm":31216,"minecraft:interact_with_furnace":90,"minecraft:sleep_in_bed":1,"minecraft:damage_dealt":28376,"minecraft:player_kills":2,"minecraft:crouch_one_cm":142810,"minecraft:horse_one_cm":20359,"minecraft:mob_kills":412,"minecraft:inspect_hopper":1,"minecraft:damage_dealt_resisted":1826,"minecraft:walk_one_cm":1814751,"minecraft:sneak_time":73968,"minecraft:walk_under_water_one_cm":63326,"minecraft:boat_one_cm":13947,"minecraft:total_world_time":653392,"minecraft:time_since_rest":5308,"minecraft:damage_taken":30132154,"minecraft:swim_one_cm":9928,"minecraft:fly_one_cm":1097669,"minecraft:open_chest":1355,"minecraft:fall_one_cm":83856},"minecraft:dropped":{"minecraft:moss_block":1,"minecraft:birch_planks":1,"minecraft:lapis_lazuli":17,"minecraft:glass_bottle":2,"minecraft:red_sandstone":1,"minecraft:jungle_planks":1,"minecraft:leather_helmet":1,"minecraft:raw_gold_block":5,"minecraft:packed_mud":3,"minecraft:dirt":1,"minecraft:seagrass":4,"minecraft:blaze_spawn_egg":1,"minecraft:wooden_sword":4,"minecraft:iron_pickaxe":6,"minecraft:dark_oak_planks":1,"minecraft:birch_log":1,"minecraft:white_wool":5,"minecraft:stone_axe":1,"minecraft:spyglass":1,"minecraft:mangrove_roots":7,"minecraft:cobbled_deepslate":11,"minecraft:rotten_flesh":7,"minecraft:oak_planks":5,"minecraft:dead_fire_coral_block":1,"minecraft:carrot":1,"minecraft:rabbit_foot":2,"minecraft:tipped_arrow":1,"minecraft:hopper":2,"minecraft:chest":1,"minecraft:chainmail_boots":1,"minecraft:prismarine_bricks":2,"minecraft:written_book":2,"minecraft:stone_hoe":2,"minecraft:iron_ingot":2,"minecraft:bread":39,"minecraft:oak_slab":1,"minecraft:mossy_cobblestone":2,"minecraft:mangrove_propagule":2,"minecraft:oak_fence":3,"minecraft:yellow_terracotta":1,"minecraft:feather":4,"minecraft:amethyst_block":8,"minecraft:golden_apple":3,"minecraft:mushroom_stew":3,"minecraft:diorite":2,"minecraft:wooden_hoe":1,"minecraft:wooden_axe":1,"minecraft:melon_slice":2,"minecraft:potion":1,"minecraft:dead_bush":3,"minecraft:pumpkin":1,"minecraft:iron_axe":1,"minecraft:mud":28,"minecraft:lily_pad":2,"minecraft:smooth_basalt":7,"minecraft:moss_carpet":2,"minecraft:raw_copper":23,"minecraft:clay_ball":32,"minecraft:shears":1,"minecraft:pumpkin_seeds":1,"minecraft:muddy_mangrove_roots":6,"minecraft:mud_bricks":7,"minecraft:andesite":2,"minecraft:oak_sapling":21,"minecraft:wooden_shovel":7,"minecraft:spider_eye":1,"minecraft:bamboo":25,"minecraft:slime_ball":8,"minecraft:sandstone":123,"minecraft:bow":2,"minecraft:stone_pickaxe":5,"minecraft:wooden_pickaxe":7,"minecraft:calcite":10,"minecraft:dark_prismarine":2},"minecraft:crafted":{"minecraft:oak_planks":2772,"minecraft:bow":2,"minecraft:stone_hoe":1,"minecraft:oak_fence":18,"minecraft:oak_slab":120,"minecraft:crafting_table":3,"minecraft:spruce_planks":96,"minecraft:birch_planks":204,"minecraft:pumpkin_seeds":4,"minecraft:stick":148,"minecraft:iron_ingot":110,"minecraft:iron_pickaxe":13,"minecraft:stone_sword":1,"minecraft:gold_ingot":32,"minecraft:wooden_sword":1,"minecraft:raw_iron":18,"minecraft:stone_shovel":1,"minecraft:dark_oak_trapdoor":8,"minecraft:bone_meal":36,"minecraft:oak_trapdoor":28,"minecraft:iron_axe":1,"minecraft:stone_pickaxe":4,"minecraft:dark_oak_planks":28,"minecraft:wheat":126,"minecraft:bowl":12,"minecraft:mangrove_planks":20,"minecraft:stone_axe":10,"minecraft:bread":42,"minecraft:air":0,"minecraft:jungle_planks":20,"minecraft:white_wool":5,"minecraft:raw_gold":45,"minecraft:wooden_axe":8,"minecraft:birch_trapdoor":30,"minecraft:white_bed":2,"minecraft:diorite_slab":6,"minecraft:torch":52,"minecraft:clay":1},"minecraft:mined":{"minecraft:oak_sapling":6,"minecraft:white_bed":1,"minecraft:farmland":1,"minecraft:granite":123,"minecraft:budding_amethyst":26,"minecraft:acacia_log":19,"minecraft:grass_block":215,"minecraft:dead_tube_coral_block":1,"minecraft:jungle_log":17,"minecraft:white_concrete":48,"minecraft:deepslate_bricks":1,"minecraft:mud_bricks":14,"minecraft:bubble_coral_block":8,"minecraft:tube_coral_block":9,"minecraft:raw_iron_block":3,"minecraft:iron_ore":99,"minecraft:cobbled_deepslate":117,"minecraft:pumpkin":5,"minecraft:deepslate_lapis_ore":34,"minecraft:oak_sign":2,"minecraft:brain_coral_block":16,"minecraft:deepslate_redstone_ore":10,"minecraft:gray_terracotta":8,"minecraft:cyan_terracotta":15,"minecraft:dead_bubble_coral_block":1,"minecraft:melon_stem":2,"minecraft:orange_terracotta":24,"minecraft:powder_snow":14,"minecraft:clay":87,"minecraft:torch":11,"minecraft:light_gray_terracotta":5,"minecraft:calcite":134,"minecraft:melon":3,"minecraft:chest":78,"minecraft:cobblestone":97,"minecraft:oak_planks":70,"minecraft:prismarine":112,"minecraft:wall_torch":3,"minecraft:amethyst_block":144,"minecraft:deepslate_copper_ore":64,"minecraft:white_terracotta":27,"minecraft:blue_terracotta":15,"minecraft:mud":52,"minecraft:birch_log":37,"minecraft:wheat":73,"minecraft:birch_trapdoor":2,"minecraft:blue_ice":14,"minecraft:oak_log":721,"minecraft:lime_terracotta":17,"minecraft:dirt":67,"minecraft:mangrove_log":18,"minecraft:smooth_basalt":56,"minecraft:raw_copper_block":3,"minecraft:oak_leaves":199,"minecraft:horn_coral_block":11,"minecraft:deepslate":128,"minecraft:yellow_terracotta":19,"minecraft:attached_pumpkin_stem":2,"minecraft:dark_prismarine":71,"minecraft:diamond_ore":13,"minecraft:tuff":65,"minecraft:mossy_cobblestone":82,"minecraft:deepslate_diamond_ore":19,"minecraft:candle":2,"minecraft:dark_oak_log":16,"minecraft:mangrove_roots":13,"minecraft:sea_lantern":39,"minecraft:cobbled_deepslate_slab":2,"minecraft:moss_block":100,"minecraft:rooted_dirt":13,"minecraft:sandstone":161,"minecraft:hay_block":14,"minecraft:redstone_ore":24,"minecraft:oak_trapdoor":5,"minecraft:packed_mud":6,"minecraft:spruce_sapling":2,"minecraft:furnace":1,"minecraft:carrots":31,"minecraft:raw_gold_block":5,"minecraft:red_sandstone":94,"minecraft:andesite":88,"minecraft:green_terracotta":9,"minecraft:stripped_spruce_log":1,"minecraft:dead_horn_coral_block":2,"minecraft:deepslate_iron_ore":49,"minecraft:stripped_oak_log":5,"minecraft:packed_ice":27,"minecraft:bamboo":2,"minecraft:stone":273,"minecraft:fire_coral_block":12,"minecraft:podzol":25,"minecraft:oak_slab":23,"minecraft:snow_block":64,"minecraft:oak_fence":9,"minecraft:crafting_table":6,"minecraft:emerald_ore":27,"minecraft:sponge":16,"minecraft:copper_ore":133,"minecraft:deepslate_coal_ore":33,"minecraft:dried_kelp_block":12,"minecraft:lapis_ore":26,"minecraft:deepslate_gold_ore":31,"minecraft:diorite":91,"minecraft:prismarine_bricks":90,"minecraft:dead_fire_coral_block":1,"minecraft:birch_planks":3,"minecraft:red_terracotta":13,"minecraft:spruce_log":19,"minecraft:muddy_mangrove_roots":14,"minecraft:dead_brain_coral_block":1,"minecraft:coal_ore":60,"minecraft:dripstone_block":69,"minecraft:brown_terracotta":16,"minecraft:cobweb":2,"minecraft:terracotta":39,"minecraft:small_dripleaf":1,"minecraft:gold_ore":44,"minecraft:deepslate_emerald_ore":7},"minecraft:used":{"minecraft:writable_book":7,"minecraft:oak_sign":2,"minecraft:chest":22,"minecraft:jungle_planks":4,"minecraft:carrot":30,"minecraft:axolotl_bucket":1,"minecraft:snowball":6,"minecraft:milk_bucket":2,"minecraft:golden_sword":4,"minecraft:birch_trapdoor":31,"minecraft:bow":34,"minecraft:written_book":1,"minecraft:oak_sapling":125,"minecraft:egg":22,"minecraft:diorite":21,"minecraft:stone_pickaxe":638,"minecraft:oak_planks":1482,"minecraft:wooden_pickaxe":30,"minecraft:fox_spawn_egg":1,"minecraft:dark_oak_trapdoor":8,"minecraft:mushroom_stew":159,"minecraft:ochre_froglight":2,"minecraft:mule_spawn_egg":1,"minecraft:pumpkin_seeds":5,"minecraft:red_sandstone":11,"minecraft:melon_slice":2,"minecraft:bread":3,"minecraft:golden_helmet":1,"minecraft:wooden_sword":58,"minecraft:andesite":5,"minecraft:oak_boat":2,"minecraft:bone_meal":9,"minecraft:oak_fence":21,"minecraft:diorite_slab":6,"minecraft:experience_bottle":2,"minecraft:oak_trapdoor":31,"minecraft:stone_sword":49,"minecraft:stone_shovel":105,"minecraft:wooden_shovel":62,"minecraft:stone_hoe":9,"minecraft:torch":73,"minecraft:dirt":63,"minecraft:spyglass":1,"minecraft:prismarine_bricks":1,"minecraft:cod_bucket":1,"minecraft:salmon_bucket":1,"minecraft:granite":64,"minecraft:dark_oak_planks":1,"minecraft:wooden_axe":434,"minecraft:iron_axe":175,"minecraft:jungle_log":1,"minecraft:smooth_basalt":3,"minecraft:bamboo":2,"minecraft:tadpole_bucket":5,"minecraft:orange_terracotta":1,"minecraft:cobbled_deepslate":9,"minecraft:turtle_egg":1,"minecraft:powder_snow_bucket":1,"minecraft:calcite":1,"minecraft:wheat_seeds":77,"minecraft:water_bucket":80,"minecraft:amethyst_block":10,"minecraft:birch_planks":51,"minecraft:lead":1,"minecraft:lime_terracotta":1,"minecraft:oak_slab":208,"minecraft:crafting_table":7,"minecraft:white_bed":4,"minecraft:wooden_hoe":36,"minecraft:mud":2,"minecraft:apple":8,"minecraft:iron_pickaxe":2955,"minecraft:spruce_sapling":4,"minecraft:stone_axe":1090,"minecraft:cobblestone":228,"minecraft:potion":1,"minecraft:bucket":86,"minecraft:candle":4},"minecraft:picked_up":{"minecraft:wheat":104,"minecraft:chainmail_boots":2,"minecraft:lead":13,"minecraft:potion":2,"minecraft:amethyst_block":231,"minecraft:string":40,"minecraft:dead_tube_coral_block":14,"minecraft:raw_copper":865,"minecraft:oak_sign":2,"minecraft:cobbled_deepslate":380,"minecraft:bucket":3,"minecraft:written_book":5,"minecraft:calcite":185,"minecraft:azalea":1,"minecraft:wooden_shovel":14,"minecraft:iron_pickaxe":5,"minecraft:melon_slice":14,"minecraft:mangrove_log":18,"minecraft:tipped_arrow":4,"minecraft:golden_helmet":1,"minecraft:stick":203,"minecraft:music_disc_blocks":1,"minecraft:birch_trapdoor":1,"minecraft:brown_terracotta":28,"minecraft:oak_fence":20,"minecraft:torch":38,"minecraft:acacia_log":17,"minecraft:pointed_dripstone":9,"minecraft:diorite":131,"minecraft:green_terracotta":14,"minecraft:rabbit_foot":3,"minecraft:cactus":31,"minecraft:rotten_flesh":54,"minecraft:tropical_fish":13,"minecraft:red_tulip":5,"minecraft:cyan_terracotta":15,"minecraft:mangrove_roots":13,"minecraft:white_terracotta":37,"minecraft:music_disc_wait":2,"minecraft:cod":3,"minecraft:snowball":356,"minecraft:cobblestone":406,"minecraft:sponge":21,"minecraft:birch_log":48,"minecraft:muddy_mangrove_roots":14,"minecraft:feather":44,"minecraft:cooked_beef":3,"minecraft:water_bucket":6,"minecraft:andesite":127,"minecraft:jungle_log":19,"minecraft:tuff":135,"minecraft:prismarine_bricks":105,"minecraft:lapis_lazuli":456,"minecraft:dirt":435,"minecraft:leather_boots":2,"minecraft:bone":51,"minecraft:bow":8,"minecraft:gray_terracotta":8,"minecraft:wheat_seeds":295,"minecraft:small_dripleaf":7,"minecraft:raw_gold":101,"minecraft:cobbled_deepslate_slab":2,"minecraft:light_blue_dye":7,"minecraft:rabbit":2,"minecraft:bamboo":25,"minecraft:moss_block":108,"minecraft:prismarine":115,"minecraft:stone_hoe":1,"minecraft:oak_planks":279,"minecraft:glow_lichen":5,"minecraft:lime_terracotta":17,"minecraft:oak_pressure_plate":1,"minecraft:jungle_planks":1,"minecraft:stripped_spruce_log":1,"minecraft:dead_bush":15,"minecraft:dark_oak_log":15,"minecraft:red_terracotta":25,"minecraft:mossy_cobblestone":93,"minecraft:dark_prismarine":73,"minecraft:light_gray_terracotta":13,"minecraft:blue_terracotta":23,"minecraft:diamond":42,"minecraft:dead_brain_coral_block":17,"minecraft:granite":226,"minecraft:bone_meal":75,"minecraft:golden_apple":9,"minecraft:white_concrete":90,"minecraft:emerald":36,"minecraft:chainmail_helmet":1,"minecraft:cyan_dye":2,"minecraft:rooted_dirt":85,"minecraft:oak_sapling":261,"minecraft:crafting_table":6,"minecraft:mud":52,"minecraft:chicken":14,"minecraft:clay_ball":452,"minecraft:leather_leggings":2,"minecraft:wooden_pickaxe":10,"minecraft:dead_horn_coral_block":13,"minecraft:oak_trapdoor":4,"minecraft:wooden_sword":4,"minecraft:white_carpet":2,"minecraft:candle":6,"minecraft:music_disc_otherside":1,"minecraft:beef":6,"minecraft:oak_boat":1,"minecraft:sugar_cane":1,"minecraft:chest":81,"minecraft:raw_copper_block":3,"minecraft:egg":22,"minecraft:dark_oak_sapling":2,"minecraft:raw_iron":146,"minecraft:sandstone":440,"minecraft:raw_gold_block":10,"minecraft:bowl":8,"minecraft:music_disc_11":1,"minecraft:carrot":105,"minecraft:redstone":218,"minecraft:prismarine_crystals":92,"minecraft:dark_oak_planks":1,"minecraft:arrow":44,"minecraft:shears":2,"minecraft:deepslate_bricks":1,"minecraft:hay_block":28,"minecraft:yellow_terracotta":29,"minecraft:glow_berries":21,"minecraft:mutton":5,"minecraft:white_wool":16,"minecraft:stripped_oak_log":5,"minecraft:mud_bricks":14,"minecraft:glow_ink_sac":3,"minecraft:salmon":2,"minecraft:leather":4,"minecraft:music_disc_stal":1,"minecraft:red_mushroom":17,"minecraft:birch_planks":4,"minecraft:ice":2,"minecraft:mushroom_stew":4,"minecraft:packed_mud":6,"minecraft:oak_log":706,"minecraft:golden_boots":1,"minecraft:gunpowder":12,"minecraft:wooden_hoe":1,"minecraft:paper":4,"man:cassette_1safetyinstructions":2,"minecraft:orange_terracotta":35,"minecraft:apple":44,"minecraft:red_sandstone":164,"minecraft:rabbit_hide":11,"minecraft:spore_blossom":6,"minecraft:iron_ingot":2,"minecraft:stone_pickaxe":6,"minecraft:cobweb":2,"minecraft:glass_bottle":1,"minecraft:acacia_sapling":3,"minecraft:book":4,"minecraft:oak_slab":89,"minecraft:smooth_basalt":73,"minecraft:pumpkin":8,"minecraft:budding_amethyst":4,"minecraft:dripstone_block":70,"minecraft:dandelion":9,"minecraft:spyglass":2,"minecraft:raw_iron_block":3,"minecraft:dead_fire_coral_block":23,"minecraft:amethyst_shard":6,"minecraft:spruce_sapling":8,"minecraft:white_bed":2,"minecraft:spruce_log":27,"minecraft:spider_eye":12,"minecraft:leather_helmet":1,"minecraft:pumpkin_seeds":2,"minecraft:dried_kelp_block":25,"minecraft:slime_ball":22,"minecraft:stone_axe":3,"minecraft:dead_bubble_coral_block":9,"minecraft:terracotta":50,"minecraft:mangrove_propagule":2,"minecraft:coal":125,"minecraft:pink_dye":13,"minecraft:hopper":3}},"DataVersion":3120}