{"stats":{"minecraft:dropped":{"minecraft:sugar_cane":1,"minecraft:wheat_seeds":4,"minecraft:cooked_beef":3,"minecraft:leather_chestplate":1,"minecraft:ink_sac":4,"minecraft:leather_boots":1,"minecraft:wooden_pickaxe":1,"minecraft:stone_pickaxe":2,"minecraft:string":2,"minecraft:dandelion":1},"minecraft:picked_up":{"minecraft:birch_log":4,"minecraft:crafting_table":4,"minecraft:wheat":2,"minecraft:leather_chestplate":1,"minecraft:cooked_beef":3,"minecraft:leather":17,"minecraft:smithing_table":1,"minecraft:potato":1,"minecraft:birch_planks":4,"minecraft:oak_log":100,"minecraft:yellow_bed":8,"minecraft:lapis_lazuli":22,"minecraft:dirt":12,"minecraft:string":2,"minecraft:raw_copper":9,"minecraft:bone":2,"minecraft:raw_gold":14,"minecraft:wheat_seeds":8,"minecraft:cobbled_deepslate":12,"minecraft:bell":1,"minecraft:stone_pickaxe":1,"minecraft:iron_ingot":5,"minecraft:beef":56,"minecraft:poppy":1,"minecraft:lectern":4,"minecraft:sugar_cane":1,"minecraft:oak_planks":8,"minecraft:egg":3,"minecraft:furnace":3,"minecraft:book":24,"minecraft:raw_iron":21,"minecraft:stick":2,"minecraft:torch":1,"minecraft:dandelion":2,"minecraft:porkchop":7,"minecraft:ink_sac":4,"minecraft:white_bed":14,"minecraft:carrot":2,"minecraft:redstone":50,"minecraft:arrow":2,"minecraft:rotten_flesh":1,"minecraft:diamond":6,"minecraft:iron_helmet":1,"minecraft:hay_block":49,"minecraft:emerald":3,"minecraft:mutton":8,"minecraft:coal":87,"minecraft:white_wool":6,"minecraft:cobblestone":37},"minecraft:killed":{"minecraft:pig":3,"minecraft:spider":1,"minecraft:iron_golem":1,"minecraft:sheep":6,"minecraft:skeleton":1,"minecraft:zombie":2,"minecraft:villager":1,"minecraft:cow":15},"minecraft:broken":{"minecraft:stone_axe":2},"minecraft:used":{"minecraft:wheat_seeds":4,"minecraft:leather_leggings":1,"minecraft:birch_planks":7,"minecraft:stone_pickaxe":49,"minecraft:oak_planks":300,"minecraft:poppy":1,"minecraft:wooden_pickaxe":7,"minecraft:bell":1,"minecraft:leather_boots":1,"minecraft:iron_chestplate":1,"minecraft:torch":13,"minecraft:dirt":12,"minecraft:crafting_table":5,"minecraft:carrot":2,"minecraft:white_bed":16,"minecraft:iron_axe":6,"minecraft:oak_button":50,"minecraft:iron_pickaxe":109,"minecraft:lectern":3,"minecraft:iron_helmet":1,"minecraft:iron_boots":1,"minecraft:stone_axe":212,"minecraft:cobblestone":17,"minecraft:smithing_table":1,"minecraft:furnace":4,"minecraft:egg":3,"minecraft:yellow_bed":8,"minecraft:cooked_beef":20,"minecraft:cobbled_deepslate":7,"minecraft:dandelion":1},"minecraft:custom":{"minecraft:interact_with_furnace":25,"minecraft:mob_kills":30,"minecraft:traded_with_villager":1,"minecraft:interact_with_crafting_table":18,"minecraft:bell_ring":25,"minecraft:leave_game":1,"minecraft:time_since_death":86449,"minecraft:sleep_in_bed":8,"minecraft:climb_one_cm":1146,"minecraft:time_since_rest":22372,"minecraft:sprint_one_cm":538780,"minecraft:damage_taken":759,"minecraft:walk_one_cm":184441,"minecraft:drop":20,"minecraft:damage_dealt":4245,"minecraft:swim_one_cm":7446,"minecraft:talked_to_villager":5,"minecraft:fly_one_cm":555946,"minecraft:open_chest":7,"minecraft:crouch_one_cm":5628,"minecraft:play_time":86449,"minecraft:sneak_time":1315,"minecraft:walk_under_water_one_cm":720,"minecraft:jump":2230,"minecraft:walk_on_water_one_cm":6542,"minecraft:total_world_time":86449,"minecraft:fall_one_cm":68071,"minecraft:horse_one_cm":1464},"minecraft:crafted":{"minecraft:cooked_beef":32,"minecraft:oak_planks":400,"minecraft:leather_leggings":1,"minecraft:crafting_table":1,"minecraft:wooden_pickaxe":1,"minecraft:furnace":1,"minecraft:birch_planks":16,"minecraft:stone_axe":2,"minecraft:air":0,"minecraft:iron_chestplate":1,"minecraft:iron_boots":1,"minecraft:shield":1,"minecraft:iron_axe":1,"minecraft:stick":16,"minecraft:iron_ingot":14,"minecraft:iron_pickaxe":1,"minecraft:stone_pickaxe":1,"minecraft:oak_button":50,"minecraft:white_bed":2,"minecraft:torch":24},"minecraft:mined":{"minecraft:smithing_table":1,"minecraft:deepslate_redstone_ore":11,"minecraft:white_bed":16,"minecraft:deepslate_diamond_ore":6,"minecraft:crafting_table":4,"minecraft:short_grass":13,"minecraft:emerald_ore":3,"minecraft:grass_block":2,"minecraft:lectern":4,"minecraft:tall_grass":1,"minecraft:copper_ore":1,"minecraft:cobblestone":5,"minecraft:deepslate_gold_ore":14,"minecraft:oak_planks":8,"minecraft:deepslate_copper_ore":1,"minecraft:hay_block":49,"minecraft:birch_planks":4,"minecraft:furnace":3,"minecraft:carrots":1,"minecraft:birch_log":4,"minecraft:iron_ore":9,"minecraft:wheat":3,"minecraft:deepslate_lapis_ore":4,"minecraft:yellow_bed":8,"minecraft:bell":1,"minecraft:bookshelf":8,"minecraft:oak_log":105,"minecraft:coal_ore":53,"minecraft:deepslate_iron_ore":12,"minecraft:dirt_path":1,"minecraft:dirt":11,"minecraft:stone":30,"minecraft:deepslate":12,"minecraft:oak_leaves":2}},"DataVersion":3953}