{"stats":{"minecraft:mined":{"minecraft:tuff":4,"minecraft:oak_sapling":5,"minecraft:dark_oak_log":3,"minecraft:granite":51,"minecraft:budding_amethyst":1,"minecraft:grass_block":168,"minecraft:raw_iron_block":1,"minecraft:spruce_sapling":2,"minecraft:furnace":1,"minecraft:carrots":1,"minecraft:raw_gold_block":5,"minecraft:iron_ore":37,"minecraft:andesite":44,"minecraft:stripped_spruce_log":1,"minecraft:pumpkin":2,"minecraft:packed_ice":23,"minecraft:stone":151,"minecraft:podzol":22,"minecraft:gray_terracotta":8,"minecraft:melon_stem":2,"minecraft:snow_block":64,"minecraft:powder_snow":14,"minecraft:oak_fence":8,"minecraft:clay":21,"minecraft:torch":1,"minecraft:calcite":39,"minecraft:melon":1,"minecraft:chest":14,"minecraft:copper_ore":49,"minecraft:cobblestone":22,"minecraft:deepslate_coal_ore":1,"minecraft:oak_planks":18,"minecraft:diorite":37,"minecraft:amethyst_block":38,"minecraft:white_terracotta":13,"minecraft:birch_planks":1,"minecraft:blue_terracotta":3,"minecraft:birch_log":26,"minecraft:wheat":4,"minecraft:blue_ice":14,"minecraft:spruce_log":14,"minecraft:oak_log":288,"minecraft:coal_ore":8,"minecraft:dripstone_block":6,"minecraft:dirt":17,"minecraft:smooth_basalt":31,"minecraft:terracotta":16,"minecraft:raw_copper_block":3,"minecraft:gold_ore":11,"minecraft:oak_leaves":44},"minecraft:killed_by":{"jacky:jacky":4,"old_goatman:old_goatman":1,"cartoon_dweller:cartoon_dweller":1,"bwrtherain:vapor":2,"mokey:mokey":3,"midnightlurker:midnight_lurker_stare":1,"kim_dweller:kim_dweller":1},"minecraft:killed":{"minecraft:spider":3,"minecraft:skeleton":2,"bwrtherain:spider_skull":1,"minecraft:creeper":2,"minecraft:goat":4,"minecraft:zombie":5,"minecraft:stray":2,"endofherobrine:chicken":1},"minecraft:used":{"minecraft:oak_fence":21,"minecraft:stone_shovel":105,"minecraft:chest":2,"minecraft:wooden_shovel":62,"minecraft:torch":10,"minecraft:dirt":50,"minecraft:spyglass":1,"minecraft:carrot":2,"minecraft:snowball":5,"minecraft:granite":63,"minecraft:wooden_axe":240,"minecraft:written_book":1,"minecraft:oak_sapling":55,"minecraft:egg":2,"minecraft:powder_snow_bucket":1,"minecraft:wheat_seeds":8,"minecraft:water_bucket":16,"minecraft:birch_planks":48,"minecraft:stone_pickaxe":413,"minecraft:oak_planks":717,"minecraft:wooden_pickaxe":30,"minecraft:crafting_table":1,"minecraft:mushroom_stew":39,"minecraft:pumpkin_seeds":5,"minecraft:wooden_hoe":36,"minecraft:apple":2,"minecraft:iron_pickaxe":250,"minecraft:golden_helmet":1,"minecraft:stone_axe":226,"minecraft:cobblestone":224,"minecraft:andesite":2,"minecraft:bucket":17},"minecraft:crafted":{"minecraft:oak_planks":824,"minecraft:raw_iron":9,"minecraft:stone_shovel":1,"minecraft:stone_pickaxe":3,"minecraft:stone_hoe":1,"minecraft:oak_fence":18,"minecraft:crafting_table":1,"minecraft:spruce_planks":92,"minecraft:birch_planks":92,"minecraft:pumpkin_seeds":4,"minecraft:stone_axe":2,"minecraft:air":0,"minecraft:raw_gold":45,"minecraft:stick":52,"minecraft:iron_pickaxe":1,"minecraft:iron_ingot":3,"minecraft:wooden_axe":5},"minecraft:picked_up":{"minecraft:chicken":1,"minecraft:clay_ball":128,"minecraft:wooden_pickaxe":10,"minecraft:amethyst_block":37,"minecraft:string":6,"minecraft:raw_copper":165,"minecraft:wooden_sword":4,"minecraft:written_book":1,"minecraft:calcite":39,"minecraft:azalea":1,"minecraft:wooden_shovel":13,"minecraft:melon_slice":7,"minecraft:chest":14,"minecraft:raw_copper_block":3,"minecraft:egg":3,"minecraft:golden_helmet":1,"minecraft:tipped_arrow":1,"minecraft:stick":75,"minecraft:raw_iron":36,"minecraft:raw_gold_block":10,"minecraft:oak_fence":14,"minecraft:torch":13,"minecraft:bowl":1,"minecraft:diorite":52,"minecraft:carrot":1,"minecraft:arrow":2,"minecraft:rotten_flesh":7,"minecraft:white_terracotta":13,"minecraft:mutton":2,"minecraft:snowball":259,"minecraft:white_wool":1,"minecraft:cobblestone":167,"minecraft:birch_log":35,"minecraft:feather":6,"minecraft:andesite":41,"minecraft:birch_planks":2,"minecraft:mushroom_stew":4,"minecraft:tuff":4,"minecraft:oak_log":273,"minecraft:wooden_hoe":1,"minecraft:dirt":195,"minecraft:apple":18,"minecraft:gray_terracotta":8,"minecraft:wheat_seeds":4,"minecraft:raw_gold":10,"minecraft:rabbit_hide":1,"minecraft:stone_pickaxe":4,"minecraft:rabbit":1,"minecraft:oak_planks":15,"minecraft:stone_hoe":1,"minecraft:smooth_basalt":33,"minecraft:pumpkin":2,"minecraft:spyglass":1,"minecraft:raw_iron_block":1,"minecraft:dripstone_block":8,"minecraft:stripped_spruce_log":1,"minecraft:spruce_sapling":2,"minecraft:spruce_log":22,"minecraft:dark_oak_log":3,"minecraft:spider_eye":2,"minecraft:blue_terracotta":3,"minecraft:diamond":1,"minecraft:granite":67,"minecraft:terracotta":16,"minecraft:oak_sapling":90,"minecraft:coal":9},"minecraft:custom":{"minecraft:mob_kills":20,"minecraft:interact_with_crafting_table":29,"minecraft:damage_dealt_resisted":154,"minecraft:leave_game":6,"minecraft:time_since_death":935,"minecraft:sprint_one_cm":568248,"minecraft:walk_one_cm":688570,"minecraft:drop":31,"minecraft:play_time":229891,"minecraft:deaths":17,"minecraft:sneak_time":44410,"minecraft:walk_under_water_one_cm":16705,"minecraft:jump":1627,"minecraft:walk_on_water_one_cm":6863,"minecraft:total_world_time":229891,"minecraft:interact_with_furnace":4,"minecraft:time_since_rest":961,"minecraft:damage_taken":20005835,"minecraft:damage_dealt":3300,"minecraft:swim_one_cm":845,"minecraft:fly_one_cm":356514,"minecraft:open_chest":363,"minecraft:crouch_one_cm":79298,"minecraft:fall_one_cm":19602},"minecraft:broken":{"minecraft:golden_helmet":1,"minecraft:stone_pickaxe":2,"minecraft:stone_axe":1,"minecraft:iron_pickaxe":1,"minecraft:wooden_axe":5},"minecraft:dropped":{"minecraft:stone_hoe":2,"minecraft:oak_fence":2,"minecraft:raw_gold_block":5,"minecraft:wooden_hoe":1,"minecraft:wooden_sword":4,"minecraft:stone_axe":1,"minecraft:spyglass":1,"minecraft:rabbit_foot":1,"minecraft:wooden_shovel":7,"minecraft:wooden_pickaxe":7,"minecraft:stone_pickaxe":4}},"DataVersion":3120}