{"stats":{"minecraft:broken":{"minecraft:iron_shovel":1,"minecraft:stone_axe":2,"minecraft:iron_pickaxe":1},"minecraft:picked_up":{"minecraft:crafting_table":8,"minecraft:wheat":8,"minecraft:smithing_table":1,"minecraft:amethyst_block":2,"minecraft:cornflower":2,"minecraft:string":3,"minecraft:raw_copper":15,"minecraft:cobbled_deepslate":41,"minecraft:beef":56,"minecraft:calcite":1,"minecraft:light_gray_wool":1,"minecraft:poppy":1,"minecraft:lectern":5,"minecraft:sugar_cane":1,"minecraft:egg":4,"minecraft:furnace":5,"minecraft:stick":2,"minecraft:raw_iron":63,"minecraft:composter":1,"minecraft:torch":3,"minecraft:porkchop":7,"minecraft:carrot":16,"minecraft:redstone":70,"minecraft:rotten_flesh":9,"minecraft:arrow":3,"minecraft:hay_block":49,"minecraft:mutton":17,"minecraft:white_wool":10,"minecraft:cobblestone":91,"minecraft:birch_log":4,"minecraft:leather_chestplate":1,"minecraft:cooked_beef":3,"minecraft:andesite":3,"minecraft:brown_wool":1,"minecraft:leather":17,"minecraft:potato":4,"minecraft:birch_planks":4,"minecraft:tuff":4,"minecraft:oak_log":100,"minecraft:yellow_bed":8,"minecraft:gunpowder":2,"minecraft:lapis_lazuli":49,"minecraft:dirt":396,"minecraft:bone":2,"minecraft:wheat_seeds":36,"minecraft:raw_gold":27,"minecraft:stone_pickaxe":1,"minecraft:bell":1,"minecraft:iron_ingot":5,"minecraft:oak_planks":12,"minecraft:book":24,"minecraft:smooth_basalt":2,"minecraft:dandelion":2,"minecraft:spyglass":1,"minecraft:ink_sac":4,"minecraft:white_bed":14,"minecraft:spider_eye":1,"minecraft:diamond":20,"minecraft:iron_helmet":1,"minecraft:emerald":3,"minecraft:black_wool":1,"minecraft:coal":116},"minecraft:killed":{"minecraft:spider":3,"minecraft:skeleton":8,"minecraft:pig":3,"minecraft:iron_golem":1,"minecraft:creeper":3,"minecraft:sheep":13,"minecraft:zombie":16,"minecraft:villager":2,"minecraft:cow":15},"minecraft:mined":{"minecraft:tuff":4,"minecraft:white_bed":16,"minecraft:deepslate_diamond_ore":21,"minecraft:grass_block":231,"minecraft:composter":1,"minecraft:hay_block":49,"minecraft:furnace":5,"minecraft:carrots":5,"minecraft:iron_ore":23,"minecraft:cobbled_deepslate":2,"minecraft:andesite":3,"minecraft:deepslate_lapis_ore":7,"minecraft:bell":1,"minecraft:bookshelf":8,"minecraft:potatoes":1,"minecraft:deepslate_iron_ore":41,"minecraft:dirt_path":1,"minecraft:small_amethyst_bud":1,"minecraft:stone":84,"minecraft:smithing_table":1,"minecraft:deepslate_redstone_ore":15,"minecraft:crafting_table":8,"minecraft:cornflower":2,"minecraft:short_grass":76,"minecraft:emerald_ore":3,"minecraft:calcite":1,"minecraft:lectern":5,"minecraft:tall_grass":10,"minecraft:copper_ore":3,"minecraft:cobblestone":5,"minecraft:deepslate_gold_ore":26,"minecraft:oak_planks":12,"minecraft:amethyst_block":2,"minecraft:deepslate_copper_ore":1,"minecraft:birch_planks":4,"minecraft:birch_log":4,"minecraft:wheat":9,"minecraft:yellow_bed":8,"minecraft:oak_log":105,"minecraft:coal_ore":53,"minecraft:dirt":168,"minecraft:smooth_basalt":1,"minecraft:gold_ore":2,"minecraft:oak_leaves":2,"minecraft:deepslate":35},"minecraft:custom":{"minecraft:mob_kills":65,"minecraft:interact_with_crafting_table":30,"minecraft:bell_ring":36,"minecraft:leave_game":3,"minecraft:time_since_death":152091,"minecraft:climb_one_cm":1146,"minecraft:sprint_one_cm":841340,"minecraft:walk_one_cm":368014,"minecraft:damage_blocked_by_shield":333,"minecraft:drop":41,"minecraft:talked_to_villager":6,"minecraft:play_time":152091,"minecraft:sneak_time":1792,"minecraft:walk_under_water_one_cm":5811,"minecraft:jump":3990,"minecraft:walk_on_water_one_cm":12825,"minecraft:total_world_time":152091,"minecraft:interact_with_furnace":42,"minecraft:traded_with_villager":1,"minecraft:sleep_in_bed":11,"minecraft:time_since_rest":916,"minecraft:damage_taken":1792,"minecraft:damage_dealt":10629,"minecraft:swim_one_cm":13419,"minecraft:fly_one_cm":944703,"minecraft:open_chest":22,"minecraft:crouch_one_cm":6901,"minecraft:fall_one_cm":116136,"minecraft:horse_one_cm":1479},"minecraft:crafted":{"minecraft:oak_planks":400,"minecraft:leather_leggings":1,"minecraft:furnace":2,"minecraft:cooked_mutton":8,"minecraft:iron_boots":1,"minecraft:iron_axe":1,"minecraft:iron_hoe":1,"minecraft:stone_pickaxe":1,"minecraft:chest":2,"minecraft:oak_button":50,"minecraft:cooked_beef":32,"minecraft:crafting_table":1,"minecraft:wooden_pickaxe":1,"travelersbackpack:blue_sleeping_bag":1,"minecraft:bucket":1,"minecraft:birch_planks":16,"minecraft:stone_axe":2,"minecraft:air":0,"minecraft:blue_dye":2,"minecraft:iron_chestplate":1,"minecraft:shield":1,"minecraft:stick":32,"minecraft:iron_ingot":63,"minecraft:iron_pickaxe":2,"minecraft:blue_wool":2,"minecraft:iron_leggings":1,"minecraft:iron_shovel":2,"minecraft:gold_ingot":27,"minecraft:white_bed":2,"minecraft:torch":56},"minecraft:used":{"minecraft:iron_shovel":412,"minecraft:poppy":1,"minecraft:chest":2,"minecraft:shield":9,"minecraft:bell":1,"minecraft:iron_chestplate":1,"minecraft:torch":41,"minecraft:dirt":13,"minecraft:spyglass":1,"minecraft:carrot":16,"minecraft:tuff":3,"minecraft:iron_hoe":131,"minecraft:iron_axe":108,"minecraft:iron_helmet":1,"minecraft:iron_boots":1,"minecraft:furnace":7,"minecraft:egg":4,"minecraft:cooked_beef":32,"minecraft:potato":4,"minecraft:cobbled_deepslate":29,"minecraft:iron_leggings":1,"minecraft:wheat_seeds":31,"minecraft:cooked_mutton":8,"minecraft:water_bucket":19,"minecraft:leather_leggings":1,"minecraft:birch_planks":7,"minecraft:stone_pickaxe":49,"minecraft:oak_planks":314,"minecraft:wooden_pickaxe":7,"minecraft:composter":1,"minecraft:leather_boots":1,"minecraft:crafting_table":9,"minecraft:white_bed":16,"minecraft:oak_button":50,"minecraft:iron_pickaxe":283,"minecraft:lectern":5,"minecraft:stone_axe":212,"minecraft:cobblestone":58,"minecraft:smithing_table":1,"minecraft:andesite":3,"minecraft:bucket":20,"minecraft:yellow_bed":8,"minecraft:dandelion":1},"minecraft:dropped":{"minecraft:bread":12,"minecraft:wheat_seeds":5,"minecraft:cooked_beef":3,"minecraft:amethyst_block":2,"minecraft:golden_apple":1,"minecraft:torch":18,"minecraft:ink_sac":4,"minecraft:string":2,"minecraft:dandelion":1,"minecraft:smooth_basalt":1,"minecraft:sugar_cane":1,"minecraft:tuff":1,"minecraft:leather_chestplate":1,"minecraft:leather_boots":1,"minecraft:leather_leggings":1,"minecraft:wooden_pickaxe":1,"minecraft:stone_pickaxe":2,"minecraft:calcite":1}},"DataVersion":3953}