{"stats":{"minecraft:mined":{"minecraft:dark_prismarine":5,"minecraft:tuff":19,"minecraft:white_bed":1,"minecraft:oak_sapling":5,"minecraft:deepslate_diamond_ore":3,"minecraft:dark_oak_log":4,"minecraft:granite":71,"minecraft:budding_amethyst":3,"minecraft:grass_block":173,"minecraft:tube_coral_block":3,"minecraft:moss_block":70,"minecraft:rooted_dirt":13,"minecraft:raw_iron_block":1,"minecraft:oak_trapdoor":3,"minecraft:spruce_sapling":2,"minecraft:furnace":1,"minecraft:carrots":2,"minecraft:raw_gold_block":5,"minecraft:iron_ore":42,"minecraft:green_terracotta":1,"minecraft:andesite":47,"minecraft:stripped_spruce_log":1,"minecraft:pumpkin":2,"minecraft:deepslate_lapis_ore":3,"minecraft:dead_horn_coral_block":2,"minecraft:deepslate_iron_ore":5,"minecraft:stripped_oak_log":1,"minecraft:packed_ice":25,"minecraft:stone":174,"minecraft:brain_coral_block":8,"minecraft:fire_coral_block":1,"minecraft:podzol":22,"minecraft:gray_terracotta":8,"minecraft:cyan_terracotta":5,"minecraft:melon_stem":2,"minecraft:snow_block":64,"minecraft:powder_snow":14,"minecraft:oak_fence":8,"minecraft:clay":21,"minecraft:crafting_table":3,"minecraft:torch":1,"minecraft:light_gray_terracotta":3,"minecraft:sponge":2,"minecraft:calcite":44,"minecraft:melon":2,"minecraft:chest":22,"minecraft:copper_ore":56,"minecraft:cobblestone":23,"minecraft:deepslate_coal_ore":4,"minecraft:dried_kelp_block":4,"minecraft:deepslate_gold_ore":6,"minecraft:lapis_ore":3,"minecraft:prismarine":26,"minecraft:oak_planks":42,"minecraft:diorite":44,"minecraft:amethyst_block":48,"minecraft:deepslate_copper_ore":9,"minecraft:prismarine_bricks":13,"minecraft:white_terracotta":13,"minecraft:birch_planks":3,"minecraft:blue_terracotta":7,"minecraft:birch_log":28,"minecraft:wheat":4,"minecraft:blue_ice":14,"minecraft:birch_trapdoor":2,"minecraft:spruce_log":14,"minecraft:oak_log":438,"minecraft:coal_ore":12,"minecraft:dripstone_block":43,"minecraft:dirt":20,"minecraft:smooth_basalt":36,"minecraft:terracotta":16,"minecraft:raw_copper_block":3,"minecraft:small_dripleaf":1,"minecraft:gold_ore":21,"minecraft:horn_coral_block":6,"minecraft:oak_leaves":94,"minecraft:deepslate":29},"minecraft:killed_by":{"yeti:yeti":1,"minecraft:spider":3,"jacky:jacky":7,"old_goatman:old_goatman":2,"cartoon_dweller:cartoon_dweller":2,"bwrtherain:vapor":3,"minecraft:skeleton":1,"mokey:mokey":5,"midnightlurker:midnight_lurker_stare":1,"kim_dweller:kim_dweller":1},"minecraft:killed":{"minecraft:spider":11,"minecraft:skeleton":13,"minecraft:chicken":2,"minecraft:tropical_fish":3,"minecraft:wolf":1,"minecraft:zombie_villager":1,"bwrtherain:spider_skull":6,"minecraft:creeper":9,"minecraft:goat":4,"minecraft:zombie":12,"minecraft:stray":2,"endofherobrine:chicken":1},"minecraft:used":{"minecraft:oak_trapdoor":30,"minecraft:oak_fence":21,"minecraft:writable_book":4,"minecraft:stone_shovel":105,"minecraft:chest":6,"minecraft:wooden_shovel":62,"minecraft:torch":30,"minecraft:dirt":50,"minecraft:spyglass":1,"minecraft:carrot":2,"minecraft:snowball":5,"minecraft:granite":63,"minecraft:wooden_axe":407,"minecraft:birch_trapdoor":31,"minecraft:written_book":1,"minecraft:oak_sapling":79,"minecraft:egg":3,"minecraft:powder_snow_bucket":1,"minecraft:wheat_seeds":8,"minecraft:water_bucket":25,"minecraft:birch_planks":51,"minecraft:stone_pickaxe":508,"minecraft:oak_planks":1226,"minecraft:wooden_pickaxe":30,"minecraft:dark_oak_trapdoor":8,"minecraft:crafting_table":4,"minecraft:mushroom_stew":58,"minecraft:white_bed":1,"minecraft:pumpkin_seeds":5,"minecraft:wooden_hoe":36,"minecraft:apple":8,"minecraft:iron_pickaxe":544,"minecraft:golden_helmet":1,"minecraft:stone_axe":405,"minecraft:cobblestone":224,"minecraft:andesite":3,"minecraft:bucket":26,"minecraft:bone_meal":9},"minecraft:crafted":{"minecraft:oak_planks":1428,"minecraft:raw_iron":9,"minecraft:stone_shovel":1,"minecraft:dark_oak_trapdoor":8,"minecraft:bone_meal":36,"minecraft:oak_trapdoor":28,"minecraft:stone_pickaxe":4,"minecraft:dark_oak_planks":24,"minecraft:stone_hoe":1,"minecraft:oak_fence":18,"minecraft:crafting_table":2,"minecraft:spruce_planks":92,"minecraft:bowl":4,"minecraft:birch_planks":188,"minecraft:pumpkin_seeds":4,"minecraft:stone_axe":4,"minecraft:air":0,"minecraft:raw_gold":45,"minecraft:stick":52,"minecraft:iron_pickaxe":3,"minecraft:iron_ingot":21,"minecraft:birch_trapdoor":30,"minecraft:wooden_axe":8,"minecraft:torch":20},"minecraft:picked_up":{"minecraft:crafting_table":3,"minecraft:wheat":1,"minecraft:chainmail_boots":1,"minecraft:chicken":3,"minecraft:clay_ball":128,"minecraft:wooden_pickaxe":10,"minecraft:dead_horn_coral_block":8,"minecraft:amethyst_block":47,"minecraft:string":11,"minecraft:oak_trapdoor":2,"minecraft:dead_tube_coral_block":3,"minecraft:raw_copper":214,"minecraft:wooden_sword":4,"minecraft:cobbled_deepslate":29,"minecraft:written_book":1,"minecraft:calcite":44,"minecraft:azalea":1,"minecraft:wooden_shovel":13,"minecraft:iron_pickaxe":1,"minecraft:melon_slice":10,"minecraft:chest":22,"minecraft:raw_copper_block":3,"minecraft:egg":4,"minecraft:golden_helmet":1,"minecraft:tipped_arrow":1,"minecraft:stick":102,"minecraft:raw_iron":46,"minecraft:raw_gold_block":10,"minecraft:oak_fence":14,"minecraft:birch_trapdoor":1,"minecraft:torch":13,"minecraft:bowl":1,"minecraft:diorite":59,"minecraft:carrot":1,"minecraft:green_terracotta":1,"minecraft:arrow":11,"minecraft:rotten_flesh":17,"minecraft:tropical_fish":4,"minecraft:cyan_terracotta":5,"minecraft:white_terracotta":13,"minecraft:mutton":2,"minecraft:sponge":2,"minecraft:snowball":259,"minecraft:white_wool":1,"minecraft:cobblestone":190,"minecraft:stripped_oak_log":1,"minecraft:birch_log":37,"minecraft:feather":10,"minecraft:andesite":44,"minecraft:birch_planks":4,"minecraft:mushroom_stew":4,"minecraft:tuff":19,"minecraft:oak_log":423,"minecraft:prismarine_bricks":13,"minecraft:gunpowder":1,"minecraft:lapis_lazuli":36,"minecraft:wooden_hoe":1,"minecraft:dirt":203,"minecraft:bone":11,"minecraft:apple":27,"minecraft:bow":1,"minecraft:gray_terracotta":8,"minecraft:wheat_seeds":5,"minecraft:raw_gold":26,"minecraft:rabbit_hide":1,"minecraft:stone_pickaxe":5,"minecraft:rabbit":1,"minecraft:moss_block":70,"minecraft:prismarine":26,"minecraft:stone_hoe":1,"minecraft:oak_planks":45,"minecraft:smooth_basalt":38,"minecraft:pumpkin":2,"minecraft:spyglass":1,"minecraft:raw_iron_block":1,"minecraft:dripstone_block":44,"minecraft:dead_fire_coral_block":1,"minecraft:stripped_spruce_log":1,"minecraft:spruce_sapling":2,"minecraft:white_bed":1,"minecraft:dark_prismarine":5,"minecraft:spruce_log":22,"minecraft:dark_oak_log":3,"minecraft:spider_eye":5,"minecraft:light_gray_terracotta":3,"minecraft:dried_kelp_block":4,"minecraft:blue_terracotta":7,"minecraft:diamond":4,"minecraft:dead_brain_coral_block":8,"minecraft:granite":87,"minecraft:bone_meal":1,"minecraft:chainmail_helmet":1,"minecraft:rooted_dirt":13,"minecraft:terracotta":16,"minecraft:oak_sapling":136,"minecraft:coal":16},"minecraft:custom":{"minecraft:mob_kills":69,"minecraft:interact_with_crafting_table":47,"minecraft:damage_dealt_resisted":889,"minecraft:leave_game":7,"minecraft:time_since_death":2090,"minecraft:sprint_one_cm":774031,"minecraft:walk_one_cm":889636,"minecraft:drop":40,"minecraft:play_time":307595,"minecraft:deaths":30,"minecraft:sneak_time":52384,"minecraft:walk_under_water_one_cm":51098,"minecraft:jump":2110,"minecraft:walk_on_water_one_cm":18459,"minecraft:total_world_time":307595,"minecraft:interact_with_furnace":7,"minecraft:time_since_rest":2115,"minecraft:damage_taken":30010558,"minecraft:damage_dealt":7364,"minecraft:swim_one_cm":6305,"minecraft:fly_one_cm":449202,"minecraft:open_chest":453,"minecraft:crouch_one_cm":97742,"minecraft:fall_one_cm":23690},"minecraft:broken":{"minecraft:golden_helmet":1,"minecraft:chainmail_helmet":1,"minecraft:stone_pickaxe":3,"minecraft:stone_axe":2,"minecraft:iron_pickaxe":1,"minecraft:wooden_axe":8},"minecraft:dropped":{"minecraft:stone_hoe":2,"minecraft:oak_fence":2,"minecraft:raw_gold_block":5,"minecraft:mushroom_stew":3,"minecraft:wooden_hoe":1,"minecraft:wooden_axe":1,"minecraft:wooden_sword":4,"minecraft:iron_pickaxe":2,"minecraft:stone_axe":1,"minecraft:spyglass":1,"minecraft:rabbit_foot":1,"minecraft:oak_sapling":1,"minecraft:wooden_shovel":7,"minecraft:wooden_pickaxe":7,"minecraft:stone_pickaxe":5,"minecraft:written_book":1}},"DataVersion":3120}