{"stats":{"minecraft:custom":{"minecraft:animals_bred":9,"minecraft:interact_with_crafting_table":121,"minecraft:leave_game":12,"minecraft:time_since_death":14214,"minecraft:sprint_one_cm":2368866,"minecraft:drop":324,"minecraft:talked_to_villager":40,"minecraft:play_time":873399,"minecraft:deaths":124,"minecraft:jump":7714,"minecraft:walk_on_water_one_cm":45974,"minecraft:interact_with_furnace":122,"minecraft:traded_with_villager":109,"minecraft:sleep_in_bed":4,"minecraft:damage_dealt":43995,"minecraft:player_kills":4,"minecraft:crouch_one_cm":162687,"minecraft:use_cauldron":2,"minecraft:horse_one_cm":20359,"minecraft:mob_kills":1107,"minecraft:inspect_hopper":5,"minecraft:damage_dealt_resisted":2104,"minecraft:climb_one_cm":907,"minecraft:walk_one_cm":2619156,"minecraft:sneak_time":82875,"minecraft:walk_under_water_one_cm":65671,"minecraft:boat_one_cm":13947,"minecraft:total_world_time":873399,"minecraft:time_since_rest":14260,"minecraft:damage_taken":40143864,"minecraft:swim_one_cm":9928,"minecraft:fly_one_cm":1602640,"minecraft:open_chest":1737,"minecraft:fall_one_cm":142151},"minecraft:killed":{"minecraft:zombified_piglin":5,"minecraft:witch":4,"minecraft:spider":18,"minecraft:skeleton":242,"minecraft:chicken":2,"minecraft:turtle":1,"minecraft:tropical_fish":3,"minecraft:magma_cube":43,"minecraft:wolf":1,"minecraft:piglin":2,"minecraft:parrot":4,"mokey:mokey":1,"minecraft:zombie_villager":9,"minecraft:salmon":1,"bwrtherain:spider_skull":26,"minecraft:creeper":286,"minecraft:pillager":7,"minecraft:goat":4,"minecraft:zombie":268,"minecraft:mooshroom":26,"minecraft:ghast":6,"minecraft:stray":2,"endofherobrine:chicken":1,"minecraft:cow":3,"minecraft:vex":14,"minecraft:vindicator":4,"minecraft:slime":31,"minecraft:zoglin":1,"minecraft:horse":1,"minecraft:llama":1,"minecraft:drowned":1,"minecraft:husk":10,"minecraft:wandering_trader":1,"minecraft:frog":3,"endofherobrine:sheep":2,"minecraft:wither_skeleton":3,"minecraft:enderman":2},"minecraft:dropped":{"minecraft:soul_sand":6,"minecraft:clay":1,"minecraft:iron_sword":1,"minecraft:candle":6,"minecraft:moss_block":1,"minecraft:birch_planks":1,"minecraft:lapis_lazuli":17,"minecraft:warped_fungus":7,"minecraft:glass_bottle":3,"minecraft:red_sandstone":1,"minecraft:warped_roots":6,"minecraft:jungle_planks":7,"minecraft:leather_helmet":1,"minecraft:raw_gold_block":5,"minecraft:red_mushroom":5,"minecraft:packed_mud":3,"minecraft:dirt":1,"minecraft:mutton":1,"minecraft:crimson_roots":2,"minecraft:seagrass":4,"minecraft:blaze_spawn_egg":1,"minecraft:wooden_sword":4,"minecraft:gold_nugget":3,"minecraft:gilded_blackstone":5,"minecraft:iron_pickaxe":8,"minecraft:dark_oak_planks":1,"minecraft:birch_log":1,"minecraft:white_wool":5,"minecraft:cauldron":1,"minecraft:bone":2,"minecraft:stone_axe":1,"minecraft:spyglass":1,"minecraft:mangrove_roots":7,"minecraft:cobbled_deepslate":11,"minecraft:twisting_vines":4,"minecraft:rotten_flesh":16,"minecraft:oak_planks":5,"minecraft:glowstone_dust":9,"minecraft:dead_fire_coral_block":1,"minecraft:carrot":28,"minecraft:rabbit_foot":2,"minecraft:tipped_arrow":1,"minecraft:gunpowder":2,"minecraft:mangrove_log":1,"minecraft:hopper":2,"minecraft:chest":2,"minecraft:chainmail_boots":1,"minecraft:basalt":1,"minecraft:red_nether_bricks":1,"minecraft:quartz":10,"minecraft:arrow":57,"minecraft:prismarine_bricks":2,"minecraft:warped_wart_block":7,"minecraft:written_book":2,"minecraft:stone_hoe":3,"minecraft:iron_ingot":2,"minecraft:bread":71,"minecraft:oak_slab":3,"minecraft:mossy_cobblestone":2,"minecraft:mangrove_propagule":4,"minecraft:oak_fence":3,"minecraft:yellow_terracotta":1,"minecraft:feather":4,"minecraft:amethyst_block":21,"minecraft:golden_apple":3,"minecraft:mushroom_stew":3,"minecraft:diorite":2,"minecraft:ink_sac":4,"minecraft:wooden_hoe":1,"minecraft:wooden_axe":1,"minecraft:nether_wart_block":2,"minecraft:melon_slice":2,"minecraft:potion":1,"minecraft:dead_bush":5,"minecraft:pumpkin":1,"minecraft:iron_axe":2,"minecraft:mud":32,"minecraft:lily_pad":2,"minecraft:smooth_basalt":7,"minecraft:moss_carpet":2,"minecraft:raw_copper":23,"minecraft:clay_ball":56,"minecraft:iron_boots":1,"minecraft:shears":1,"minecraft:pumpkin_seeds":1,"minecraft:filled_map":1,"minecraft:muddy_mangrove_roots":6,"minecraft:shroomlight":1,"minecraft:mud_bricks":7,"minecraft:diamond_pickaxe":2,"minecraft:andesite":2,"minecraft:oak_sapling":21,"minecraft:wooden_shovel":7,"minecraft:spider_eye":2,"minecraft:bamboo":25,"minecraft:slime_ball":8,"minecraft:sandstone":123,"minecraft:bow":23,"minecraft:stone_pickaxe":5,"minecraft:wooden_pickaxe":7,"minecraft:calcite":12,"minecraft:dark_prismarine":3,"minecraft:terracotta":1},"minecraft:crafted":{"minecraft:chainmail_helmet":8,"minecraft:oak_planks":2776,"minecraft:smooth_stone":3,"minecraft:stone":4,"minecraft:quartz_block":1,"minecraft:diamond_leggings":1,"minecraft:bow":7,"minecraft:iron_boots":10,"minecraft:raw_copper":18,"minecraft:oak_button":1,"minecraft:stone_hoe":1,"minecraft:oak_fence":78,"minecraft:oak_slab":120,"minecraft:emerald":74,"minecraft:cauldron":4,"minecraft:crafting_table":3,"minecraft:spruce_planks":96,"minecraft:iron_helmet":1,"minecraft:baked_potato":51,"minecraft:birch_planks":204,"minecraft:pumpkin_seeds":4,"minecraft:diamond_pickaxe":1,"minecraft:stick":148,"minecraft:iron_ingot":119,"minecraft:iron_pickaxe":14,"minecraft:stone_sword":1,"minecraft:gold_ingot":33,"minecraft:composter":2,"minecraft:shears":1,"minecraft:wooden_sword":1,"minecraft:raw_iron":18,"minecraft:stone_shovel":1,"minecraft:furnace":1,"minecraft:blast_furnace":1,"minecraft:dark_oak_trapdoor":8,"minecraft:bone_meal":2808,"minecraft:oak_trapdoor":28,"minecraft:iron_axe":2,"minecraft:spruce_slab":18,"minecraft:stone_pickaxe":4,"minecraft:diamond_boots":3,"minecraft:dark_oak_planks":28,"minecraft:chainmail_leggings":12,"minecraft:wheat":126,"minecraft:cooked_beef":32,"minecraft:iron_sword":2,"minecraft:bowl":12,"minecraft:mangrove_planks":20,"minecraft:stone_axe":10,"minecraft:air":0,"minecraft:bread":74,"minecraft:jungle_planks":28,"minecraft:white_wool":5,"minecraft:raw_gold":45,"minecraft:wooden_axe":8,"minecraft:birch_trapdoor":30,"minecraft:white_bed":10,"minecraft:diorite_slab":6,"minecraft:torch":52,"minecraft:clay":2},"minecraft:broken":{"minecraft:golden_helmet":3,"minecraft:golden_boots":2,"minecraft:leather_leggings":3,"minecraft:golden_leggings":1,"minecraft:stone_pickaxe":4,"minecraft:wooden_sword":1,"minecraft:stone_axe":10,"minecraft:wooden_axe":9,"minecraft:golden_chestplate":2,"minecraft:leather_helmet":1,"minecraft:stone_sword":1,"minecraft:chainmail_helmet":1,"minecraft:iron_pickaxe":10},"minecraft:mined":{"minecraft:spruce_planks":2,"minecraft:oak_sapling":6,"minecraft:white_bed":1,"minecraft:farmland":1,"minecraft:red_nether_bricks":14,"minecraft:obsidian":3,"minecraft:granite":123,"minecraft:budding_amethyst":26,"minecraft:acacia_log":19,"minecraft:grass_block":233,"minecraft:dead_tube_coral_block":1,"minecraft:jungle_log":19,"minecraft:white_concrete":48,"minecraft:deepslate_bricks":9,"minecraft:soul_soil":4,"minecraft:tube_coral_block":9,"minecraft:bubble_coral_block":8,"minecraft:mud_bricks":25,"minecraft:composter":4,"minecraft:gilded_blackstone":6,"minecraft:smooth_stone":1,"minecraft:raw_iron_block":3,"minecraft:magma_block":4,"minecraft:glowstone":3,"minecraft:iron_ore":104,"minecraft:fire":4,"minecraft:cobbled_deepslate":117,"minecraft:pumpkin":5,"minecraft:deepslate_lapis_ore":36,"minecraft:twisting_vines":1,"minecraft:oak_sign":2,"minecraft:brain_coral_block":16,"minecraft:deepslate_redstone_ore":10,"minecraft:gray_terracotta":8,"minecraft:twisting_vines_plant":1,"minecraft:cyan_terracotta":15,"minecraft:blackstone":7,"minecraft:dead_bubble_coral_block":1,"minecraft:melon_stem":2,"minecraft:crimson_nylium":4,"minecraft:orange_terracotta":24,"minecraft:powder_snow":14,"minecraft:clay":93,"minecraft:torch":12,"minecraft:light_gray_terracotta":5,"minecraft:blast_furnace":5,"minecraft:calcite":137,"minecraft:melon":3,"minecraft:chest":83,"minecraft:nether_quartz_ore":4,"minecraft:cobblestone":97,"minecraft:oak_planks":76,"minecraft:prismarine":112,"minecraft:wall_torch":3,"minecraft:amethyst_block":155,"minecraft:cauldron":1,"minecraft:deepslate_copper_ore":69,"minecraft:white_terracotta":27,"minecraft:warped_nylium":8,"minecraft:blue_terracotta":15,"minecraft:nether_wart_block":2,"minecraft:mud":74,"minecraft:birch_log":37,"minecraft:wheat":203,"minecraft:birch_trapdoor":2,"minecraft:blue_ice":14,"minecraft:oak_log":722,"minecraft:lime_terracotta":17,"minecraft:dirt":74,"minecraft:mangrove_log":25,"minecraft:raw_copper_block":5,"minecraft:smooth_basalt":56,"minecraft:ancient_debris":3,"minecraft:netherrack":106,"minecraft:oak_leaves":199,"minecraft:horn_coral_block":11,"minecraft:deepslate":140,"minecraft:yellow_terracotta":19,"minecraft:attached_pumpkin_stem":2,"minecraft:nether_gold_ore":2,"minecraft:dark_prismarine":71,"minecraft:diamond_ore":14,"minecraft:crying_obsidian":2,"minecraft:tuff":66,"minecraft:mossy_cobblestone":83,"minecraft:deepslate_diamond_ore":19,"minecraft:candle":5,"minecraft:dark_oak_log":16,"minecraft:mangrove_roots":17,"minecraft:sea_lantern":39,"minecraft:nether_bricks":13,"minecraft:cobbled_deepslate_slab":2,"minecraft:moss_block":100,"minecraft:rooted_dirt":13,"minecraft:sandstone":162,"minecraft:hay_block":14,"minecraft:redstone_ore":24,"minecraft:oak_trapdoor":5,"minecraft:packed_mud":16,"minecraft:spruce_sapling":2,"minecraft:furnace":1,"minecraft:carrots":419,"minecraft:raw_gold_block":5,"minecraft:nether_sprouts":4,"minecraft:red_sandstone":96,"minecraft:andesite":88,"minecraft:green_terracotta":9,"minecraft:stripped_spruce_log":1,"minecraft:dead_horn_coral_block":2,"minecraft:potatoes":382,"minecraft:shroomlight":1,"minecraft:deepslate_iron_ore":50,"minecraft:stripped_oak_log":5,"minecraft:packed_ice":27,"minecraft:bamboo":40,"minecraft:stone":285,"minecraft:fire_coral_block":12,"minecraft:podzol":25,"minecraft:oak_slab":30,"minecraft:soul_sand":11,"minecraft:snow_block":64,"minecraft:basalt":4,"minecraft:oak_fence":14,"minecraft:crafting_table":6,"minecraft:emerald_ore":27,"minecraft:sponge":16,"minecraft:warped_roots":3,"minecraft:copper_ore":142,"minecraft:deepslate_coal_ore":34,"minecraft:dried_kelp_block":12,"minecraft:lapis_ore":32,"minecraft:deepslate_gold_ore":32,"minecraft:diorite":91,"minecraft:warped_wart_block":9,"minecraft:prismarine_bricks":90,"minecraft:dead_fire_coral_block":1,"minecraft:birch_planks":6,"minecraft:red_terracotta":13,"minecraft:spruce_log":19,"minecraft:muddy_mangrove_roots":17,"minecraft:dead_brain_coral_block":1,"minecraft:coal_ore":60,"minecraft:dripstone_block":69,"minecraft:brown_terracotta":16,"minecraft:cobweb":2,"minecraft:terracotta":39,"minecraft:small_dripleaf":1,"minecraft:gold_ore":44,"minecraft:deepslate_emerald_ore":7},"minecraft:killed_by":{"yeti:yeti":12,"endofherobrine:cow":1,"minecraft:zombie_villager":1,"minecraft:zombified_piglin":2,"old_goatman:old_goatman":13,"minecraft:magma_cube":1,"minecraft:zoglin":2,"bwrtherain:vapor":3,"mimicer:mimicer":2,"bwrtherain:spider_skull":1,"midnightlurker:void_hands":1,"minecraft:vindicator":9,"man:managgresive":4,"minecraft:piglin":3,"bwrtherain:rosemary":1,"the_one_who_watches:toww_running":1,"midnightlurker:midnight_lurker_stare":1,"kim_dweller:kim_dweller":7,"minecraft:vex":1,"minecraft:spider":3,"minecraft:enderman":1,"jacky:jacky":19,"minecraft:iron_golem":1,"cartoon_dweller:cartoon_dweller":12,"minecraft:hoglin":1,"minecraft:skeleton":1,"mokey:mokey":12},"minecraft:used":{"minecraft:writable_book":7,"minecraft:oak_sign":3,"minecraft:chest":24,"minecraft:iron_sword":296,"minecraft:jungle_planks":6,"minecraft:carrot":426,"minecraft:axolotl_bucket":1,"minecraft:snowball":6,"minecraft:milk_bucket":3,"minecraft:lava_bucket":5,"minecraft:quartz_block":1,"minecraft:warped_nylium":1,"minecraft:golden_sword":4,"minecraft:birch_trapdoor":31,"minecraft:bow":67,"minecraft:written_book":1,"minecraft:oak_sapling":125,"minecraft:egg":22,"minecraft:potato":386,"minecraft:diorite":21,"minecraft:oak_planks":1483,"minecraft:stone_pickaxe":638,"minecraft:wooden_pickaxe":30,"minecraft:composter":6,"minecraft:fox_spawn_egg":1,"minecraft:dark_oak_trapdoor":8,"minecraft:mushroom_stew":166,"minecraft:blast_furnace":6,"minecraft:dripstone_block":33,"minecraft:ochre_froglight":2,"minecraft:mule_spawn_egg":1,"minecraft:pumpkin_seeds":5,"minecraft:red_sandstone":11,"minecraft:melon_slice":2,"minecraft:bread":3,"minecraft:golden_helmet":1,"minecraft:wooden_sword":58,"minecraft:andesite":5,"minecraft:oak_fence":70,"minecraft:diorite_slab":6,"minecraft:oak_trapdoor":31,"minecraft:oak_boat":2,"minecraft:bone_meal":1992,"minecraft:experience_bottle":2,"minecraft:stone_sword":113,"minecraft:stone_shovel":105,"minecraft:spruce_planks":10,"minecraft:netherrack":50,"minecraft:wooden_shovel":62,"minecraft:stone_hoe":10,"minecraft:torch":78,"minecraft:warped_wart_block":2,"minecraft:dirt":75,"minecraft:spyglass":1,"minecraft:prismarine_bricks":1,"minecraft:cod_bucket":1,"minecraft:salmon_bucket":1,"minecraft:granite":64,"minecraft:dark_oak_planks":1,"minecraft:wooden_axe":434,"minecraft:iron_axe":335,"minecraft:jungle_log":1,"minecraft:smooth_basalt":3,"minecraft:bamboo":17,"minecraft:tadpole_bucket":6,"minecraft:orange_terracotta":1,"minecraft:cooked_beef":33,"minecraft:cobbled_deepslate":9,"minecraft:turtle_egg":1,"minecraft:powder_snow_bucket":1,"minecraft:pointed_dripstone":4,"minecraft:calcite":1,"minecraft:wheat_seeds":206,"minecraft:water_bucket":87,"minecraft:amethyst_block":10,"minecraft:baked_potato":7,"minecraft:birch_planks":62,"minecraft:lead":1,"minecraft:red_nether_bricks":4,"minecraft:cauldron":5,"minecraft:deepslate_bricks":27,"minecraft:lime_terracotta":1,"minecraft:oak_slab":209,"minecraft:crafting_table":7,"minecraft:white_bed":12,"minecraft:wooden_hoe":36,"minecraft:mud":2,"minecraft:diamond_pickaxe":25,"minecraft:apple":8,"minecraft:oak_button":1,"minecraft:iron_pickaxe":3298,"minecraft:spruce_sapling":4,"minecraft:stone_axe":1090,"minecraft:cobblestone":228,"minecraft:potion":1,"minecraft:bucket":99,"minecraft:candle":4,"minecraft:smooth_stone":1},"minecraft:picked_up":{"minecraft:wheat":239,"minecraft:chainmail_boots":2,"minecraft:lead":23,"minecraft:potion":2,"minecraft:gilded_blackstone":5,"minecraft:amethyst_block":242,"minecraft:string":44,"minecraft:dead_tube_coral_block":14,"minecraft:soul_soil":4,"minecraft:raw_copper":913,"minecraft:red_nether_bricks":15,"minecraft:shroomlight":1,"minecraft:oak_sign":3,"minecraft:smooth_stone":1,"minecraft:gold_nugget":13,"minecraft:cobbled_deepslate":392,"minecraft:bucket":3,"minecraft:spruce_planks":2,"minecraft:written_book":5,"minecraft:calcite":188,"minecraft:azalea":1,"minecraft:wooden_shovel":14,"minecraft:iron_pickaxe":5,"minecraft:melon_slice":14,"minecraft:mangrove_log":24,"minecraft:golden_helmet":2,"minecraft:tipped_arrow":4,"minecraft:stick":203,"minecraft:music_disc_blocks":1,"minecraft:composter":4,"minecraft:birch_trapdoor":1,"minecraft:brown_terracotta":28,"minecraft:oak_fence":26,"minecraft:torch":43,"minecraft:acacia_log":17,"minecraft:pointed_dripstone":9,"minecraft:diorite":131,"minecraft:golden_chestplate":1,"minecraft:rabbit_foot":3,"minecraft:green_terracotta":14,"minecraft:cauldron":2,"minecraft:cactus":31,"minecraft:rotten_flesh":69,"minecraft:tropical_fish":13,"minecraft:red_tulip":5,"minecraft:cyan_terracotta":15,"minecraft:mangrove_roots":17,"minecraft:white_terracotta":37,"minecraft:music_disc_wait":2,"minecraft:obsidian":3,"minecraft:snowball":356,"minecraft:cod":3,"minecraft:cobblestone":417,"minecraft:sponge":21,"minecraft:birch_log":48,"minecraft:andesite":127,"minecraft:magma_block":4,"minecraft:water_bucket":7,"minecraft:muddy_mangrove_roots":20,"minecraft:feather":44,"minecraft:cooked_beef":3,"minecraft:magma_cream":1,"minecraft:jungle_log":21,"minecraft:potato":1289,"minecraft:tuff":136,"minecraft:prismarine_bricks":105,"minecraft:lapis_lazuli":503,"minecraft:dirt":466,"minecraft:twisting_vines":4,"minecraft:leather_boots":2,"minecraft:bone":66,"minecraft:gray_terracotta":8,"minecraft:bow":11,"minecraft:wheat_seeds":661,"minecraft:glowstone_dust":9,"minecraft:small_dripleaf":7,"minecraft:cobbled_deepslate_slab":2,"minecraft:raw_gold":102,"minecraft:light_blue_dye":7,"minecraft:bamboo":283,"minecraft:rabbit":2,"minecraft:moss_block":108,"minecraft:prismarine":115,"minecraft:oak_planks":282,"minecraft:stone_hoe":1,"minecraft:ghast_tear":1,"minecraft:glow_lichen":5,"minecraft:warped_wart_block":9,"minecraft:lime_terracotta":17,"minecraft:oak_pressure_plate":1,"minecraft:poisonous_potato":7,"minecraft:jungle_planks":1,"minecraft:stripped_spruce_log":1,"minecraft:dead_bush":17,"minecraft:red_terracotta":25,"minecraft:dark_oak_log":15,"minecraft:mossy_cobblestone":94,"minecraft:dark_prismarine":74,"minecraft:light_gray_terracotta":13,"minecraft:blue_terracotta":23,"minecraft:diamond":45,"minecraft:dead_brain_coral_block":17,"minecraft:granite":226,"minecraft:bone_meal":285,"minecraft:golden_apple":9,"minecraft:white_concrete":90,"minecraft:chainmail_helmet":1,"minecraft:emerald":36,"minecraft:cyan_dye":2,"minecraft:rooted_dirt":85,"minecraft:oak_sapling":261,"minecraft:netherrack":118,"minecraft:diamond_pickaxe":1,"minecraft:mud":74,"minecraft:crafting_table":6,"minecraft:chicken":14,"minecraft:clay_ball":480,"minecraft:leather_leggings":2,"minecraft:wooden_pickaxe":10,"minecraft:dead_horn_coral_block":13,"minecraft:oak_trapdoor":4,"minecraft:wooden_sword":4,"minecraft:white_carpet":2,"minecraft:blackstone":7,"minecraft:candle":12,"minecraft:music_disc_otherside":1,"minecraft:beef":60,"minecraft:oak_boat":1,"minecraft:sugar_cane":3,"minecraft:chest":86,"minecraft:raw_copper_block":5,"minecraft:egg":22,"minecraft:dark_oak_sapling":2,"minecraft:sandstone":440,"minecraft:raw_iron":152,"minecraft:raw_gold_block":10,"minecraft:bowl":8,"minecraft:music_disc_11":1,"minecraft:carrot":1509,"minecraft:redstone":218,"minecraft:prismarine_crystals":92,"minecraft:dark_oak_planks":1,"minecraft:arrow":50,"minecraft:nether_bricks":13,"minecraft:shears":2,"minecraft:deepslate_bricks":8,"minecraft:hay_block":28,"minecraft:yellow_terracotta":29,"minecraft:glow_berries":21,"minecraft:mutton":6,"minecraft:white_wool":45,"minecraft:stripped_oak_log":5,"minecraft:mud_bricks":25,"minecraft:basalt":4,"minecraft:glow_ink_sac":3,"minecraft:salmon":2,"minecraft:leather":32,"minecraft:music_disc_stal":1,"minecraft:red_mushroom":22,"minecraft:birch_planks":8,"minecraft:filled_map":1,"minecraft:ice":2,"minecraft:packed_mud":16,"minecraft:mushroom_stew":4,"minecraft:oak_log":707,"minecraft:ancient_debris":3,"minecraft:golden_boots":1,"minecraft:nether_wart_block":2,"minecraft:gunpowder":30,"minecraft:wooden_hoe":1,"minecraft:paper":4,"man:cassette_1safetyinstructions":2,"minecraft:orange_terracotta":35,"minecraft:apple":44,"minecraft:red_sandstone":166,"minecraft:rabbit_hide":11,"minecraft:spore_blossom":6,"minecraft:iron_ingot":2,"minecraft:stone_pickaxe":6,"minecraft:cobweb":2,"minecraft:glass_bottle":1,"minecraft:acacia_sapling":3,"minecraft:soul_sand":11,"minecraft:book":4,"minecraft:oak_slab":91,"minecraft:smooth_basalt":73,"minecraft:pumpkin":8,"minecraft:budding_amethyst":4,"minecraft:dandelion":9,"minecraft:quartz":4,"minecraft:raw_iron_block":3,"minecraft:spyglass":2,"minecraft:dripstone_block":70,"minecraft:dead_fire_coral_block":23,"minecraft:amethyst_shard":6,"minecraft:spruce_sapling":8,"minecraft:blast_furnace":5,"minecraft:white_bed":2,"minecraft:spruce_log":27,"minecraft:crying_obsidian":2,"minecraft:spider_eye":13,"minecraft:leather_helmet":1,"minecraft:pumpkin_seeds":2,"minecraft:dried_kelp_block":25,"minecraft:slime_ball":35,"minecraft:stone_axe":3,"minecraft:dead_bubble_coral_block":9,"minecraft:warped_roots":3,"minecraft:terracotta":51,"minecraft:baked_potato":3,"minecraft:coal":126,"minecraft:mangrove_propagule":4,"minecraft:pink_dye":13,"minecraft:hopper":3}},"DataVersion":3120}