{"stats":{"minecraft:mined":{"minecraft:white_bed":1,"minecraft:oak_sapling":6,"minecraft:farmland":1,"minecraft:granite":123,"minecraft:budding_amethyst":11,"minecraft:acacia_log":19,"minecraft:grass_block":198,"minecraft:dead_tube_coral_block":1,"minecraft:jungle_log":17,"minecraft:white_concrete":48,"minecraft:deepslate_bricks":1,"minecraft:bubble_coral_block":8,"minecraft:mud_bricks":6,"minecraft:tube_coral_block":9,"minecraft:raw_iron_block":2,"minecraft:iron_ore":85,"minecraft:cobbled_deepslate":97,"minecraft:pumpkin":5,"minecraft:deepslate_lapis_ore":32,"minecraft:oak_sign":2,"minecraft:brain_coral_block":16,"minecraft:deepslate_redstone_ore":10,"minecraft:gray_terracotta":8,"minecraft:cyan_terracotta":15,"minecraft:dead_bubble_coral_block":1,"minecraft:melon_stem":2,"minecraft:orange_terracotta":24,"minecraft:powder_snow":14,"minecraft:clay":79,"minecraft:light_gray_terracotta":5,"minecraft:torch":10,"minecraft:calcite":118,"minecraft:melon":3,"minecraft:chest":75,"minecraft:cobblestone":95,"minecraft:oak_planks":55,"minecraft:prismarine":111,"minecraft:wall_torch":3,"minecraft:amethyst_block":121,"minecraft:deepslate_copper_ore":59,"minecraft:white_terracotta":27,"minecraft:blue_terracotta":15,"minecraft:mud":23,"minecraft:birch_log":37,"minecraft:wheat":73,"minecraft:birch_trapdoor":2,"minecraft:blue_ice":14,"minecraft:oak_log":629,"minecraft:lime_terracotta":17,"minecraft:dirt":54,"minecraft:mangrove_log":9,"minecraft:smooth_basalt":51,"minecraft:raw_copper_block":3,"minecraft:oak_leaves":159,"minecraft:horn_coral_block":11,"minecraft:deepslate":114,"minecraft:attached_pumpkin_stem":2,"minecraft:yellow_terracotta":18,"minecraft:dark_prismarine":70,"minecraft:diamond_ore":10,"minecraft:tuff":65,"minecraft:mossy_cobblestone":81,"minecraft:deepslate_diamond_ore":19,"minecraft:candle":1,"minecraft:dark_oak_log":16,"minecraft:mangrove_roots":6,"minecraft:sea_lantern":39,"minecraft:cobbled_deepslate_slab":2,"minecraft:moss_block":100,"minecraft:sandstone":161,"minecraft:rooted_dirt":13,"minecraft:hay_block":14,"minecraft:redstone_ore":24,"minecraft:oak_trapdoor":3,"minecraft:packed_mud":4,"minecraft:spruce_sapling":2,"minecraft:furnace":1,"minecraft:carrots":31,"minecraft:raw_gold_block":5,"minecraft:red_sandstone":94,"minecraft:andesite":81,"minecraft:green_terracotta":9,"minecraft:stripped_spruce_log":1,"minecraft:dead_horn_coral_block":2,"minecraft:deepslate_iron_ore":41,"minecraft:packed_ice":27,"minecraft:stripped_oak_log":1,"minecraft:bamboo":2,"minecraft:stone":260,"minecraft:fire_coral_block":12,"minecraft:podzol":25,"minecraft:oak_slab":5,"minecraft:snow_block":64,"minecraft:oak_fence":9,"minecraft:crafting_table":6,"minecraft:emerald_ore":27,"minecraft:sponge":16,"minecraft:copper_ore":130,"minecraft:deepslate_coal_ore":26,"minecraft:dried_kelp_block":12,"minecraft:lapis_ore":26,"minecraft:deepslate_gold_ore":27,"minecraft:diorite":90,"minecraft:prismarine_bricks":90,"minecraft:dead_fire_coral_block":1,"minecraft:birch_planks":3,"minecraft:red_terracotta":13,"minecraft:spruce_log":19,"minecraft:muddy_mangrove_roots":6,"minecraft:dead_brain_coral_block":1,"minecraft:coal_ore":49,"minecraft:dripstone_block":69,"minecraft:brown_terracotta":16,"minecraft:terracotta":39,"minecraft:small_dripleaf":1,"minecraft:gold_ore":41,"minecraft:deepslate_emerald_ore":7},"minecraft:killed_by":{"yeti:yeti":6,"endofherobrine:cow":1,"old_goatman:old_goatman":8,"bwrtherain:vapor":3,"midnightlurker:void_hands":1,"minecraft:vindicator":9,"bwrtherain:rosemary":1,"the_one_who_watches:toww_running":1,"midnightlurker:midnight_lurker_stare":1,"kim_dweller:kim_dweller":3,"minecraft:vex":1,"minecraft:spider":3,"jacky:jacky":14,"cartoon_dweller:cartoon_dweller":7,"minecraft:skeleton":1,"mokey:mokey":7},"minecraft:killed":{"minecraft:witch":3,"minecraft:spider":11,"minecraft:skeleton":34,"minecraft:chicken":2,"minecraft:tropical_fish":3,"minecraft:wolf":1,"minecraft:parrot":4,"minecraft:zombie_villager":1,"minecraft:salmon":1,"bwrtherain:spider_skull":10,"minecraft:creeper":32,"minecraft:pillager":7,"minecraft:goat":4,"minecraft:zombie":31,"minecraft:stray":2,"endofherobrine:chicken":1,"minecraft:cow":1,"minecraft:vex":14,"minecraft:vindicator":4,"minecraft:horse":1,"minecraft:llama":1,"minecraft:drowned":1,"minecraft:husk":10,"minecraft:wandering_trader":1},"minecraft:used":{"minecraft:writable_book":7,"minecraft:oak_sign":2,"minecraft:chest":22,"minecraft:jungle_planks":4,"minecraft:carrot":30,"minecraft:axolotl_bucket":1,"minecraft:snowball":6,"minecraft:golden_sword":4,"minecraft:birch_trapdoor":31,"minecraft:written_book":1,"minecraft:oak_sapling":110,"minecraft:egg":19,"minecraft:diorite":21,"minecraft:stone_pickaxe":638,"minecraft:oak_planks":1477,"minecraft:wooden_pickaxe":30,"minecraft:fox_spawn_egg":1,"minecraft:dark_oak_trapdoor":8,"minecraft:mushroom_stew":143,"minecraft:mule_spawn_egg":1,"minecraft:pumpkin_seeds":5,"minecraft:red_sandstone":11,"minecraft:bread":3,"minecraft:melon_slice":2,"minecraft:golden_helmet":1,"minecraft:wooden_sword":29,"minecraft:andesite":5,"minecraft:oak_boat":2,"minecraft:bone_meal":9,"minecraft:diorite_slab":6,"minecraft:experience_bottle":2,"minecraft:oak_fence":21,"minecraft:oak_trapdoor":30,"minecraft:stone_shovel":105,"minecraft:wooden_shovel":62,"minecraft:stone_hoe":9,"minecraft:torch":68,"minecraft:dirt":60,"minecraft:spyglass":1,"minecraft:prismarine_bricks":1,"minecraft:cod_bucket":1,"minecraft:salmon_bucket":1,"minecraft:granite":64,"minecraft:dark_oak_planks":1,"minecraft:wooden_axe":434,"minecraft:jungle_log":1,"minecraft:smooth_basalt":3,"minecraft:bamboo":2,"minecraft:cobbled_deepslate":8,"minecraft:orange_terracotta":1,"minecraft:powder_snow_bucket":1,"minecraft:turtle_egg":1,"minecraft:calcite":1,"minecraft:wheat_seeds":77,"minecraft:water_bucket":53,"minecraft:amethyst_block":10,"minecraft:birch_planks":51,"minecraft:lead":1,"minecraft:lime_terracotta":1,"minecraft:oak_slab":191,"minecraft:crafting_table":7,"minecraft:white_bed":2,"minecraft:wooden_hoe":36,"minecraft:apple":8,"minecraft:iron_pickaxe":2686,"minecraft:spruce_sapling":4,"minecraft:stone_axe":1043,"minecraft:cobblestone":226,"minecraft:potion":1,"minecraft:bucket":54,"minecraft:candle":2},"minecraft:crafted":{"minecraft:oak_planks":2404,"minecraft:bow":2,"minecraft:stone_hoe":1,"minecraft:oak_fence":18,"minecraft:oak_slab":120,"minecraft:crafting_table":3,"minecraft:spruce_planks":96,"minecraft:birch_planks":204,"minecraft:pumpkin_seeds":4,"minecraft:stick":148,"minecraft:iron_ingot":93,"minecraft:iron_pickaxe":12,"minecraft:wooden_sword":1,"minecraft:raw_iron":9,"minecraft:stone_shovel":1,"minecraft:dark_oak_trapdoor":8,"minecraft:bone_meal":36,"minecraft:oak_trapdoor":28,"minecraft:stone_pickaxe":4,"minecraft:dark_oak_planks":28,"minecraft:wheat":126,"minecraft:bowl":12,"minecraft:mangrove_planks":20,"minecraft:stone_axe":10,"minecraft:bread":42,"minecraft:air":0,"minecraft:jungle_planks":20,"minecraft:raw_gold":45,"minecraft:wooden_axe":8,"minecraft:birch_trapdoor":30,"minecraft:torch":48,"minecraft:diorite_slab":6,"minecraft:clay":1},"minecraft:picked_up":{"minecraft:wheat":104,"minecraft:chainmail_boots":2,"minecraft:lead":13,"minecraft:potion":2,"minecraft:amethyst_block":212,"minecraft:string":33,"minecraft:dead_tube_coral_block":14,"minecraft:raw_copper":836,"minecraft:oak_sign":2,"minecraft:cobbled_deepslate":354,"minecraft:bucket":3,"minecraft:calcite":170,"minecraft:written_book":5,"minecraft:azalea":1,"minecraft:wooden_shovel":14,"minecraft:iron_pickaxe":5,"minecraft:melon_slice":14,"minecraft:mangrove_log":9,"minecraft:tipped_arrow":4,"minecraft:golden_helmet":1,"minecraft:stick":184,"minecraft:music_disc_blocks":1,"minecraft:birch_trapdoor":1,"minecraft:brown_terracotta":28,"minecraft:oak_fence":20,"minecraft:torch":37,"minecraft:acacia_log":17,"minecraft:pointed_dripstone":9,"minecraft:diorite":129,"minecraft:green_terracotta":14,"minecraft:rabbit_foot":3,"minecraft:cactus":31,"minecraft:rotten_flesh":49,"minecraft:tropical_fish":13,"minecraft:red_tulip":5,"minecraft:cyan_terracotta":15,"minecraft:mangrove_roots":6,"minecraft:white_terracotta":37,"minecraft:music_disc_wait":2,"minecraft:cod":3,"minecraft:snowball":356,"minecraft:cobblestone":392,"minecraft:sponge":21,"minecraft:birch_log":48,"minecraft:muddy_mangrove_roots":6,"minecraft:cooked_beef":3,"minecraft:feather":44,"minecraft:jungle_log":19,"minecraft:water_bucket":6,"minecraft:andesite":125,"minecraft:tuff":135,"minecraft:prismarine_bricks":105,"minecraft:lapis_lazuli":439,"minecraft:dirt":405,"minecraft:leather_boots":2,"minecraft:bone":51,"minecraft:gray_terracotta":8,"minecraft:bow":8,"minecraft:wheat_seeds":295,"minecraft:small_dripleaf":7,"minecraft:raw_gold":94,"minecraft:cobbled_deepslate_slab":2,"minecraft:light_blue_dye":7,"minecraft:bamboo":25,"minecraft:rabbit":2,"minecraft:moss_block":108,"minecraft:prismarine":114,"minecraft:oak_planks":264,"minecraft:stone_hoe":1,"minecraft:glow_lichen":5,"minecraft:lime_terracotta":17,"minecraft:oak_pressure_plate":1,"minecraft:jungle_planks":1,"minecraft:stripped_spruce_log":1,"minecraft:dead_bush":11,"minecraft:dark_oak_log":15,"minecraft:red_terracotta":25,"minecraft:mossy_cobblestone":91,"minecraft:dark_prismarine":72,"minecraft:light_gray_terracotta":13,"minecraft:blue_terracotta":23,"minecraft:diamond":39,"minecraft:dead_brain_coral_block":17,"minecraft:granite":226,"minecraft:bone_meal":75,"minecraft:golden_apple":9,"minecraft:white_concrete":90,"minecraft:chainmail_helmet":1,"minecraft:emerald":36,"minecraft:cyan_dye":2,"minecraft:rooted_dirt":85,"minecraft:oak_sapling":230,"minecraft:mud":23,"minecraft:crafting_table":6,"minecraft:chicken":14,"minecraft:clay_ball":420,"minecraft:wooden_pickaxe":10,"minecraft:dead_horn_coral_block":13,"minecraft:oak_trapdoor":2,"minecraft:wooden_sword":4,"minecraft:white_carpet":2,"minecraft:candle":4,"minecraft:music_disc_otherside":1,"minecraft:beef":6,"minecraft:oak_boat":1,"minecraft:sugar_cane":1,"minecraft:chest":78,"minecraft:raw_copper_block":3,"minecraft:egg":22,"minecraft:dark_oak_sapling":2,"minecraft:raw_iron":125,"minecraft:sandstone":440,"minecraft:raw_gold_block":10,"minecraft:bowl":8,"minecraft:music_disc_11":1,"minecraft:carrot":103,"minecraft:redstone":218,"minecraft:prismarine_crystals":92,"minecraft:dark_oak_planks":1,"minecraft:arrow":41,"minecraft:shears":2,"minecraft:deepslate_bricks":1,"minecraft:hay_block":28,"minecraft:yellow_terracotta":28,"minecraft:glow_berries":21,"minecraft:mutton":5,"minecraft:white_wool":16,"minecraft:stripped_oak_log":1,"minecraft:mud_bricks":6,"minecraft:glow_ink_sac":3,"minecraft:salmon":2,"minecraft:leather":4,"minecraft:music_disc_stal":1,"minecraft:red_mushroom":17,"minecraft:birch_planks":4,"minecraft:ice":2,"minecraft:packed_mud":4,"minecraft:mushroom_stew":4,"minecraft:oak_log":618,"minecraft:gunpowder":9,"minecraft:wooden_hoe":1,"minecraft:paper":4,"man:cassette_1safetyinstructions":2,"minecraft:orange_terracotta":35,"minecraft:apple":41,"minecraft:red_sandstone":164,"minecraft:rabbit_hide":11,"minecraft:spore_blossom":6,"minecraft:iron_ingot":2,"minecraft:stone_pickaxe":6,"minecraft:cobweb":2,"minecraft:glass_bottle":1,"minecraft:acacia_sapling":3,"minecraft:book":4,"minecraft:oak_slab":72,"minecraft:smooth_basalt":68,"minecraft:pumpkin":8,"minecraft:budding_amethyst":4,"minecraft:dandelion":9,"minecraft:spyglass":2,"minecraft:raw_iron_block":2,"minecraft:dripstone_block":70,"minecraft:dead_fire_coral_block":23,"minecraft:amethyst_shard":6,"minecraft:spruce_sapling":8,"minecraft:white_bed":2,"minecraft:spruce_log":27,"minecraft:spider_eye":9,"minecraft:pumpkin_seeds":2,"minecraft:dried_kelp_block":25,"minecraft:stone_axe":3,"minecraft:dead_bubble_coral_block":9,"minecraft:terracotta":50,"minecraft:coal":108,"minecraft:mangrove_propagule":2,"minecraft:pink_dye":13,"minecraft:hopper":3},"minecraft:custom":{"minecraft:animals_bred":7,"minecraft:interact_with_crafting_table":86,"minecraft:leave_game":7,"minecraft:time_since_death":1753,"minecraft:sprint_one_cm":1380215,"minecraft:drop":129,"minecraft:talked_to_villager":3,"minecraft:play_time":583595,"minecraft:deaths":74,"minecraft:jump":4395,"minecraft:walk_on_water_one_cm":26396,"minecraft:interact_with_furnace":71,"minecraft:sleep_in_bed":1,"minecraft:damage_dealt":24438,"minecraft:crouch_one_cm":134416,"minecraft:horse_one_cm":20359,"minecraft:mob_kills":215,"minecraft:damage_dealt_resisted":1826,"minecraft:walk_one_cm":1649181,"minecraft:sneak_time":70502,"minecraft:walk_under_water_one_cm":51152,"minecraft:boat_one_cm":13947,"minecraft:total_world_time":583595,"minecraft:time_since_rest":1778,"minecraft:damage_taken":30127910,"minecraft:swim_one_cm":6305,"minecraft:fly_one_cm":911087,"minecraft:open_chest":1217,"minecraft:fall_one_cm":61755},"minecraft:broken":{"minecraft:golden_helmet":1,"minecraft:stone_pickaxe":4,"minecraft:stone_axe":9,"minecraft:wooden_axe":9,"minecraft:chainmail_helmet":1,"minecraft:iron_pickaxe":8},"minecraft:dropped":{"minecraft:moss_block":1,"minecraft:birch_planks":1,"minecraft:lapis_lazuli":17,"minecraft:glass_bottle":2,"minecraft:red_sandstone":1,"minecraft:jungle_planks":1,"minecraft:raw_gold_block":5,"minecraft:dirt":1,"minecraft:packed_mud":2,"minecraft:blaze_spawn_egg":1,"minecraft:wooden_sword":4,"minecraft:iron_pickaxe":6,"minecraft:birch_log":1,"minecraft:dark_oak_planks":1,"minecraft:white_wool":5,"minecraft:stone_axe":1,"minecraft:spyglass":1,"minecraft:mangrove_roots":5,"minecraft:rotten_flesh":4,"minecraft:oak_planks":5,"minecraft:dead_fire_coral_block":1,"minecraft:carrot":1,"minecraft:rabbit_foot":2,"minecraft:tipped_arrow":1,"minecraft:hopper":2,"minecraft:chest":1,"minecraft:chainmail_boots":1,"minecraft:prismarine_bricks":2,"minecraft:written_book":2,"minecraft:bread":29,"minecraft:stone_hoe":2,"minecraft:iron_ingot":2,"minecraft:oak_slab":1,"minecraft:oak_fence":3,"minecraft:feather":4,"minecraft:amethyst_block":2,"minecraft:golden_apple":3,"minecraft:mushroom_stew":3,"minecraft:wooden_hoe":1,"minecraft:wooden_axe":1,"minecraft:melon_slice":2,"minecraft:potion":1,"minecraft:pumpkin":1,"minecraft:mud":5,"minecraft:smooth_basalt":2,"minecraft:raw_copper":23,"minecraft:shears":1,"minecraft:pumpkin_seeds":1,"minecraft:mud_bricks":3,"minecraft:oak_sapling":5,"minecraft:wooden_shovel":7,"minecraft:spider_eye":1,"minecraft:bamboo":25,"minecraft:sandstone":123,"minecraft:bow":2,"minecraft:stone_pickaxe":5,"minecraft:wooden_pickaxe":7,"minecraft:calcite":1,"minecraft:dark_prismarine":1}},"DataVersion":3120}