{"stats":{"minecraft:mined":{"minecraft:tuff":4,"minecraft:oak_sapling":5,"minecraft:dark_oak_log":3,"minecraft:granite":49,"minecraft:budding_amethyst":1,"minecraft:grass_block":168,"minecraft:raw_iron_block":1,"minecraft:spruce_sapling":2,"minecraft:furnace":1,"minecraft:carrots":1,"minecraft:raw_gold_block":5,"minecraft:iron_ore":37,"minecraft:andesite":44,"minecraft:stripped_spruce_log":1,"minecraft:pumpkin":2,"minecraft:packed_ice":23,"minecraft:stone":151,"minecraft:podzol":22,"minecraft:gray_terracotta":8,"minecraft:melon_stem":2,"minecraft:snow_block":64,"minecraft:powder_snow":14,"minecraft:oak_fence":8,"minecraft:clay":21,"minecraft:torch":1,"minecraft:calcite":39,"minecraft:melon":1,"minecraft:chest":14,"minecraft:cobblestone":4,"minecraft:copper_ore":49,"minecraft:deepslate_coal_ore":1,"minecraft:oak_planks":10,"minecraft:diorite":37,"minecraft:amethyst_block":38,"minecraft:white_terracotta":13,"minecraft:birch_planks":1,"minecraft:blue_terracotta":3,"minecraft:birch_log":26,"minecraft:wheat":4,"minecraft:blue_ice":14,"minecraft:spruce_log":14,"minecraft:oak_log":175,"minecraft:coal_ore":8,"minecraft:dripstone_block":6,"minecraft:dirt":17,"minecraft:smooth_basalt":31,"minecraft:terracotta":16,"minecraft:raw_copper_block":3,"minecraft:gold_ore":11,"minecraft:oak_leaves":20},"minecraft:killed_by":{"jacky:jacky":3,"cartoon_dweller:cartoon_dweller":1,"bwrtherain:vapor":1,"mokey:mokey":2,"midnightlurker:midnight_lurker_stare":1,"kim_dweller:kim_dweller":1},"minecraft:killed":{"minecraft:spider":3,"minecraft:skeleton":1,"minecraft:goat":4,"minecraft:zombie":4,"minecraft:stray":2,"endofherobrine:chicken":1},"minecraft:used":{"minecraft:oak_fence":21,"minecraft:stone_shovel":105,"minecraft:chest":2,"minecraft:wooden_shovel":62,"minecraft:torch":10,"minecraft:dirt":50,"minecraft:carrot":2,"minecraft:snowball":5,"minecraft:wooden_axe":123,"minecraft:written_book":1,"minecraft:oak_sapling":35,"minecraft:egg":2,"minecraft:wheat_seeds":8,"minecraft:water_bucket":1,"minecraft:birch_planks":17,"minecraft:stone_pickaxe":393,"minecraft:oak_planks":282,"minecraft:wooden_pickaxe":30,"minecraft:crafting_table":1,"minecraft:mushroom_stew":32,"minecraft:pumpkin_seeds":5,"minecraft:wooden_hoe":36,"minecraft:apple":1,"minecraft:iron_pickaxe":250,"minecraft:golden_helmet":1,"minecraft:stone_axe":190,"minecraft:cobblestone":36,"minecraft:bucket":1,"minecraft:andesite":2},"minecraft:crafted":{"minecraft:oak_planks":220,"minecraft:raw_iron":9,"minecraft:stone_shovel":1,"minecraft:stone_pickaxe":3,"minecraft:stone_hoe":1,"minecraft:oak_fence":18,"minecraft:crafting_table":1,"minecraft:spruce_planks":4,"minecraft:birch_planks":60,"minecraft:pumpkin_seeds":4,"minecraft:stone_axe":2,"minecraft:air":0,"minecraft:raw_gold":45,"minecraft:stick":52,"minecraft:iron_pickaxe":1,"minecraft:iron_ingot":3,"minecraft:wooden_axe":2},"minecraft:picked_up":{"minecraft:chicken":1,"minecraft:clay_ball":128,"minecraft:wooden_pickaxe":10,"minecraft:amethyst_block":37,"minecraft:string":6,"minecraft:raw_copper":165,"minecraft:wooden_sword":4,"minecraft:written_book":1,"minecraft:calcite":39,"minecraft:azalea":1,"minecraft:wooden_shovel":13,"minecraft:melon_slice":7,"minecraft:chest":14,"minecraft:raw_copper_block":3,"minecraft:egg":3,"minecraft:golden_helmet":1,"minecraft:tipped_arrow":1,"minecraft:stick":44,"minecraft:raw_iron":36,"minecraft:raw_gold_block":10,"minecraft:oak_fence":14,"minecraft:torch":13,"minecraft:bowl":1,"minecraft:diorite":52,"minecraft:carrot":1,"minecraft:arrow":2,"minecraft:rotten_flesh":7,"minecraft:white_terracotta":13,"minecraft:mutton":2,"minecraft:snowball":259,"minecraft:white_wool":1,"minecraft:cobblestone":152,"minecraft:birch_log":35,"minecraft:feather":6,"minecraft:andesite":41,"minecraft:birch_planks":2,"minecraft:mushroom_stew":4,"minecraft:tuff":4,"minecraft:oak_log":161,"minecraft:wooden_hoe":1,"minecraft:dirt":195,"minecraft:apple":15,"minecraft:gray_terracotta":8,"minecraft:wheat_seeds":4,"minecraft:raw_gold":10,"minecraft:rabbit_hide":1,"minecraft:stone_pickaxe":4,"minecraft:rabbit":1,"minecraft:oak_planks":8,"minecraft:stone_hoe":1,"minecraft:smooth_basalt":33,"minecraft:pumpkin":2,"minecraft:raw_iron_block":1,"minecraft:dripstone_block":8,"minecraft:stripped_spruce_log":1,"minecraft:spruce_sapling":2,"minecraft:spruce_log":22,"minecraft:dark_oak_log":3,"minecraft:spider_eye":2,"minecraft:blue_terracotta":3,"minecraft:diamond":1,"minecraft:granite":65,"minecraft:terracotta":16,"minecraft:oak_sapling":65,"minecraft:coal":9},"minecraft:custom":{"minecraft:mob_kills":14,"minecraft:interact_with_crafting_table":25,"minecraft:damage_dealt_resisted":126,"minecraft:leave_game":4,"minecraft:time_since_death":19661,"minecraft:sprint_one_cm":451268,"minecraft:walk_one_cm":589235,"minecraft:drop":30,"minecraft:play_time":182521,"minecraft:deaths":9,"minecraft:sneak_time":38247,"minecraft:walk_under_water_one_cm":9298,"minecraft:jump":1193,"minecraft:walk_on_water_one_cm":2219,"minecraft:total_world_time":182521,"minecraft:interact_with_furnace":3,"minecraft:time_since_rest":19686,"minecraft:damage_taken":10003600,"minecraft:damage_dealt":2842,"minecraft:fly_one_cm":300422,"minecraft:open_chest":322,"minecraft:crouch_one_cm":59591,"minecraft:fall_one_cm":3727},"minecraft:broken":{"minecraft:stone_pickaxe":2,"minecraft:iron_pickaxe":1,"minecraft:wooden_axe":3},"minecraft:dropped":{"minecraft:stone_hoe":2,"minecraft:oak_fence":2,"minecraft:raw_gold_block":5,"minecraft:wooden_hoe":1,"minecraft:wooden_sword":4,"minecraft:stone_axe":1,"minecraft:rabbit_foot":1,"minecraft:wooden_shovel":7,"minecraft:wooden_pickaxe":7,"minecraft:stone_pickaxe":4}},"DataVersion":3120}