{"stats":{"minecraft:crafted":{"minecraft:oak_planks":40,"minecraft:birch_planks":40,"minecraft:pumpkin_seeds":4,"minecraft:stick":40,"minecraft:stone_pickaxe":1,"minecraft:wooden_axe":1,"minecraft:oak_fence":18},"minecraft:custom":{"minecraft:interact_with_crafting_table":13,"minecraft:time_since_death":39942,"minecraft:time_since_rest":40000,"minecraft:sprint_one_cm":51082,"minecraft:damage_taken":10000306,"minecraft:walk_one_cm":214652,"minecraft:drop":8,"minecraft:damage_dealt":151,"minecraft:fly_one_cm":24398,"minecraft:open_chest":103,"minecraft:crouch_one_cm":21818,"minecraft:play_time":53780,"minecraft:deaths":1,"minecraft:sneak_time":13271,"minecraft:jump":140,"minecraft:total_world_time":53780,"minecraft:fall_one_cm":418},"minecraft:killed_by":{"bwrtherain:vapor":1},"minecraft:broken":{"minecraft:wooden_axe":2},"minecraft:mined":{"minecraft:podzol":20,"minecraft:oak_sapling":5,"minecraft:melon_stem":2,"minecraft:clay":15,"minecraft:oak_fence":6,"minecraft:granite":4,"minecraft:calcite":1,"minecraft:grass_block":84,"minecraft:melon":1,"minecraft:chest":5,"minecraft:copper_ore":15,"minecraft:oak_planks":5,"minecraft:amethyst_block":2,"minecraft:birch_planks":1,"minecraft:spruce_sapling":2,"minecraft:carrots":1,"minecraft:birch_log":18,"minecraft:iron_ore":4,"minecraft:wheat":4,"minecraft:andesite":8,"minecraft:oak_log":39,"minecraft:coal_ore":3,"minecraft:dirt":8,"minecraft:stone":45},"minecraft:dropped":{"minecraft:wooden_hoe":1,"minecraft:wooden_shovel":3,"minecraft:stone_pickaxe":1,"minecraft:wooden_pickaxe":3},"minecraft:used":{"minecraft:oak_fence":21,"minecraft:wheat_seeds":5,"minecraft:water_bucket":1,"minecraft:birch_planks":4,"minecraft:stone_pickaxe":60,"minecraft:oak_planks":62,"minecraft:wooden_pickaxe":29,"minecraft:wooden_shovel":62,"minecraft:torch":3,"minecraft:dirt":44,"minecraft:mushroom_stew":5,"minecraft:carrot":2,"minecraft:pumpkin_seeds":5,"minecraft:wooden_axe":71,"minecraft:wooden_hoe":36,"minecraft:oak_sapling":7,"minecraft:bucket":1},"minecraft:killed":{"minecraft:spider":2,"minecraft:zombie":2,"endofherobrine:chicken":1},"minecraft:picked_up":{"minecraft:birch_log":23,"minecraft:clay_ball":56,"minecraft:andesite":7,"minecraft:wooden_pickaxe":3,"minecraft:mushroom_stew":3,"minecraft:oak_log":27,"minecraft:amethyst_block":2,"minecraft:wooden_hoe":1,"minecraft:dirt":89,"minecraft:raw_copper":52,"minecraft:wheat_seeds":4,"minecraft:calcite":1,"minecraft:wooden_shovel":5,"minecraft:melon_slice":7,"minecraft:chest":3,"minecraft:egg":1,"minecraft:stick":1,"minecraft:raw_iron":4,"minecraft:oak_fence":4,"minecraft:torch":3,"minecraft:spruce_sapling":2,"minecraft:carrot":1,"minecraft:rotten_flesh":2,"minecraft:granite":5,"minecraft:oak_sapling":9,"minecraft:coal":3,"minecraft:cobblestone":42}},"DataVersion":3120}