{"stats":{"minecraft:custom":{"minecraft:open_chest":11,"minecraft:time_since_rest":5780,"minecraft:crouch_one_cm":2472,"minecraft:play_time":5780,"minecraft:time_since_death":5780,"minecraft:walk_one_cm":3799,"minecraft:sneak_time":2282,"minecraft:total_world_time":5780},"minecraft:mined":{"minecraft:grass_block":23,"minecraft:oak_log":11,"minecraft:chest":1,"minecraft:clay":1},"minecraft:used":{"minecraft:dirt":7},"minecraft:picked_up":{"minecraft:oak_log":1,"minecraft:dirt":10}},"DataVersion":3120}