{"stats":{"minecraft:broken":{"minecraft:stone_axe":1},"minecraft:killed_by":{"grimoireofgaia:werecat":3,"gothic:gothic_wolf":1,"grimoireofgaia:kobold":1,"grimoireofgaia:minotaurus":1,"grimoireofgaia:spriggan":3,"minecraft:zombie":1,"gothic:snapper":1},"minecraft:killed":{"vampirism:vampire":2,"alexsmobs:raccoon":2,"gothic:gothic_wolf":2,"naturalist:deer":2,"minecraft:silverfish":6,"grimoireofgaia:spriggan":2,"minecraft:sheep":8,"minecraft:goat":4,"gothic:scavenger_young":2,"minecraft:zombie":4,"exoticbirds:pigeon":2,"grimoireofgaia:werecat":4},"minecraft:dropped":{"minecraft:bread":2,"oaks_decor:throwable_pebble":1,"minecraft:wheat_seeds":4,"gothic:meat_cooked":6,"minecraft:baked_potato":2,"minecraft:feather":1,"croptopia:sweetpotato":1,"croptopia:chile_pepper_seed":2,"bossominium:the_bossdexium":1,"grimoireofgaia:taproot":1,"croptopia:sweetpotato_seed":1,"tombstone:grave_dust":1,"minecraft:dandelion":2,"minecraft:bricks":1,"croptopia:cabbage_seed":3,"guideapi_vp:vampirism-guidebook":1,"croptopia:raisins":1,"evilcraft:flesh_humanoid":1,"minecraft:poppy":1,"supplementaries:ash":1},"minecraft:used":{"minecraft:cooked_salmon":1,"minecraft:stick":3,"naturalist:cooked_venison":1,"minecraft:dirt":14,"croptopia:chile_pepper":1,"minecraft:shroomlight":2,"vampirism:item_tent":1,"exoticbirds:raw_birdmeat":1,"butchercraft:cooked_lamb_scraps":4,"minecraft:golden_sword":10,"minecraft:sweet_berries":28,"minecraft:furnace":4,"tombstone:gift":2,"minecraft:cooked_beef":2,"minecraft:stone_pickaxe":84,"minecraft:wooden_pickaxe":10,"gothic:meadow_knotweed":1,"minecraft:glow_berries":7,"gothic:meat_cooked":1,"minecraft:crafting_table":4,"minecraft:white_bed":6,"croptopia:cabbage":2,"minecraft:bread":6,"minecraft:stone_axe":96,"minecraft:cobblestone":81,"alexsmobs:animal_dictionary":1,"croptopia:cantaloupe":1},"minecraft:picked_up":{"minecraft:charcoal":11,"minecraft:crafting_table":3,"minecraft:iron_chestplate":1,"croptopia:grape_seed":2,"naturalist:venison":2,"croptopia:sweetpotato_seed":1,"croptopia:cabbage_seed":3,"minecraft:shield":1,"croptopia:cantaloupe":1,"minecraft:shroomlight":2,"minecraft:gold_nugget":1,"minecraft:spruce_planks":1,"minecraft:iron_nugget":4,"dynamictrees:oak_seed":5,"minecraft:poppy":1,"minecraft:sugar_cane":1,"minecraft:furnace":3,"grimoireofgaia:taproot":1,"minecraft:stick":54,"minecraft:raw_iron":3,"grimoireofgaia:meat":2,"oaks_decor:throwable_pebble":8,"croptopia:grape":1,"croptopia:cantaloupe_seed":1,"upgrade_aquatic:driftwood_log":4,"supplementaries:ash":4,"minecraft:glow_berries":5,"minecraft:white_wool":3,"exoticbirds:raw_birdmeat":1,"croptopia:cabbage":2,"minecraft:cobblestone":66,"minecraft:birch_log":11,"minecraft:mud_bricks":2,"minecraft:feather":2,"minecraft:cooked_beef":4,"vampirism:item_tent":1,"minecraft:mud_brick_stairs":2,"minecraft:birch_planks":1,"paraglider:spirit_orb":2,"minecraft:oak_log":16,"minecraft:dirt":18,"minecraft:lantern":1,"croptopia:sweetpotato":1,"minecraft:wheat_seeds":4,"dynamictrees:birch_seed":5,"minecraft:mossy_stone_bricks":1,"minecraft:oak_planks":1,"croptopia:chile_pepper_seed":2,"minecraft:sweet_berries":17,"minecraft:dandelion":1,"minecraft:white_bed":6,"exoticbirds:mystery_egg":3,"minecraft:barrel":1,"minecraft:mossy_cobblestone":1,"croptopia:chile_pepper":1,"gothic:meat":1,"butchercraft:lamb_scraps":4,"gothic:meadow_knotweed":1,"minecraft:granite":1,"minecraft:bone_meal":1,"minecraft:coal":4,"minecraft:bricks":1,"myceliummire:purple_mushroom_cap":4},"minecraft:mined":{"croptopia:cantaloupe_crop":1,"minecraft:white_bed":6,"minecraft:mossy_cobblestone":2,"minecraft:glow_lichen":1,"minecraft:cave_vines_plant":1,"minecraft:granite":1,"minecraft:grass_block":5,"minecraft:infested_cobblestone":3,"minecraft:mud_bricks":2,"minecraft:spawner":1,"minecraft:furnace":3,"minecraft:iron_ore":3,"realmrpg_skeletons:rookie_skeleton":1,"supplementaries:stick":5,"minecraft:cave_vines":6,"minecraft:shroomlight":2,"minecraft:iron_bars":1,"minecraft:stone":33,"gothic:giant_river_flowers":1,"vampirism:tent_main":1,"croptopia:sweetpotato_crop":1,"minecraft:crafting_table":3,"minecraft:mud_brick_stairs":2,"minecraft:poppy":1,"minecraft:mushroom_stem":2,"minecraft:cobblestone":30,"minecraft:tall_grass":8,"minecraft:oak_planks":1,"minecraft:bricks":1,"minecraft:skeleton_skull":1,"supplementaries:urn":1,"gothic:meadow_knotweed_wild":1,"myceliummire:purple_mushroom_cap":4,"minecraft:sweet_berry_bush":9,"minecraft:ice":1,"croptopia:chile_pepper_crop":1,"minecraft:grass":8,"minecraft:dirt":13,"oaks_decor:pebbles_2":8,"upgrade_aquatic:driftwood_log":4,"minecraft:red_mushroom_block":1,"minecraft:small_dripleaf":1,"minecraft:mossy_stone_bricks":1},"minecraft:crafted":{"butchercraft:cooked_lamb_scraps":4,"minecraft:oak_planks":64,"naturalist:cooked_venison":1,"minecraft:furnace":1,"croptopia:raisins":1,"minecraft:stone_pickaxe":1,"upgrade_aquatic:driftwood_planks":16,"blue_skies:blue_journal":1,"gothic:meat_cooked":7,"minecraft:crafting_table":2,"minecraft:wooden_pickaxe":1,"minecraft:cooked_salmon":2,"minecraft:birch_planks":44,"minecraft:stone_axe":2,"minecraft:air":0,"minecraft:stick":8,"minecraft:white_bed":1},"minecraft:custom":{"minecraft:inspect_dropper":2,"minecraft:mob_kills":21,"minecraft:interact_with_crafting_table":10,"minecraft:open_barrel":9,"minecraft:leave_game":2,"minecraft:time_since_death":1779,"minecraft:climb_one_cm":4436,"minecraft:sprint_one_cm":366815,"minecraft:walk_one_cm":244296,"minecraft:drop":33,"minecraft:damage_dealt_absorbed":108,"minecraft:talked_to_villager":3,"minecraft:play_time":110853,"minecraft:deaths":11,"minecraft:sneak_time":2229,"minecraft:walk_under_water_one_cm":7287,"minecraft:boat_one_cm":53739,"minecraft:jump":1796,"minecraft:walk_on_water_one_cm":12866,"minecraft:total_world_time":110853,"minecraft:interact_with_furnace":39,"minecraft:traded_with_villager":1,"minecraft:sleep_in_bed":3,"minecraft:time_since_rest":1490,"minecraft:damage_taken":3676,"minecraft:damage_dealt":4195,"minecraft:swim_one_cm":13977,"minecraft:fly_one_cm":345851,"minecraft:open_chest":37,"minecraft:crouch_one_cm":5653,"tombstone:undead_killed":2,"minecraft:fall_one_cm":37658,"minecraft:inspect_dispenser":1}},"DataVersion":3120}