{"stats":{"minecraft:killed_by":{"gothic:gothic_wolf":1,"grimoireofgaia:kobold":1,"grimoireofgaia:minotaurus":1,"grimoireofgaia:werecat":2,"gothic:snapper":1},"minecraft:killed":{"vampirism:vampire":2,"minecraft:sheep":6,"gothic:scavenger_young":2,"grimoireofgaia:werecat":2},"minecraft:dropped":{"minecraft:bread":2,"minecraft:wheat_seeds":4,"gothic:meat_cooked":6,"minecraft:baked_potato":2,"croptopia:cabbage_seed":3,"minecraft:feather":1,"croptopia:sweetpotato":1,"guideapi_vp:vampirism-guidebook":1,"croptopia:raisins":1,"croptopia:chile_pepper_seed":2,"evilcraft:flesh_humanoid":1,"bossominium:the_bossdexium":1,"supplementaries:ash":1,"croptopia:sweetpotato_seed":1,"tombstone:grave_dust":1,"minecraft:dandelion":2},"minecraft:used":{"minecraft:stone_pickaxe":35,"minecraft:wooden_pickaxe":10,"gothic:meadow_knotweed":1,"minecraft:stick":3,"minecraft:dirt":14,"minecraft:crafting_table":2,"croptopia:chile_pepper":1,"minecraft:white_bed":3,"vampirism:item_tent":1,"butchercraft:cooked_lamb_scraps":3,"croptopia:cabbage":2,"minecraft:bread":6,"minecraft:stone_axe":36,"minecraft:cobblestone":24,"minecraft:furnace":1,"tombstone:gift":2,"alexsmobs:animal_dictionary":1},"minecraft:picked_up":{"minecraft:birch_log":10,"minecraft:crafting_table":1,"minecraft:feather":2,"vampirism:item_tent":1,"croptopia:grape_seed":2,"croptopia:sweetpotato_seed":1,"croptopia:cabbage_seed":3,"minecraft:oak_log":16,"minecraft:dirt":18,"croptopia:cantaloupe":1,"croptopia:sweetpotato":1,"minecraft:wheat_seeds":4,"dynamictrees:birch_seed":4,"dynamictrees:oak_seed":5,"minecraft:iron_nugget":2,"minecraft:oak_planks":1,"minecraft:stick":51,"croptopia:chile_pepper_seed":2,"minecraft:raw_iron":3,"minecraft:dandelion":1,"oaks_decor:throwable_pebble":7,"minecraft:white_bed":2,"exoticbirds:mystery_egg":3,"croptopia:grape":1,"croptopia:chile_pepper":1,"croptopia:cantaloupe_seed":1,"upgrade_aquatic:driftwood_log":4,"butchercraft:lamb_scraps":4,"gothic:meadow_knotweed":1,"minecraft:granite":1,"supplementaries:ash":4,"croptopia:cabbage":2,"minecraft:white_wool":2,"minecraft:cobblestone":46},"minecraft:mined":{"croptopia:cantaloupe_crop":1,"minecraft:white_bed":2,"vampirism:tent_main":1,"croptopia:sweetpotato_crop":1,"minecraft:crafting_table":1,"minecraft:glow_lichen":1,"minecraft:granite":1,"minecraft:grass_block":5,"minecraft:tall_grass":8,"minecraft:cobblestone":6,"minecraft:oak_planks":1,"supplementaries:urn":1,"gothic:meadow_knotweed_wild":1,"minecraft:iron_ore":3,"croptopia:chile_pepper_crop":1,"minecraft:grass":8,"realmrpg_skeletons:rookie_skeleton":1,"supplementaries:stick":5,"minecraft:dirt":13,"oaks_decor:pebbles_2":6,"upgrade_aquatic:driftwood_log":4,"minecraft:stone":33,"gothic:giant_river_flowers":1},"minecraft:crafted":{"butchercraft:cooked_lamb_scraps":4,"gothic:meat_cooked":6,"blue_skies:blue_journal":1,"minecraft:crafting_table":1,"minecraft:wooden_pickaxe":1,"minecraft:furnace":1,"minecraft:stone_axe":1,"minecraft:air":0,"croptopia:raisins":1,"minecraft:stick":8,"minecraft:stone_pickaxe":1,"minecraft:white_bed":1,"upgrade_aquatic:driftwood_planks":16},"minecraft:custom":{"minecraft:interact_with_furnace":22,"minecraft:mob_kills":5,"minecraft:traded_with_villager":1,"minecraft:interact_with_crafting_table":7,"minecraft:open_barrel":1,"minecraft:leave_game":2,"minecraft:time_since_death":25327,"minecraft:sleep_in_bed":3,"minecraft:climb_one_cm":454,"minecraft:time_since_rest":842,"minecraft:sprint_one_cm":195424,"minecraft:damage_taken":1730,"minecraft:walk_one_cm":124477,"minecraft:drop":29,"minecraft:damage_dealt":1136,"minecraft:swim_one_cm":5861,"minecraft:talked_to_villager":3,"minecraft:fly_one_cm":247827,"minecraft:open_chest":4,"minecraft:crouch_one_cm":3686,"minecraft:play_time":68401,"minecraft:deaths":6,"minecraft:sneak_time":1197,"minecraft:walk_under_water_one_cm":1037,"minecraft:jump":1153,"minecraft:walk_on_water_one_cm":8523,"minecraft:total_world_time":68401,"minecraft:fall_one_cm":21867,"minecraft:inspect_dispenser":1}},"DataVersion":3120}