{
  "minecraft:recipes/tools/fishing_rod": {
    "criteria": {
      "has_string": "2024-08-07 19:21:36 +0000"
    },
    "done": true
  },
  "minecraft:recipes/decorations/smoker": {
    "criteria": {
      "has_furnace": "2024-08-07 19:35:26 +0000"
    },
    "done": true
  },
  "minecraft:recipes/food/cooked_mutton_from_campfire_cooking": {
    "criteria": {
      "has_mutton": "2024-08-07 20:04:16 +0000"
    },
    "done": true
  },
  "minecraft:recipes/redstone/lever": {
    "criteria": {
      "has_cobblestone": "2024-08-07 19:16:50 +0000"
    },
    "done": true
  },
  "smallships:recipes/transportation/birch_drakkar": {
    "criteria": {
      "in_water": "2024-08-07 19:19:37 +0000"
    },
    "done": true
  },
  "farmersdelight:recipes/farmersdelight/organic_compost_from_rotten_flesh": {
    "criteria": {
      "has_rotten_flesh": "2024-08-07 19:53:05 +0000"
    },
    "done": true
  },
  "minecraft:recipes/redstone/acacia_button": {
    "criteria": {
      "has_planks": "2024-08-07 19:14:23 +0000"
    },
    "done": true
  },
  "minecraft:recipes/combat/iron_sword": {
    "criteria": {
      "has_iron_ingot": "2024-08-07 19:15:01 +0000"
    },
    "done": true
  },
  "croptopia:recipes/campfire_toast": {
    "criteria": {
      "has_bread": "2024-08-07 22:04:00 +0000"
    },
    "done": true
  },
  "minecraft:recipes/building_blocks/polished_deepslate": {
    "criteria": {
      "has_cobbled_deepslate": "2024-08-07 22:00:31 +0000"
    },
    "done": true
  },
  "croptopia:recipes/fruit_smoothie": {
    "criteria": {
      "has_fruit": "2024-08-07 19:14:43 +0000"
    },
    "done": true
  },
  "minecraft:recipes/building_blocks/chiseled_deepslate_from_cobbled_deepslate_stonecutting": {
    "criteria": {
      "has_cobbled_deepslate": "2024-08-07 22:00:31 +0000"
    },
    "done": true
  },
  "minecraft:recipes/building_blocks/chiseled_stone_bricks": {
    "criteria": {
      "has_tag": "2024-08-07 19:22:11 +0000"
    },
    "done": true
  },
  "minecraft:recipes/tools/iron_pickaxe": {
    "criteria": {
      "has_iron_ingot": "2024-08-07 19:15:01 +0000"
    },
    "done": true
  },
  "farmersdelight:main/place_cooking_pot": {
    "criteria": {
      "cooking_pot": "2024-08-07 19:36:03 +0000"
    },
    "done": true
  },
  "minecraft:recipes/combat/leather_helmet": {
    "criteria": {
      "has_leather": "2024-08-07 20:16:42 +0000"
    },
    "done": true
  },
  "minecraft:recipes/decorations/crafting_table": {
    "criteria": {
      "has_planks": "2024-08-07 19:13:43 +0000"
    },
    "done": true
  },
  "minecraft:recipes/building_blocks/magenta_wool": {
    "criteria": {
      "has_white_wool": "2024-08-07 20:04:16 +0000"
    },
    "done": true
  },
  "croptopia:recipes/beef_jerky": {
    "criteria": {
      "has_beef": "2024-08-07 20:16:42 +0000"
    },
    "done": true
  },
  "smallships:recipes/transportation/birch_cog": {
    "criteria": {
      "in_water": "2024-08-07 19:19:37 +0000"
    },
    "done": true
  },
  "exoticbirds:recipes/orange_birdhouse": {
    "criteria": {
      "has_wood": "2024-08-07 19:13:43 +0000"
    },
    "done": true
  },
  "minecraft:recipes/decorations/ladder": {
    "criteria": {
      "has_stick": "2024-08-07 19:15:49 +0000"
    },
    "done": true
  },
  "farmersdelight:recipes/farmersdelight/pie_crust": {
    "criteria": {
      "has_wheat": "2024-08-07 23:40:20 +0000"
    },
    "done": true
  },
  "minecraft:recipes/combat/golden_sword": {
    "criteria": {
      "has_gold_ingot": "2024-08-07 19:14:42 +0000"
    },
    "done": true
  },
  "minecraft:recipes/decorations/chest": {
    "criteria": {
      "has_lots_of_items": "2024-08-07 19:14:43 +0000"
    },
    "done": true
  },
  "vampirism:recipes/vampirism/hunter/cross": {
    "criteria": {
      "has_planks": "2024-08-07 19:13:43 +0000"
    },
    "done": true
  },
  "minecraft:recipes/building_blocks/cobbled_deepslate_slab": {
    "criteria": {
      "has_cobbled_deepslate": "2024-08-07 22:00:31 +0000"
    },
    "done": true
  },
  "minecraft:recipes/transportation/mangrove_boat": {
    "criteria": {
      "in_water": "2024-08-07 19:19:37 +0000"
    },
    "done": true
  },
  "exoticbirds:recipes/light_gray_birdhouse": {
    "criteria": {
      "has_wood": "2024-08-07 19:13:43 +0000"
    },
    "done": true
  },
  "minecraft:recipes/tools/wooden_shovel": {
    "criteria": {
      "has_stick": "2024-08-07 19:15:49 +0000"
    },
    "done": true
  },
  "minecraft:recipes/decorations/torch": {
    "criteria": {
      "has_the_recipe": "2024-08-07 23:36:00 +0000"
    },
    "done": true
  },
  "farmersdelight:recipes/farmersdelight/cooking/vegetable_soup": {
    "criteria": {
      "has_any_ingredient": "2024-08-08 12:34:45 +0000"
    },
    "done": true
  },
  "vampirism:recipes/vampirism/vampire/heart_striker_enhanced_repair": {
    "criteria": {
      "has_heart_striker": "2024-08-07 19:24:04 +0000"
    },
    "done": true
  },
  "minecraft:recipes/tools/shears": {
    "criteria": {
      "has_iron_ingot": "2024-08-07 19:15:01 +0000"
    },
    "done": true
  },
  "croptopia:gather_all": {
    "criteria": {
      "cantaloupe_seed": "2024-08-07 20:03:02 +0000",
      "elderberry_seed": "2024-08-07 20:03:10 +0000",
      "grape_seed": "2024-08-07 21:59:20 +0000",
      "spinach_seed": "2024-08-07 20:00:52 +0000"
    },
    "done": false
  },
  "minecraft:recipes/misc/stick": {
    "criteria": {
      "has_planks": "2024-08-07 19:13:43 +0000"
    },
    "done": true
  },
  "croptopia:recipes/croptopia.croptopia/elderberry_seed": {
    "criteria": {
      "has_elderberry": "2024-08-07 20:03:09 +0000"
    },
    "done": true
  },
  "sophisticatedbackpacks:recipes/sophisticatedbackpacks/smelting_upgrade": {
    "criteria": {
      "has_upgrade_base": "2024-08-08 11:50:09 +0000"
    },
    "done": true
  },
  "smallships:recipes/transportation/acacia_galley": {
    "criteria": {
      "in_water": "2024-08-07 19:19:37 +0000"
    },
    "done": true
  },
  "croptopia:recipes/croptopia.croptopia/pecan_ice_cream": {
    "criteria": {
      "has_pecan": "2024-08-07 20:03:19 +0000"
    },
    "done": true
  },
  "netherdungeons:recipes/crafting/gold_chain": {
    "criteria": {
      "has_items": "2024-08-07 19:14:42 +0000"
    },
    "done": true
  },
  "minecraft:recipes/misc/flower_banner_pattern": {
    "criteria": {
      "has_oxeye_daisy": "2024-08-07 23:16:07 +0000"
    },
    "done": true
  },
  "atlantis:recipes/atlantis.general/orichalcum_blend": {
    "criteria": {
      "has_aquamarine_gem": "2024-08-08 12:48:21 +0000",
      "has_the_recipe": "2024-08-08 12:48:21 +0000"
    },
    "done": true
  },
  "betterdungeons:all_dungeons": {
    "criteria": {
      "in_better_spider_dungeon": "2024-08-07 19:16:30 +0000",
      "in_better_monster_room": "2024-08-07 23:52:37 +0000"
    },
    "done": false
  },
  "minecraft:recipes/redstone/dispenser": {
    "criteria": {
      "has_bow": "2024-08-07 22:09:34 +0000"
    },
    "done": true
  },
  "deeperdarker:main/root": {
    "criteria": {
      "deep_dark": "2024-08-08 12:11:28 +0000"
    },
    "done": true
  },
  "croptopia:recipes/roasted_smoking": {
    "criteria": {
      "has_nut": "2024-08-07 20:00:45 +0000"
    },
    "done": true
  },
  "minecraft:recipes/building_blocks/emerald_block": {
    "criteria": {
      "has_emerald": "2024-08-07 19:15:00 +0000"
    },
    "done": true
  },
  "minecraft:recipes/transportation/detector_rail": {
    "criteria": {
      "has_rail": "2024-08-07 22:00:35 +0000"
    },
    "done": true
  },
  "vampirism:recipes/vampirism/general/throne": {
    "criteria": {
      "has_planks": "2024-08-07 19:13:43 +0000"
    },
    "done": true
  },
  "minecraft:recipes/combat/iron_leggings": {
    "criteria": {
      "has_iron_ingot": "2024-08-07 19:15:01 +0000"
    },
    "done": true
  },
  "minecraft:recipes/brewing/golden_carrot": {
    "criteria": {
      "has_gold_nugget": "2024-08-08 00:09:04 +0000"
    },
    "done": true
  },
  "minecraft:recipes/combat/shield": {
    "criteria": {
      "has_iron_ingot": "2024-08-07 19:15:01 +0000"
    },
    "done": true
  },
  "minecraft:recipes/building_blocks/cobblestone_slab": {
    "criteria": {
      "has_cobblestone": "2024-08-07 19:16:50 +0000"
    },
    "done": true
  },
  "croptopia:recipes/cheeseburger": {
    "criteria": {
      "has_beef": "2024-08-07 20:16:42 +0000"
    },
    "done": true
  },
  "minecraft:recipes/decorations/gray_bed": {
    "criteria": {
      "has_gray_wool": "2024-08-07 20:04:22 +0000"
    },
    "done": true
  },
  "minecraft:recipes/redstone/hopper": {
    "criteria": {
      "has_iron_ingot": "2024-08-07 19:15:01 +0000"
    },
    "done": true
  },
  "paraglider:recipes/paraglider/cosmetic/rito_goddess_statue": {
    "criteria": {
      "has_goddess_statue": "2024-08-07 20:22:20 +0000"
    },
    "done": true
  },
  "minecraft:recipes/decorations/cobbled_deepslate_wall_from_cobbled_deepslate_stonecutting": {
    "criteria": {
      "has_cobbled_deepslate": "2024-08-07 22:00:31 +0000"
    },
    "done": true
  },
  "grimoireofgaia:main/werecat": {
    "criteria": {
      "kill": "2024-08-07 20:18:23 +0000"
    },
    "done": true
  },
  "vampirism:main/root": {
    "criteria": {
      "main": "2024-08-07 19:31:32 +0000"
    },
    "done": true
  },
  "minecraft:recipes/transportation/jungle_chest_boat": {
    "criteria": {
      "has_boat": "2024-08-07 20:07:20 +0000"
    },
    "done": true
  },
  "farmersdelight:recipes/farmersdelight/cooking/beef_stew": {
    "criteria": {
      "has_any_ingredient": "2024-08-07 20:16:42 +0000"
    },
    "done": true
  },
  "naturalist:recipes/food/cooked_egg": {
    "criteria": {
      "has_eggs": "2024-08-07 19:12:24 +0000"
    },
    "done": true
  },
  "vampirism:recipes/vampirism/vampire/coffin_white": {
    "criteria": {
      "has_wool": "2024-08-07 20:04:16 +0000"
    },
    "done": true
  },
  "minecraft:recipes/building_blocks/deepslate_tile_stairs_from_cobbled_deepslate_stonecutting": {
    "criteria": {
      "has_cobbled_deepslate": "2024-08-07 22:00:31 +0000"
    },
    "done": true
  },
  "farmersdelight:recipes/farmersdelight/cooking/vegetable_noodles": {
    "criteria": {
      "has_any_ingredient": "2024-08-08 12:34:45 +0000"
    },
    "done": true
  },
  "minecraft:adventure/avoid_vibration": {
    "criteria": {
      "avoid_vibration": "2024-08-08 12:11:59 +0000"
    },
    "done": true
  },
  "croptopia:recipes/shaped_water_bottle": {
    "criteria": {
      "has_water": "2024-08-07 20:12:39 +0000"
    },
    "done": true
  },
  "minecraft:recipes/combat/leather_leggings": {
    "criteria": {
      "has_leather": "2024-08-07 20:16:42 +0000"
    },
    "done": true
  },
  "sophisticatedbackpacks:recipes/sophisticatedbackpacks/blasting_upgrade": {
    "criteria": {
      "has_upgrade_base": "2024-08-08 11:50:09 +0000"
    },
    "done": true
  },
  "exoticbirds:recipes/black_birdhouse": {
    "criteria": {
      "has_wood": "2024-08-07 19:13:43 +0000"
    },
    "done": true
  },
  "exoticbirds:recipes/red_birdhouse": {
    "criteria": {
      "has_wood": "2024-08-07 19:13:43 +0000"
    },
    "done": true
  },
  "minecraft:recipes/redstone/lectern": {
    "criteria": {
      "has_book": "2024-08-07 22:33:46 +0000"
    },
    "done": true
  },
  "grimoireofgaia:recipes/grimoireofgaia/quill": {
    "criteria": {
      "has_diamond": "2024-08-07 19:14:48 +0000"
    },
    "done": true
  },
  "minecraft:recipes/decorations/acacia_fence": {
    "criteria": {
      "has_planks": "2024-08-07 19:14:23 +0000"
    },
    "done": true
  },
  "minecraft:recipes/decorations/magenta_bed_from_white_bed": {
    "criteria": {
      "has_bed": "2024-08-07 19:43:12 +0000"
    },
    "done": true
  },
  "minecraft:recipes/decorations/iron_bars": {
    "criteria": {
      "has_iron_ingot": "2024-08-07 19:15:01 +0000"
    },
    "done": true
  },
  "minecraft:recipes/building_blocks/andesite_stairs_from_andesite_stonecutting": {
    "criteria": {
      "has_andesite": "2024-08-07 23:06:18 +0000"
    },
    "done": true
  },
  "exoticbirds:recipes/crimson_birdcage": {
    "criteria": {
      "has_ingot": "2024-08-07 19:15:01 +0000"
    },
    "done": true
  },
  "smallships:recipes/transportation/oak_brigg": {
    "criteria": {
      "in_water": "2024-08-07 19:19:37 +0000"
    },
    "done": true
  },
  "minecraft:recipes/building_blocks/gold_block": {
    "criteria": {
      "has_gold_ingot": "2024-08-07 19:14:42 +0000"
    },
    "done": true
  },
  "minecraft:recipes/building_blocks/blue_wool": {
    "criteria": {
      "has_white_wool": "2024-08-07 20:04:16 +0000"
    },
    "done": true
  },
  "minecraft:recipes/transportation/acacia_chest_boat": {
    "criteria": {
      "has_boat": "2024-08-07 20:07:20 +0000"
    },
    "done": true
  },
  "exoticbirds:default/root": {
    "criteria": {
      "launch_mod": "2024-08-07 19:12:24 +0000"
    },
    "done": true
  },
  "smallships:recipes/transportation/birch_galley": {
    "criteria": {
      "in_water": "2024-08-07 19:19:37 +0000"
    },
    "done": true
  },
  "minecraft:recipes/decorations/mossy_stone_brick_wall": {
    "criteria": {
      "has_mossy_stone_bricks": "2024-08-08 12:16:59 +0000"
    },
    "done": true
  },
  "blue_skies:everbright/get_ventium": {
    "criteria": {
      "obtain_material": "2024-08-07 22:34:22 +0000"
    },
    "done": true
  },
  "sophisticatedbackpacks:recipes/sophisticatedbackpacks/chipped/carpenter_workbench_upgrade": {
    "criteria": {
      "has_upgrade_base": "2024-08-08 11:50:09 +0000"
    },
    "done": true
  },
  "exoticbirds:recipes/cyan_birdhouse": {
    "criteria": {
      "has_wood": "2024-08-07 19:13:43 +0000"
    },
    "done": true
  },
  "minecraft:recipes/decorations/deepslate_brick_wall_from_cobbled_deepslate_stonecutting": {
    "criteria": {
      "has_cobbled_deepslate": "2024-08-07 22:00:31 +0000"
    },
    "done": true
  },
  "vampirism:recipes/vampirism/vampire/blood_infused_iron_ingot": {
    "criteria": {
      "has_iron": "2024-08-07 19:15:01 +0000"
    },
    "done": true
  },
  "minecraft:recipes/brewing/cauldron": {
    "criteria": {
      "has_water_bucket": "2024-08-07 20:12:39 +0000"
    },
    "done": true
  },
  "minecraft:recipes/combat/diamond_leggings": {
    "criteria": {
      "has_diamond": "2024-08-07 19:14:48 +0000"
    },
    "done": true
  },
  "minecraft:adventure/sleep_in_bed": {
    "criteria": {
      "slept_in_bed": "2024-08-07 19:43:04 +0000"
    },
    "done": true
  },
  "exoticbirds:recipes/blue_birdhouse": {
    "criteria": {
      "has_wood": "2024-08-07 19:13:43 +0000"
    },
    "done": true
  },
  "croptopia:recipes/candy_corn": {
    "criteria": {
      "has_the_recipe": "2024-08-07 20:00:45 +0000"
    },
    "done": true
  },
  "minecraft:recipes/building_blocks/cobblestone_slab_from_cobblestone_stonecutting": {
    "criteria": {
      "has_cobblestone": "2024-08-07 19:16:50 +0000"
    },
    "done": true
  },
  "croptopia:recipes/nutty_cookie": {
    "criteria": {
      "has_nuts": "2024-08-07 20:00:45 +0000"
    },
    "done": true
  },
  "minecraft:recipes/building_blocks/oak_stairs": {
    "criteria": {
      "has_planks": "2024-08-07 19:13:43 +0000"
    },
    "done": true
  },
  "croptopia:recipes/roasted_nuts_from_campfire": {
    "criteria": {
      "has_nut": "2024-08-07 20:00:45 +0000"
    },
    "done": true
  },
  "farmersdelight:recipes/farmersdelight/roasted_mutton_chops": {
    "criteria": {
      "has_mutton": "2024-08-07 20:05:37 +0000"
    },
    "done": true
  },
  "minecraft:recipes/building_blocks/polished_andesite_slab_from_andesite_stonecutting": {
    "criteria": {
      "has_andesite": "2024-08-07 23:06:18 +0000"
    },
    "done": true
  },
  "blue_skies:recipes/blue_skies_everbright_blocks/frostbright_bookshelf": {
    "criteria": {
      "has_item": "2024-08-07 22:33:46 +0000"
    },
    "done": true
  },
  "minecraft:recipes/transportation/acacia_boat": {
    "criteria": {
      "in_water": "2024-08-07 19:19:37 +0000"
    },
    "done": true
  },
  "minecraft:recipes/redstone/iron_trapdoor": {
    "criteria": {
      "has_iron_ingot": "2024-08-07 19:15:01 +0000"
    },
    "done": true
  },
  "farmersdelight:recipes/farmersdelight/cutting_board": {
    "criteria": {
      "has_stick": "2024-08-07 19:15:49 +0000"
    },
    "done": true
  },
  "exoticbirds:recipes/phoenix_egg_from_twilight_phoenix": {
    "criteria": {
      "has_egg": "2024-08-07 19:12:24 +0000"
    },
    "done": true
  },
  "minecraft:adventure/root": {
    "criteria": {
      "killed_by_something": "2024-08-07 19:27:23 +0000"
    },
    "done": true
  },
  "sophisticatedbackpacks:recipes/sophisticatedbackpacks/void_upgrade": {
    "criteria": {
      "has_upgrade_base": "2024-08-08 11:50:09 +0000"
    },
    "done": true
  },
  "vampirism:recipes/vampirism/vampire/candelabra_candles": {
    "criteria": {
      "has_gold": "2024-08-07 19:14:42 +0000"
    },
    "done": true
  },
  "minecraft:recipes/transportation/dark_oak_chest_boat": {
    "criteria": {
      "has_boat": "2024-08-07 20:07:20 +0000"
    },
    "done": true
  },
  "croptopia:recipes/pork_jerky": {
    "criteria": {
      "has_the_recipe": "2024-08-07 20:16:42 +0000"
    },
    "done": true
  },
  "minecraft:recipes/decorations/gray_bed_from_white_bed": {
    "criteria": {
      "has_bed": "2024-08-07 19:43:12 +0000"
    },
    "done": true
  },
  "sophisticatedbackpacks:recipes/sophisticatedbackpacks/chipped/mason_workbench_upgrade": {
    "criteria": {
      "has_upgrade_base": "2024-08-08 11:50:09 +0000"
    },
    "done": true
  },
  "minecraft:recipes/building_blocks/white_wool_from_string": {
    "criteria": {
      "has_string": "2024-08-07 19:21:36 +0000"
    },
    "done": true
  },
  "minecraft:recipes/tools/diamond_pickaxe": {
    "criteria": {
      "has_diamond": "2024-08-07 19:14:48 +0000"
    },
    "done": true
  },
  "grimoireofgaia:main/toad": {
    "criteria": {
      "kill": "2024-08-07 19:56:36 +0000"
    },
    "done": true
  },
  "sophisticatedbackpacks:recipes/sophisticatedbackpacks/chipped/shepherd_workbench_upgrade": {
    "criteria": {
      "has_upgrade_base": "2024-08-08 11:50:09 +0000"
    },
    "done": true
  },
  "minecraft:adventure/kill_all_mobs": {
    "criteria": {
      "minecraft:pillager": "2024-08-08 11:05:44 +0000",
      "minecraft:skeleton": "2024-08-07 19:33:08 +0000",
      "minecraft:spider": "2024-08-07 19:38:12 +0000",
      "minecraft:creeper": "2024-08-07 19:34:00 +0000",
      "minecraft:cave_spider": "2024-08-08 11:48:41 +0000",
      "minecraft:enderman": "2024-08-08 11:38:34 +0000",
      "minecraft:zombie": "2024-08-07 19:30:11 +0000"
    },
    "done": false
  },
  "croptopia:recipes/croptopia.croptopia/frying_pan": {
    "criteria": {
      "has_iron": "2024-08-07 19:15:01 +0000"
    },
    "done": true
  },
  "croptopia:recipes/croptopia.croptopia/spinach_seed": {
    "criteria": {
      "has_spinach": "2024-08-07 20:00:52 +0000"
    },
    "done": true
  },
  "vampirism:recipes/vampirism/vampire/vampire_clothing_crown": {
    "criteria": {
      "has_gold": "2024-08-07 19:14:42 +0000"
    },
    "done": true
  },
  "vampirism:recipes/vampirism/hunter/item_med_chair": {
    "criteria": {
      "has_iron_ingot": "2024-08-07 19:15:01 +0000"
    },
    "done": true
  },
  "vampirism:recipes/vampirism/alchemy_table": {
    "criteria": {
      "has_planks": "2024-08-07 19:13:43 +0000"
    },
    "done": true
  },
  "farmersdelight:recipes/farmersdelight/cooking_pot": {
    "criteria": {
      "has_iron_ingot": "2024-08-07 19:15:01 +0000"
    },
    "done": true
  },
  "minecraft:recipes/building_blocks/polished_deepslate_from_cobbled_deepslate_stonecutting": {
    "criteria": {
      "has_cobbled_deepslate": "2024-08-07 22:00:31 +0000"
    },
    "done": true
  },
  "minecraft:recipes/redstone/redstone_block": {
    "criteria": {
      "has_redstone": "2024-08-07 23:41:12 +0000"
    },
    "done": true
  },
  "minecraft:recipes/decorations/stone_brick_wall": {
    "criteria": {
      "has_stone_bricks": "2024-08-07 19:22:11 +0000"
    },
    "done": true
  },
  "minecraft:recipes/food/cooked_beef_from_smoking": {
    "criteria": {
      "has_beef": "2024-08-07 20:16:42 +0000"
    },
    "done": true
  },
  "smallships:recipes/transportation/spruce_brigg": {
    "criteria": {
      "in_water": "2024-08-07 19:19:37 +0000"
    },
    "done": true
  },
  "minecraft:recipes/decorations/pink_bed_from_white_bed": {
    "criteria": {
      "has_bed": "2024-08-07 19:43:12 +0000"
    },
    "done": true
  },
  "minecraft:recipes/misc/light_gray_dye_from_azure_bluet": {
    "criteria": {
      "has_azure_bluet": "2024-08-07 23:23:29 +0000"
    },
    "done": true
  },
  "minecraft:recipes/misc/iron_nugget_from_smelting": {
    "criteria": {
      "has_iron_pickaxe": "2024-08-07 19:15:54 +0000"
    },
    "done": true
  },
  "vampirism:recipes/brewing/vampire/blood_bottle_to_glass": {
    "criteria": {
      "has_blood_bottle": "2024-08-07 19:14:42 +0000"
    },
    "done": true
  },
  "minecraft:recipes/food/cooked_mutton_from_smoking": {
    "criteria": {
      "has_mutton": "2024-08-07 20:04:16 +0000"
    },
    "done": true
  },
  "minecraft:recipes/building_blocks/polished_deepslate_slab_from_cobbled_deepslate_stonecutting": {
    "criteria": {
      "has_cobbled_deepslate": "2024-08-07 22:00:31 +0000"
    },
    "done": true
  },
  "minecraft:adventure/voluntary_exile": {
    "criteria": {
      "voluntary_exile": "2024-08-08 11:05:51 +0000"
    },
    "done": true
  },
  "minecraft:recipes/decorations/granite_wall_from_granite_stonecutting": {
    "criteria": {
      "has_granite": "2024-08-07 19:31:11 +0000"
    },
    "done": true
  },
  "minecraft:recipes/decorations/chain": {
    "criteria": {
      "has_iron_ingot": "2024-08-07 19:15:01 +0000"
    },
    "done": true
  },
  "vampirism:recipes/vampirism/vampire/blood_infused_enhanced_iron_ingot": {
    "criteria": {
      "has_iron": "2024-08-07 19:15:01 +0000"
    },
    "done": true
  },
  "croptopia:getseeds": {
    "criteria": {
      "has_seeds": "2024-08-07 20:03:02 +0000"
    },
    "done": true
  },
  "minecraft:recipes/misc/blue_dye": {
    "criteria": {
      "has_lapis_lazuli": "2024-08-07 23:41:12 +0000"
    },
    "done": true
  },
  "minecraft:recipes/decorations/oak_fence": {
    "criteria": {
      "has_planks": "2024-08-07 19:13:43 +0000"
    },
    "done": true
  },
  "farmersdelight:recipes/farmersdelight/cooking/apple_cider": {
    "criteria": {
      "has_apple": "2024-08-07 19:19:46 +0000"
    },
    "done": true
  },
  "paraglider:root": {
    "criteria": {
      "crafting_table": "2024-08-07 19:15:45 +0000"
    },
    "done": true
  },
  "smallships:recipes/transportation/spruce_cog": {
    "criteria": {
      "in_water": "2024-08-07 19:19:37 +0000"
    },
    "done": true
  },
  "supplementaries:adventure/way_sign": {
    "criteria": {
      "bastion": "2024-08-07 23:08:36 +0000"
    },
    "done": true
  },
  "exoticbirds:recipes/dark_oak_birdcage": {
    "criteria": {
      "has_ingot": "2024-08-07 19:15:01 +0000"
    },
    "done": true
  },
  "smallships:recipes/transportation/mangrove_drakkar": {
    "criteria": {
      "in_water": "2024-08-07 19:19:37 +0000"
    },
    "done": true
  },
  "vampirism:recipes/vampirism/vampire/blood_pedestal": {
    "criteria": {
      "has_gold": "2024-08-07 19:14:42 +0000"
    },
    "done": true
  },
  "minecraft:recipes/food/baked_potato_from_campfire_cooking": {
    "criteria": {
      "has_potato": "2024-08-07 21:55:56 +0000"
    },
    "done": true
  },
  "minecraft:recipes/building_blocks/oak_slab": {
    "criteria": {
      "has_planks": "2024-08-07 19:13:43 +0000"
    },
    "done": true
  },
  "sophisticatedbackpacks:recipes/sophisticatedbackpacks/everlasting_upgrade": {
    "criteria": {
      "has_upgrade_base": "2024-08-08 11:50:09 +0000"
    },
    "done": true
  },
  "tombstone:adventure/neighborhood_brawl": {
    "criteria": {
      "coded_trigger": "2024-08-07 21:56:13 +0000"
    },
    "done": true
  },
  "deeperdarker:recipes/deeperdarker/echo_boat": {
    "criteria": {
      "in_water": "2024-08-07 19:19:37 +0000"
    },
    "done": true
  },
  "vampirism:main/ancient_knowledge": {
    "criteria": {
      "blood_container": "2024-08-07 19:14:44 +0000"
    },
    "done": true
  },
  "minecraft:recipes/building_blocks/granite_stairs": {
    "criteria": {
      "has_granite": "2024-08-07 19:31:11 +0000"
    },
    "done": true
  },
  "croptopia:recipes/croptopia.croptopia/knife": {
    "criteria": {
      "has_iron": "2024-08-07 19:15:01 +0000"
    },
    "done": true
  },
  "croptopia:recipes/hamburger": {
    "criteria": {
      "has_beef": "2024-08-07 20:16:42 +0000"
    },
    "done": true
  },
  "minecraft:recipes/building_blocks/black_wool": {
    "criteria": {
      "has_white_wool": "2024-08-07 20:04:16 +0000"
    },
    "done": true
  },
  "smallships:recipes/transportation/acacia_cog": {
    "criteria": {
      "in_water": "2024-08-07 19:19:37 +0000"
    },
    "done": true
  },
  "minecraft:recipes/combat/golden_chestplate": {
    "criteria": {
      "has_gold_ingot": "2024-08-07 19:14:42 +0000"
    },
    "done": true
  },
  "minecraft:recipes/decorations/deepslate_tile_wall_from_cobbled_deepslate_stonecutting": {
    "criteria": {
      "has_cobbled_deepslate": "2024-08-07 22:00:31 +0000"
    },
    "done": true
  },
  "minecraft:recipes/misc/iron_ingot_from_blasting_raw_iron": {
    "criteria": {
      "has_raw_iron": "2024-08-07 19:30:16 +0000"
    },
    "done": true
  },
  "sophisticatedbackpacks:recipes/sophisticatedbackpacks/iron_backpack": {
    "criteria": {
      "has_backpack": "2024-08-07 21:58:33 +0000"
    },
    "done": true
  },
  "minecraft:recipes/redstone/acacia_pressure_plate": {
    "criteria": {
      "has_planks": "2024-08-07 19:14:23 +0000"
    },
    "done": true
  },
  "exoticbirds:recipes/acacia_birdcage": {
    "criteria": {
      "has_ingot": "2024-08-07 19:15:01 +0000"
    },
    "done": true
  },
  "minecraft:recipes/building_blocks/diorite_stairs_from_diorite_stonecutting": {
    "criteria": {
      "has_diorite": "2024-08-08 11:32:28 +0000"
    },
    "done": true
  },
  "minecraft:recipes/redstone/slime_block": {
    "criteria": {
      "has_slime_ball": "2024-08-07 19:56:36 +0000"
    },
    "done": true
  },
  "farmersdelight:recipes/farmersdelight/mutton_wrap": {
    "criteria": {
      "has_mutton": "2024-08-07 20:05:37 +0000"
    },
    "done": true
  },
  "exoticbirds:recipes/iron_birdcage": {
    "criteria": {
      "has_material": "2024-08-07 19:15:01 +0000"
    },
    "done": true
  },
  "vampirism:recipes/vampirism/vampire/garlic_finder": {
    "criteria": {
      "has_redstone": "2024-08-07 23:41:12 +0000"
    },
    "done": true
  },
  "farmersdelight:recipes/farmersdelight/cooking/baked_cod_stew": {
    "criteria": {
      "has_any_ingredient": "2024-08-07 21:55:56 +0000"
    },
    "done": true
  },
  "minecraft:recipes/building_blocks/iron_block": {
    "criteria": {
      "has_iron_ingot": "2024-08-07 19:15:01 +0000"
    },
    "done": true
  },
  "smallships:recipes/transportation/oak_cog": {
    "criteria": {
      "in_water": "2024-08-07 19:19:37 +0000"
    },
    "done": true
  },
  "exoticbirds:recipes/phoenix_egg_from_fire_phoenix": {
    "criteria": {
      "has_egg": "2024-08-07 19:12:24 +0000"
    },
    "done": true
  },
  "exoticbirds:recipes/birch_birdcage": {
    "criteria": {
      "has_ingot": "2024-08-07 19:15:01 +0000"
    },
    "done": true
  },
  "minecraft:recipes/misc/red_dye_from_poppy": {
    "criteria": {
      "has_poppy": "2024-08-07 20:05:24 +0000"
    },
    "done": true
  },
  "sophisticatedbackpacks:recipes/sophisticatedbackpacks/copper_backpack": {
    "criteria": {
      "has_backpack": "2024-08-07 21:58:33 +0000"
    },
    "done": true
  },
  "minecraft:recipes/building_blocks/acacia_wood": {
    "criteria": {
      "has_log": "2024-08-07 19:14:13 +0000"
    },
    "done": true
  },
  "blue_skies:recipes/blue_skies_tools/ventium_bucket": {
    "criteria": {
      "has_item": "2024-08-07 22:34:22 +0000"
    },
    "done": true
  },
  "exoticbirds:recipes/phoenix_egg_from_desert_phoenix": {
    "criteria": {
      "has_egg": "2024-08-07 19:12:24 +0000"
    },
    "done": true
  },
  "vampirism:recipes/vampirism/general/altar_cleansing": {
    "criteria": {
      "has_vampire_book": "2024-08-07 19:13:43 +0000"
    },
    "done": true
  },
  "croptopia:recipes/roasted_nuts": {
    "criteria": {
      "has_nut": "2024-08-07 20:00:45 +0000"
    },
    "done": true
  },
  "croptopia:recipes/nougat": {
    "criteria": {
      "has_nuts": "2024-08-07 20:00:45 +0000",
      "has_the_recipe": "2024-08-07 20:00:45 +0000"
    },
    "done": true
  },
  "minecraft:recipes/misc/yellow_dye_from_dandelion": {
    "criteria": {
      "has_dandelion": "2024-08-07 23:28:03 +0000"
    },
    "done": true
  },
  "minecraft:story/deflect_arrow": {
    "criteria": {
      "deflected_projectile": "2024-08-07 23:59:35 +0000"
    },
    "done": true
  },
  "minecraft:recipes/building_blocks/light_blue_wool": {
    "criteria": {
      "has_white_wool": "2024-08-07 20:04:16 +0000"
    },
    "done": true
  },
  "minecraft:recipes/combat/wooden_sword": {
    "criteria": {
      "has_stick": "2024-08-07 19:15:49 +0000"
    },
    "done": true
  },
  "minecraft:recipes/decorations/gray_banner": {
    "criteria": {
      "has_gray_wool": "2024-08-07 20:04:22 +0000"
    },
    "done": true
  },
  "minecraft:recipes/building_blocks/oak_planks": {
    "criteria": {
      "has_logs": "2024-08-07 19:13:30 +0000"
    },
    "done": true
  },
  "croptopia:recipes/horchata": {
    "criteria": {
      "has_almond": "2024-08-07 20:00:45 +0000"
    },
    "done": true
  },
  "minecraft:recipes/building_blocks/bookshelf": {
    "criteria": {
      "has_book": "2024-08-07 22:33:46 +0000"
    },
    "done": true
  },
  "minecraft:recipes/tools/golden_axe": {
    "criteria": {
      "has_gold_ingot": "2024-08-07 19:14:42 +0000"
    },
    "done": true
  },
  "croptopia:recipes/croptopia.croptopia/toast_from_smoking_bread": {
    "criteria": {
      "has_bread": "2024-08-07 22:04:00 +0000"
    },
    "done": true
  },
  "vampirism:recipes/vampirism/general/vampire_rack": {
    "criteria": {
      "has_planks": "2024-08-07 19:13:43 +0000"
    },
    "done": true
  },
  "minecraft:recipes/tools/iron_axe": {
    "criteria": {
      "has_iron_ingot": "2024-08-07 19:15:01 +0000"
    },
    "done": true
  },
  "minecraft:recipes/transportation/mangrove_chest_boat": {
    "criteria": {
      "has_boat": "2024-08-07 20:07:20 +0000"
    },
    "done": true
  },
  "minecraft:recipes/decorations/gray_carpet": {
    "criteria": {
      "has_gray_wool": "2024-08-07 20:04:22 +0000"
    },
    "done": true
  },
  "minecraft:recipes/redstone/tripwire_hook": {
    "criteria": {
      "has_string": "2024-08-07 19:21:36 +0000"
    },
    "done": true
  },
  "vampirism:recipes/vampirism/vampire/candelabra": {
    "criteria": {
      "has_gold": "2024-08-07 19:14:42 +0000"
    },
    "done": true
  },
  "exoticbirds:recipes/spruce_birdcage": {
    "criteria": {
      "has_ingot": "2024-08-07 19:15:01 +0000"
    },
    "done": true
  },
  "minecraft:recipes/combat/iron_boots": {
    "criteria": {
      "has_iron_ingot": "2024-08-07 19:15:01 +0000"
    },
    "done": true
  },
  "exoticbirds:recipes/pink_birdhouse": {
    "criteria": {
      "has_wood": "2024-08-07 19:13:43 +0000"
    },
    "done": true
  },
  "minecraft:recipes/misc/bone_meal": {
    "criteria": {
      "has_bone": "2024-08-07 19:14:44 +0000"
    },
    "done": true
  },
  "sophisticatedbackpacks:recipes/sophisticatedbackpacks/stack_upgrade_tier_1": {
    "criteria": {
      "has_upgrade_base": "2024-08-08 11:50:09 +0000"
    },
    "done": true
  },
  "minecraft:story/iron_tools": {
    "criteria": {
      "iron_pickaxe": "2024-08-07 19:15:54 +0000"
    },
    "done": true
  },
  "grimoireofgaia:recipes/building_blocks/stone_coal_to_coal_block": {
    "criteria": {
      "has_stone_coal": "2024-08-08 11:46:36 +0000"
    },
    "done": true
  },
  "bossominium:loot_bosses_a": {
    "criteria": {
      "loot_bosses_a": "2024-08-07 19:12:24 +0000"
    },
    "done": true
  },
  "farmersdelight:recipes/farmersdelight/iron_knife": {
    "criteria": {
      "has_iron_ingot": "2024-08-07 19:15:01 +0000"
    },
    "done": true
  },
  "paraglider:recipes/paraglider/paraglider": {
    "criteria": {
      "has_stick": "2024-08-07 19:15:49 +0000"
    },
    "done": true
  },
  "sophisticatedbackpacks:recipes/sophisticatedbackpacks/stack_upgrade_tier_1_from_starter": {
    "criteria": {
      "has_upgrade_base": "2024-08-08 11:50:09 +0000"
    },
    "done": true
  },
  "croptopia:recipes/stuffed_poblanos": {
    "criteria": {
      "has_beef": "2024-08-07 20:16:42 +0000"
    },
    "done": true
  },
  "minecraft:recipes/combat/crossbow": {
    "criteria": {
      "has_iron_ingot": "2024-08-07 19:15:01 +0000"
    },
    "done": true
  },
  "minecraft:recipes/combat/iron_chestplate": {
    "criteria": {
      "has_iron_ingot": "2024-08-07 19:15:01 +0000"
    },
    "done": true
  },
  "sophisticatedbackpacks:recipes/sophisticatedbackpacks/upgrade_base": {
    "criteria": {
      "has_leather": "2024-08-07 20:16:42 +0000"
    },
    "done": true
  },
  "blue_skies:recipes/blue_skies_everbright_blocks/bluebright_bookshelf": {
    "criteria": {
      "has_item": "2024-08-07 22:33:46 +0000"
    },
    "done": true
  },
  "minecraft:recipes/decorations/cobbled_deepslate_wall": {
    "criteria": {
      "has_cobbled_deepslate": "2024-08-07 22:00:31 +0000"
    },
    "done": true
  },
  "betterdungeons:small_dungeon": {
    "criteria": {
      "in_better_monster_room": "2024-08-07 23:52:37 +0000"
    },
    "done": true
  },
  "minecraft:recipes/building_blocks/yellow_wool": {
    "criteria": {
      "has_white_wool": "2024-08-07 20:04:16 +0000"
    },
    "done": true
  },
  "minecraft:recipes/decorations/oak_sign": {
    "criteria": {
      "has_planks": "2024-08-07 19:13:43 +0000"
    },
    "done": true
  },
  "blue_skies:recipes/blue_skies_blocks/cherry_bookshelf": {
    "criteria": {
      "has_item": "2024-08-07 22:33:46 +0000"
    },
    "done": true
  },
  "minecraft:recipes/redstone/oak_trapdoor": {
    "criteria": {
      "has_planks": "2024-08-07 19:13:43 +0000"
    },
    "done": true
  },
  "minecraft:recipes/building_blocks/granite_stairs_from_granite_stonecutting": {
    "criteria": {
      "has_granite": "2024-08-07 19:31:11 +0000"
    },
    "done": true
  },
  "minecraft:recipes/building_blocks/polished_diorite_from_diorite_stonecutting": {
    "criteria": {
      "has_diorite": "2024-08-08 11:32:28 +0000"
    },
    "done": true
  },
  "minecraft:recipes/decorations/light_blue_bed_from_white_bed": {
    "criteria": {
      "has_bed": "2024-08-07 19:43:12 +0000"
    },
    "done": true
  },
  "minecraft:recipes/misc/iron_nugget_from_blasting": {
    "criteria": {
      "has_iron_pickaxe": "2024-08-07 19:15:54 +0000"
    },
    "done": true
  },
  "betterdungeons:root": {
    "criteria": {
      "always": "2024-08-07 19:12:24 +0000"
    },
    "done": true
  },
  "minecraft:recipes/decorations/polished_deepslate_wall_from_cobbled_deepslate_stonecutting": {
    "criteria": {
      "has_cobbled_deepslate": "2024-08-07 22:00:31 +0000"
    },
    "done": true
  },
  "sophisticatedbackpacks:recipes/sophisticatedbackpacks/backpack": {
    "criteria": {
      "has_leather": "2024-08-07 20:16:42 +0000"
    },
    "done": true
  },
  "minecraft:adventure/kill_a_mob": {
    "criteria": {
      "minecraft:zombie": "2024-08-07 19:30:11 +0000"
    },
    "done": true
  },
  "vampirism:recipes/vampirism/alchemy_table/vampire_blood_oil": {
    "criteria": {
      "has_wheat_seeds": "2024-08-08 11:29:50 +0000"
    },
    "done": true
  },
  "minecraft:recipes/tools/golden_pickaxe": {
    "criteria": {
      "has_gold_ingot": "2024-08-07 19:14:42 +0000"
    },
    "done": true
  },
  "croptopia:recipes/croptopia.croptopia/almond_sapling": {
    "criteria": {
      "has_almond": "2024-08-07 20:00:45 +0000"
    },
    "done": true
  },
  "minecraft:recipes/decorations/diorite_wall": {
    "criteria": {
      "has_diorite": "2024-08-08 11:32:28 +0000"
    },
    "done": true
  },
  "tombstone:recipes/from_grave_dust": {
    "criteria": {
      "has_ingredient": "2024-08-07 19:33:08 +0000"
    },
    "done": true
  },
  "minecraft:recipes/redstone/sticky_piston": {
    "criteria": {
      "has_slime_ball": "2024-08-07 19:56:36 +0000"
    },
    "done": true
  },
  "grimoireofgaia:recipes/grimoireofgaia/experience_iron": {
    "criteria": {
      "has_iron_box": "2024-08-07 23:11:30 +0000"
    },
    "done": true
  },
  "minecraft:recipes/building_blocks/stone": {
    "criteria": {
      "has_cobblestone": "2024-08-07 19:16:50 +0000"
    },
    "done": true
  },
  "vampirism:recipes/misc/gold_nugget_from_accessory_smelting": {
    "criteria": {
      "has_ring": "2024-08-07 19:14:42 +0000"
    },
    "done": true
  },
  "smallships:recipes/transportation/oak_drakkar": {
    "criteria": {
      "in_water": "2024-08-07 19:19:37 +0000"
    },
    "done": true
  },
  "minecraft:recipes/building_blocks/deepslate_bricks_from_cobbled_deepslate_stonecutting": {
    "criteria": {
      "has_cobbled_deepslate": "2024-08-07 22:00:31 +0000"
    },
    "done": true
  },
  "minecraft:adventure/adventuring_time": {
    "criteria": {
      "minecraft:sunflower_plains": "2024-08-07 20:24:02 +0000",
      "minecraft:birch_forest": "2024-08-07 19:50:48 +0000",
      "minecraft:savanna_plateau": "2024-08-07 19:47:27 +0000",
      "minecraft:dark_forest": "2024-08-07 19:54:07 +0000",
      "minecraft:sparse_jungle": "2024-08-07 19:40:59 +0000",
      "minecraft:river": "2024-08-07 19:19:38 +0000",
      "minecraft:stony_shore": "2024-08-07 22:32:18 +0000",
      "minecraft:grove": "2024-08-07 20:03:52 +0000",
      "minecraft:forest": "2024-08-07 19:18:17 +0000",
      "minecraft:old_growth_birch_forest": "2024-08-07 19:51:14 +0000",
      "minecraft:deep_dark": "2024-08-08 12:11:28 +0000",
      "minecraft:meadow": "2024-08-07 19:47:41 +0000",
      "minecraft:savanna": "2024-08-07 19:12:26 +0000",
      "minecraft:plains": "2024-08-07 19:19:42 +0000"
    },
    "done": false
  },
  "minecraft:recipes/building_blocks/deepslate_brick_stairs_from_cobbled_deepslate_stonecutting": {
    "criteria": {
      "has_cobbled_deepslate": "2024-08-07 22:00:31 +0000"
    },
    "done": true
  },
  "minecraft:recipes/decorations/purple_bed_from_white_bed": {
    "criteria": {
      "has_bed": "2024-08-07 19:43:12 +0000"
    },
    "done": true
  },
  "smallships:recipes/transportation/dark_oak_drakkar": {
    "criteria": {
      "in_water": "2024-08-07 19:19:37 +0000"
    },
    "done": true
  },
  "croptopia:recipes/almond_brittle": {
    "criteria": {
      "has_almond": "2024-08-07 20:00:45 +0000"
    },
    "done": true
  },
  "minecraft:recipes/combat/stone_sword": {
    "criteria": {
      "has_cobblestone": "2024-08-07 19:16:50 +0000"
    },
    "done": true
  },
  "minecraft:recipes/decorations/barrel": {
    "criteria": {
      "has_planks": "2024-08-07 19:13:43 +0000"
    },
    "done": true
  },
  "minecraft:recipes/decorations/cobblestone_wall": {
    "criteria": {
      "has_cobblestone": "2024-08-07 19:16:50 +0000"
    },
    "done": true
  },
  "vampirism:recipes/food/general/garlic_bread": {
    "criteria": {
      "has_bread": "2024-08-07 22:04:00 +0000"
    },
    "done": true
  },
  "minecraft:recipes/building_blocks/mossy_stone_brick_slab": {
    "criteria": {
      "has_mossy_stone_bricks": "2024-08-08 12:16:59 +0000"
    },
    "done": true
  },
  "minecraft:recipes/misc/iron_ingot_from_smelting_raw_iron": {
    "criteria": {
      "has_raw_iron": "2024-08-07 19:30:16 +0000"
    },
    "done": true
  },
  "minecraft:recipes/brewing/fermented_spider_eye": {
    "criteria": {
      "has_spider_eye": "2024-08-07 22:05:43 +0000"
    },
    "done": true
  },
  "minecraft:recipes/tools/stone_pickaxe": {
    "criteria": {
      "has_cobblestone": "2024-08-07 19:16:50 +0000"
    },
    "done": true
  },
  "minecraft:recipes/decorations/smithing_table": {
    "criteria": {
      "has_iron_ingot": "2024-08-07 19:15:01 +0000"
    },
    "done": true
  },
  "vampirism:recipes/vampirism/dark_spruce_boat": {
    "criteria": {
      "in_water": "2024-08-07 19:19:37 +0000"
    },
    "done": true
  },
  "croptopia:recipes/croptopia.croptopia/peach_sapling": {
    "criteria": {
      "has_peach": "2024-08-07 19:20:38 +0000"
    },
    "done": true
  },
  "exoticbirds:recipes/nest": {
    "criteria": {
      "has_stick": "2024-08-07 19:15:49 +0000"
    },
    "done": true
  },
  "minecraft:recipes/building_blocks/deepslate_brick_slab_from_cobbled_deepslate_stonecutting": {
    "criteria": {
      "has_cobbled_deepslate": "2024-08-07 22:00:31 +0000"
    },
    "done": true
  },
  "minecraft:husbandry/plant_seed": {
    "criteria": {
      "wheat": "2024-08-07 23:40:12 +0000"
    },
    "done": true
  },
  "sophisticatedbackpacks:recipes/sophisticatedbackpacks/crafting_upgrade": {
    "criteria": {
      "has_upgrade_base": "2024-08-08 11:50:09 +0000"
    },
    "done": true
  },
  "smallships:recipes/misc/sail": {
    "criteria": {
      "in_water": "2024-08-07 19:19:37 +0000"
    },
    "done": true
  },
  "minecraft:recipes/combat/leather_boots": {
    "criteria": {
      "has_leather": "2024-08-07 20:16:42 +0000"
    },
    "done": true
  },
  "vampirism:recipes/vampirism/vampire/heart_seeker_enhanced_repair": {
    "criteria": {
      "has_heart_seeker": "2024-08-07 19:23:36 +0000"
    },
    "done": true
  },
  "minecraft:recipes/decorations/cobblestone_wall_from_cobblestone_stonecutting": {
    "criteria": {
      "has_cobblestone": "2024-08-07 19:16:50 +0000"
    },
    "done": true
  },
  "exoticbirds:recipes/phoenix_egg_from_snowy_phoenix": {
    "criteria": {
      "has_egg": "2024-08-07 19:12:24 +0000"
    },
    "done": true
  },
  "minecraft:recipes/decorations/grindstone": {
    "criteria": {
      "has_stone_slab": "2024-08-07 20:25:26 +0000"
    },
    "done": true
  },
  "vampirism:recipes/vampirism/alchemy_table/plant_oil": {
    "criteria": {
      "has_wheat_seeds": "2024-08-07 19:53:32 +0000"
    },
    "done": true
  },
  "minecraft:recipes/building_blocks/diamond_block": {
    "criteria": {
      "has_diamond": "2024-08-07 19:14:48 +0000"
    },
    "done": true
  },
  "smallships:recipes/transportation/oak_galley": {
    "criteria": {
      "in_water": "2024-08-07 19:19:37 +0000"
    },
    "done": true
  },
  "evilcraft:root": {
    "criteria": {
      "criteria_0": "2024-08-07 19:43:49 +0000"
    },
    "done": true
  },
  "minecraft:recipes/building_blocks/lapis_block": {
    "criteria": {
      "has_lapis_lazuli": "2024-08-07 23:41:12 +0000"
    },
    "done": true
  },
  "minecraft:recipes/decorations/acacia_sign": {
    "criteria": {
      "has_planks": "2024-08-07 19:14:23 +0000"
    },
    "done": true
  },
  "croptopia:recipes/croptopia.croptopia/apple_juice": {
    "criteria": {
      "has_apple": "2024-08-07 19:19:46 +0000"
    },
    "done": true
  },
  "vampirism:recipes/vampirism/hunter/garlic_diffuser_normal": {
    "criteria": {
      "has_diamond": "2024-08-07 19:14:48 +0000"
    },
    "done": true
  },
  "croptopia:recipes/croptopia.croptopia/elderberry_jam": {
    "criteria": {
      "has_elderberry": "2024-08-07 20:03:09 +0000"
    },
    "done": true
  },
  "smallships:recipes/transportation/mangrove_brigg": {
    "criteria": {
      "in_water": "2024-08-07 19:19:37 +0000"
    },
    "done": true
  },
  "vampirism:recipes/vampirism/vampire/chandelier": {
    "criteria": {
      "has_string": "2024-08-07 19:21:36 +0000"
    },
    "done": true
  },
  "justhammers:recipes/justhammers.justhammers_tab/diamond_hammer": {
    "criteria": {
      "has_material": "2024-08-07 19:14:48 +0000"
    },
    "done": true
  },
  "grimoireofgaia:main/root": {
    "criteria": {
      "join": "2024-08-07 19:12:24 +0000"
    },
    "done": true
  },
  "vampirism:recipes/vampirism/general/altar_cleansing_new": {
    "criteria": {
      "has_book": "2024-08-07 22:33:46 +0000"
    },
    "done": true
  },
  "minecraft:recipes/decorations/lantern": {
    "criteria": {
      "has_iron_ingot": "2024-08-07 19:15:01 +0000"
    },
    "done": true
  },
  "minecraft:recipes/misc/stick_from_bamboo_item": {
    "criteria": {
      "has_bamboo": "2024-08-07 19:41:24 +0000"
    },
    "done": true
  },
  "blue_skies:recipes/blue_skies_everdawn_blocks/maple_bookshelf": {
    "criteria": {
      "has_item": "2024-08-07 22:33:46 +0000"
    },
    "done": true
  },
  "exoticbirds:recipes/warped_birdcage": {
    "criteria": {
      "has_ingot": "2024-08-07 19:15:01 +0000"
    },
    "done": true
  },
  "minecraft:recipes/building_blocks/polished_diorite": {
    "criteria": {
      "has_diorite": "2024-08-08 11:32:28 +0000"
    },
    "done": true
  },
  "vampirism:recipes/vampirism/hunter/weapon_table": {
    "criteria": {
      "has_iron_ingot": "2024-08-07 19:15:01 +0000"
    },
    "done": true
  },
  "minecraft:recipes/building_blocks/cobbled_deepslate_slab_from_cobbled_deepslate_stonecutting": {
    "criteria": {
      "has_cobbled_deepslate": "2024-08-07 22:00:31 +0000"
    },
    "done": true
  },
  "minecraft:recipes/building_blocks/light_gray_wool": {
    "criteria": {
      "has_white_wool": "2024-08-07 20:04:16 +0000"
    },
    "done": true
  },
  "minecraft:recipes/decorations/andesite_wall": {
    "criteria": {
      "has_andesite": "2024-08-07 23:06:18 +0000"
    },
    "done": true
  },
  "minecraft:recipes/decorations/red_bed_from_white_bed": {
    "criteria": {
      "has_bed": "2024-08-07 19:43:12 +0000"
    },
    "done": true
  },
  "minecraft:recipes/building_blocks/andesite_slab": {
    "criteria": {
      "has_andesite": "2024-08-07 23:06:18 +0000"
    },
    "done": true
  },
  "minecraft:recipes/building_blocks/acacia_stairs": {
    "criteria": {
      "has_planks": "2024-08-07 19:14:23 +0000"
    },
    "done": true
  },
  "minecraft:recipes/building_blocks/red_wool": {
    "criteria": {
      "has_white_wool": "2024-08-07 20:04:16 +0000"
    },
    "done": true
  },
  "minecraft:recipes/misc/light_gray_dye_from_oxeye_daisy": {
    "criteria": {
      "has_oxeye_daisy": "2024-08-07 23:16:07 +0000"
    },
    "done": true
  },
  "vampirism:recipes/vampirism/general/tombstone2": {
    "criteria": {
      "has_coble": "2024-08-07 19:16:50 +0000"
    },
    "done": true
  },
  "minecraft:recipes/tools/stone_axe": {
    "criteria": {
      "has_cobblestone": "2024-08-07 19:16:50 +0000"
    },
    "done": true
  },
  "minecraft:recipes/building_blocks/raw_iron_block": {
    "criteria": {
      "has_raw_iron": "2024-08-07 19:30:16 +0000"
    },
    "done": true
  },
  "minecraft:recipes/food/cooked_mutton": {
    "criteria": {
      "has_mutton": "2024-08-07 20:04:16 +0000"
    },
    "done": true
  },
  "croptopia:gather_forest": {
    "criteria": {
      "cantaloupe_seed": "2024-08-07 20:03:02 +0000",
      "spinach_seed": "2024-08-07 20:00:52 +0000",
      "elderberry_seed": "2024-08-07 20:03:10 +0000",
      "grape_seed": "2024-08-07 21:59:20 +0000"
    },
    "done": false
  },
  "blue_skies:recipes/blue_skies_blocks/ventium_block": {
    "criteria": {
      "has_item": "2024-08-07 22:34:22 +0000"
    },
    "done": true
  },
  "exoticbirds:recipes/pigeon_backpack": {
    "criteria": {
      "has_leather": "2024-08-07 20:16:42 +0000"
    },
    "done": true
  },
  "tombstone:adventure/ambush": {
    "criteria": {
      "coded_trigger": "2024-08-08 11:05:44 +0000"
    },
    "done": true
  },
  "farmersdelight:recipes/farmersdelight/wheat_dough_from_eggs": {
    "criteria": {
      "has_wheat": "2024-08-07 23:40:20 +0000"
    },
    "done": true
  },
  "minecraft:recipes/building_blocks/purple_wool": {
    "criteria": {
      "has_white_wool": "2024-08-07 20:04:16 +0000"
    },
    "done": true
  },
  "sophisticatedbackpacks:recipes/sophisticatedbackpacks/chipped/tinkerer_workbench_upgrade": {
    "criteria": {
      "has_upgrade_base": "2024-08-08 11:50:09 +0000"
    },
    "done": true
  },
  "vampirism:recipes/vampirism/vampire/altar_infusion": {
    "criteria": {
      "has_gold": "2024-08-07 19:14:42 +0000"
    },
    "done": true
  },
  "minecraft:recipes/building_blocks/cobblestone_stairs_from_cobblestone_stonecutting": {
    "criteria": {
      "has_cobblestone": "2024-08-07 19:16:50 +0000"
    },
    "done": true
  },
  "farmersdelight:recipes/farmersdelight/cooking/chicken_soup": {
    "criteria": {
      "has_any_ingredient": "2024-08-08 12:34:45 +0000"
    },
    "done": true
  },
  "exoticbirds:recipes/phoenix_egg_from_water_phoenix": {
    "criteria": {
      "has_egg": "2024-08-07 19:12:24 +0000"
    },
    "done": true
  },
  "smallships:recipes/transportation/jungle_drakkar": {
    "criteria": {
      "in_water": "2024-08-07 19:19:37 +0000"
    },
    "done": true
  },
  "croptopia:recipes/croptopia.croptopia/pecan_sapling": {
    "criteria": {
      "has_pecan": "2024-08-07 20:03:19 +0000"
    },
    "done": true
  },
  "minecraft:recipes/misc/writable_book": {
    "criteria": {
      "has_book": "2024-08-07 22:33:46 +0000"
    },
    "done": true
  },
  "evilcraft:evil_source": {
    "criteria": {
      "criteria_0": "2024-08-07 19:14:58 +0000"
    },
    "done": true
  },
  "minecraft:recipes/misc/wheat": {
    "criteria": {
      "has_hay_block": "2024-08-07 22:34:10 +0000"
    },
    "done": true
  },
  "minecraft:recipes/decorations/white_bed": {
    "criteria": {
      "has_white_wool": "2024-08-07 20:04:16 +0000"
    },
    "done": true
  },
  "minecraft:recipes/building_blocks/polished_andesite_stairs_from_andesite_stonecutting": {
    "criteria": {
      "has_andesite": "2024-08-07 23:06:18 +0000"
    },
    "done": true
  },
  "vampirism:recipes/vampirism/general/fire_place": {
    "criteria": {
      "has_logs": "2024-08-07 19:13:30 +0000"
    },
    "done": true
  },
  "exoticbirds:recipes/white_birdhouse": {
    "criteria": {
      "has_wood": "2024-08-07 19:13:43 +0000"
    },
    "done": true
  },
  "minecraft:recipes/building_blocks/stone_brick_slab_from_stone_bricks_stonecutting": {
    "criteria": {
      "has_stone_bricks": "2024-08-07 19:22:11 +0000"
    },
    "done": true
  },
  "minecraft:recipes/decorations/campfire": {
    "criteria": {
      "has_stick": "2024-08-07 19:15:49 +0000"
    },
    "done": true
  },
  "minecraft:recipes/decorations/candle": {
    "criteria": {
      "has_string": "2024-08-07 19:21:36 +0000"
    },
    "done": true
  },
  "minecraft:recipes/tools/golden_hoe": {
    "criteria": {
      "has_gold_ingot": "2024-08-07 19:14:42 +0000"
    },
    "done": true
  },
  "exoticbirds:recipes/gold_birdcage": {
    "criteria": {
      "has_material": "2024-08-07 19:14:42 +0000"
    },
    "done": true
  },
  "exoticbirds:recipes/ambrosia": {
    "criteria": {
      "has_apple": "2024-08-07 19:19:46 +0000"
    },
    "done": true
  },
  "minecraft:recipes/food/bread": {
    "criteria": {
      "has_wheat": "2024-08-07 23:40:20 +0000"
    },
    "done": true
  },
  "minecraft:recipes/building_blocks/diorite_slab_from_diorite_stonecutting": {
    "criteria": {
      "has_diorite": "2024-08-08 11:32:28 +0000"
    },
    "done": true
  },
  "minecraft:recipes/misc/iron_nugget": {
    "criteria": {
      "has_iron_ingot": "2024-08-07 19:15:01 +0000"
    },
    "done": true
  },
  "minecraft:recipes/decorations/black_bed_from_white_bed": {
    "criteria": {
      "has_bed": "2024-08-07 19:43:12 +0000"
    },
    "done": true
  },
  "croptopia:recipes/burrito": {
    "criteria": {
      "has_the_recipe": "2024-08-07 20:16:42 +0000"
    },
    "done": true
  },
  "minecraft:recipes/building_blocks/deepslate_tile_slab_from_cobbled_deepslate_stonecutting": {
    "criteria": {
      "has_cobbled_deepslate": "2024-08-07 22:00:31 +0000"
    },
    "done": true
  },
  "vampirism:recipes/vampirism/cursed_spruce_chest_boat": {
    "criteria": {
      "has_boat": "2024-08-07 20:07:20 +0000"
    },
    "done": true
  },
  "exoticbirds:recipes/yellow_birdhouse": {
    "criteria": {
      "has_wood": "2024-08-07 19:13:43 +0000"
    },
    "done": true
  },
  "minecraft:recipes/combat/diamond_sword": {
    "criteria": {
      "has_diamond": "2024-08-07 19:14:48 +0000"
    },
    "done": true
  },
  "croptopia:recipes/croptopia.croptopia/melon_juice": {
    "criteria": {
      "has_melon": "2024-08-07 20:03:02 +0000"
    },
    "done": true
  },
  "minecraft:recipes/building_blocks/cyan_wool": {
    "criteria": {
      "has_white_wool": "2024-08-07 20:04:16 +0000"
    },
    "done": true
  },
  "blue_skies:recipes/blue_skies_everdawn_blocks/lunar_bookshelf": {
    "criteria": {
      "has_item": "2024-08-07 22:33:46 +0000"
    },
    "done": true
  },
  "minecraft:recipes/misc/white_dye": {
    "criteria": {
      "has_bone_meal": "2024-08-08 12:03:35 +0000"
    },
    "done": true
  },
  "tombstone:adventure/cancel_ghostly_shape": {
    "criteria": {
      "coded_trigger": "2024-08-07 19:53:45 +0000"
    },
    "done": true
  },
  "minecraft:recipes/decorations/jukebox": {
    "criteria": {
      "has_diamond": "2024-08-07 19:14:48 +0000"
    },
    "done": true
  },
  "minecraft:recipes/transportation/spruce_boat": {
    "criteria": {
      "in_water": "2024-08-07 19:19:37 +0000"
    },
    "done": true
  },
  "minecraft:recipes/building_blocks/cracked_stone_bricks": {
    "criteria": {
      "has_stone_bricks": "2024-08-07 19:22:11 +0000"
    },
    "done": true
  },
  "exoticbirds:recipes/purple_birdhouse": {
    "criteria": {
      "has_wood": "2024-08-07 19:13:43 +0000"
    },
    "done": true
  },
  "justhammers:recipes/justhammers.justhammers_tab/iron_hammer": {
    "criteria": {
      "has_material": "2024-08-07 19:15:01 +0000"
    },
    "done": true
  },
  "farmersdelight:recipes/farmersdelight/safety_net": {
    "criteria": {
      "has_rope": "2024-08-07 19:24:35 +0000"
    },
    "done": true
  },
  "minecraft:recipes/misc/firework_rocket_simple": {
    "criteria": {
      "has_gunpowder": "2024-08-07 19:34:05 +0000"
    },
    "done": true
  },
  "blue_skies:recipes/blue_skies_everbright_blocks/starlit_bookshelf": {
    "criteria": {
      "has_item": "2024-08-07 22:33:46 +0000"
    },
    "done": true
  },
  "grimoireofgaia:main/bone_knight": {
    "criteria": {
      "kill": "2024-08-08 12:08:49 +0000"
    },
    "done": true
  },
  "croptopia:recipes/trail_mix": {
    "criteria": {
      "has_nuts": "2024-08-07 20:00:45 +0000"
    },
    "done": true
  },
  "tombstone:adventure/chain_death": {
    "criteria": {
      "coded_trigger": "2024-08-07 19:56:57 +0000"
    },
    "done": true
  },
  "minecraft:recipes/building_blocks/gray_wool": {
    "criteria": {
      "has_white_wool": "2024-08-07 20:04:16 +0000"
    },
    "done": true
  },
  "grimoireofgaia:recipes/grimoireofgaia/pearl_block": {
    "criteria": {
      "has_shiny_pearl": "2024-08-07 23:11:30 +0000"
    },
    "done": true
  },
  "minecraft:recipes/building_blocks/polished_granite_from_granite_stonecutting": {
    "criteria": {
      "has_granite": "2024-08-07 19:31:11 +0000"
    },
    "done": true
  },
  "sophisticatedbackpacks:recipes/sophisticatedbackpacks/filter_upgrade": {
    "criteria": {
      "has_upgrade_base": "2024-08-08 11:50:09 +0000"
    },
    "done": true
  },
  "minecraft:recipes/misc/gold_nugget": {
    "criteria": {
      "has_gold_ingot": "2024-08-07 19:14:42 +0000"
    },
    "done": true
  },
  "tombstone:adventure/find_grave_dust": {
    "criteria": {
      "from_undead": "2024-08-07 19:33:08 +0000"
    },
    "done": true
  },
  "farmersdelight:recipes/farmersdelight/steak_and_potatoes": {
    "criteria": {
      "has_baked_potato": "2024-08-07 22:33:40 +0000"
    },
    "done": true
  },
  "sophisticatedbackpacks:recipes/sophisticatedbackpacks/pump_upgrade": {
    "criteria": {
      "has_upgrade_base": "2024-08-08 11:50:09 +0000"
    },
    "done": true
  },
  "minecraft:husbandry/balanced_diet": {
    "criteria": {
      "cooked_mutton": "2024-08-07 20:05:43 +0000",
      "cooked_beef": "2024-08-07 21:59:50 +0000",
      "baked_potato": "2024-08-08 11:11:42 +0000",
      "apple": "2024-08-07 19:20:11 +0000",
      "bread": "2024-08-07 22:11:25 +0000"
    },
    "done": false
  },
  "minecraft:recipes/tools/wooden_hoe": {
    "criteria": {
      "has_stick": "2024-08-07 19:15:49 +0000"
    },
    "done": true
  },
  "tombstone:recipes/from_grave_key": {
    "criteria": {
      "has_ingredient": "2024-08-07 19:27:25 +0000"
    },
    "done": true
  },
  "vampirism:recipes/vampirism/hunter/crossbow_arrow_from_vanilla": {
    "criteria": {
      "has_arrow": "2024-08-07 22:09:32 +0000"
    },
    "done": true
  },
  "exoticbirds:recipes/phoenix_egg_from_ender_phoenix": {
    "criteria": {
      "has_egg": "2024-08-07 19:12:24 +0000"
    },
    "done": true
  },
  "smallships:recipes/transportation/jungle_galley": {
    "criteria": {
      "in_water": "2024-08-07 19:19:37 +0000"
    },
    "done": true
  },
  "exoticbirds:recipes/light_blue_birdhouse": {
    "criteria": {
      "has_wood": "2024-08-07 19:13:43 +0000"
    },
    "done": true
  },
  "minecraft:recipes/misc/bucket": {
    "criteria": {
      "has_iron_ingot": "2024-08-07 19:15:01 +0000"
    },
    "done": true
  },
  "smallships:recipes/transportation/acacia_brigg": {
    "criteria": {
      "in_water": "2024-08-07 19:19:37 +0000"
    },
    "done": true
  },
  "minecraft:recipes/building_blocks/cobblestone_stairs": {
    "criteria": {
      "has_cobblestone": "2024-08-07 19:16:50 +0000"
    },
    "done": true
  },
  "grimoireofgaia:main/harpy": {
    "criteria": {
      "kill": "2024-08-07 21:56:47 +0000"
    },
    "done": true
  },
  "minecraft:recipes/building_blocks/diorite_slab": {
    "criteria": {
      "has_diorite": "2024-08-08 11:32:28 +0000"
    },
    "done": true
  },
  "minecraft:recipes/building_blocks/stone_brick_stairs_from_stone_bricks_stonecutting": {
    "criteria": {
      "has_stone_bricks": "2024-08-07 19:22:11 +0000"
    },
    "done": true
  },
  "sophisticatedbackpacks:recipes/sophisticatedbackpacks/restock_upgrade": {
    "criteria": {
      "has_upgrade_base": "2024-08-08 11:50:09 +0000"
    },
    "done": true
  },
  "exoticbirds:recipes/magenta_birdhouse": {
    "criteria": {
      "has_wood": "2024-08-07 19:13:43 +0000"
    },
    "done": true
  },
  "vampirism:recipes/vampirism/vampire/altar_pillar": {
    "criteria": {
      "has_stones": "2024-08-07 19:22:11 +0000"
    },
    "done": true
  },
  "minecraft:recipes/decorations/yellow_bed_from_white_bed": {
    "criteria": {
      "has_bed": "2024-08-07 19:43:12 +0000"
    },
    "done": true
  },
  "farmersdelight:recipes/food/cooking/rabbit_stew": {
    "criteria": {
      "has_any_ingredient": "2024-08-07 22:33:40 +0000"
    },
    "done": true
  },
  "minecraft:recipes/building_blocks/mossy_stone_brick_stairs_from_mossy_stone_brick_stonecutting": {
    "criteria": {
      "has_mossy_stone_bricks": "2024-08-08 12:16:59 +0000"
    },
    "done": true
  },
  "minecraft:recipes/decorations/granite_wall": {
    "criteria": {
      "has_granite": "2024-08-07 19:31:11 +0000"
    },
    "done": true
  },
  "croptopia:recipes/flour": {
    "criteria": {
      "has_grain": "2024-08-07 23:40:20 +0000"
    },
    "done": true
  },
  "minecraft:recipes/redstone/note_block": {
    "criteria": {
      "has_redstone": "2024-08-07 23:41:12 +0000"
    },
    "done": true
  },
  "smallships:recipes/transportation/dark_oak_galley": {
    "criteria": {
      "in_water": "2024-08-07 19:19:37 +0000"
    },
    "done": true
  },
  "tombstone:adventure/first_grave": {
    "criteria": {
      "coded_trigger": "2024-08-07 19:27:23 +0000"
    },
    "done": true
  },
  "minecraft:recipes/decorations/white_banner": {
    "criteria": {
      "has_white_wool": "2024-08-07 20:04:16 +0000"
    },
    "done": true
  },
  "sophisticatedbackpacks:recipes/sophisticatedbackpacks/chipped/botanist_workbench_upgrade": {
    "criteria": {
      "has_upgrade_base": "2024-08-08 11:50:09 +0000"
    },
    "done": true
  },
  "grimoireofgaia:main/mimic": {
    "criteria": {
      "kill": "2024-08-07 21:58:59 +0000"
    },
    "done": true
  },
  "minecraft:recipes/building_blocks/deepslate_tiles_from_cobbled_deepslate_stonecutting": {
    "criteria": {
      "has_cobbled_deepslate": "2024-08-07 22:00:31 +0000"
    },
    "done": true
  },
  "minecraft:recipes/building_blocks/polished_diorite_slab_from_diorite_stonecutting": {
    "criteria": {
      "has_diorite": "2024-08-08 11:32:28 +0000"
    },
    "done": true
  },
  "vampirism:recipes/vampirism/vampire/altar_inspiration": {
    "criteria": {
      "has_planks": "2024-08-07 19:13:43 +0000"
    },
    "done": true
  },
  "exoticbirds:recipes/egg_identifier": {
    "criteria": {
      "has_bucket": "2024-08-07 19:12:24 +0000"
    },
    "done": true
  },
  "sophisticatedbackpacks:recipes/sophisticatedbackpacks/feeding_upgrade": {
    "criteria": {
      "has_upgrade_base": "2024-08-08 11:50:09 +0000"
    },
    "done": true
  },
  "minecraft:recipes/misc/leather_horse_armor": {
    "criteria": {
      "has_leather": "2024-08-07 20:16:42 +0000"
    },
    "done": true
  },
  "minecraft:recipes/building_blocks/hay_block": {
    "criteria": {
      "has_wheat": "2024-08-07 23:40:20 +0000"
    },
    "done": true
  },
  "atlantis:recipes/misc/orichalcum_blend": {
    "criteria": {
      "has_aquamarine_gem": "2024-08-08 12:48:21 +0000"
    },
    "done": true
  },
  "minecraft:recipes/tools/golden_shovel": {
    "criteria": {
      "has_gold_ingot": "2024-08-07 19:14:42 +0000"
    },
    "done": true
  },
  "minecraft:recipes/combat/iron_helmet": {
    "criteria": {
      "has_iron_ingot": "2024-08-07 19:15:01 +0000"
    },
    "done": true
  },
  "minecraft:recipes/combat/bow": {
    "criteria": {
      "has_string": "2024-08-07 19:21:36 +0000"
    },
    "done": true
  },
  "blue_skies:recipes/blue_skies_everdawn_blocks/dusk_bookshelf": {
    "criteria": {
      "has_item": "2024-08-07 22:33:46 +0000"
    },
    "done": true
  },
  "minecraft:recipes/redstone/oak_fence_gate": {
    "criteria": {
      "has_planks": "2024-08-07 19:13:43 +0000"
    },
    "done": true
  },
  "minecraft:recipes/redstone/tnt": {
    "criteria": {
      "has_gunpowder": "2024-08-07 19:34:05 +0000"
    },
    "done": true
  },
  "minecraft:recipes/building_blocks/acacia_slab": {
    "criteria": {
      "has_planks": "2024-08-07 19:14:23 +0000"
    },
    "done": true
  },
  "minecraft:recipes/decorations/diorite_wall_from_diorite_stonecutting": {
    "criteria": {
      "has_diorite": "2024-08-08 11:32:28 +0000"
    },
    "done": true
  },
  "minecraft:recipes/decorations/orange_bed_from_white_bed": {
    "criteria": {
      "has_bed": "2024-08-07 19:43:12 +0000"
    },
    "done": true
  },
  "exoticbirds:recipes/phoenix_egg_from_nether_phoenix": {
    "criteria": {
      "has_egg": "2024-08-07 19:12:24 +0000"
    },
    "done": true
  },
  "vampirism:recipes/vampirism/hunter/stake": {
    "criteria": {
      "has_sticks": "2024-08-07 19:15:49 +0000"
    },
    "done": true
  },
  "minecraft:recipes/combat/diamond_chestplate": {
    "criteria": {
      "has_diamond": "2024-08-07 19:14:48 +0000"
    },
    "done": true
  },
  "minecraft:recipes/transportation/oak_chest_boat": {
    "criteria": {
      "has_boat": "2024-08-07 20:07:20 +0000"
    },
    "done": true
  },
  "minecraft:story/mine_stone": {
    "criteria": {
      "get_stone": "2024-08-07 19:16:50 +0000"
    },
    "done": true
  },
  "grimoireofgaia:main/dullahan": {
    "criteria": {
      "kill": "2024-08-08 12:50:42 +0000"
    },
    "done": true
  },
  "minecraft:recipes/redstone/target": {
    "criteria": {
      "has_hay_block": "2024-08-07 22:34:10 +0000"
    },
    "done": true
  },
  "minecraft:recipes/transportation/minecart": {
    "criteria": {
      "has_iron_ingot": "2024-08-07 19:15:01 +0000"
    },
    "done": true
  },
  "minecraft:recipes/decorations/furnace": {
    "criteria": {
      "has_cobblestone": "2024-08-07 19:16:50 +0000"
    },
    "done": true
  },
  "morebowsandarrows:recipes/all_recipes": {
    "criteria": {
      "has_the_recipe": "2024-08-07 21:56:48 +0000"
    },
    "done": true
  },
  "tombstone:adventure/create_magic_scroll": {
    "criteria": {
      "has_magic_scroll": "2024-08-07 19:14:51 +0000"
    },
    "done": true
  },
  "vampirism:recipes/vampirism/general/grave_cage": {
    "criteria": {
      "has_iron": "2024-08-07 19:15:01 +0000"
    },
    "done": true
  },
  "smallships:recipes/transportation/birch_brigg": {
    "criteria": {
      "in_water": "2024-08-07 19:19:37 +0000"
    },
    "done": true
  },
  "minecraft:recipes/misc/charcoal": {
    "criteria": {
      "has_log": "2024-08-07 19:13:30 +0000"
    },
    "done": true
  },
  "minecraft:recipes/building_blocks/andesite_stairs": {
    "criteria": {
      "has_andesite": "2024-08-07 23:06:18 +0000"
    },
    "done": true
  },
  "minecraft:recipes/building_blocks/orange_wool": {
    "criteria": {
      "has_white_wool": "2024-08-07 20:04:16 +0000"
    },
    "done": true
  },
  "minecraft:recipes/tools/iron_hoe": {
    "criteria": {
      "has_iron_ingot": "2024-08-07 19:15:01 +0000"
    },
    "done": true
  },
  "minecraft:recipes/tools/wooden_pickaxe": {
    "criteria": {
      "has_stick": "2024-08-07 19:15:49 +0000"
    },
    "done": true
  },
  "vampirism:recipes/vampirism/cursed_spruce_boat": {
    "criteria": {
      "in_water": "2024-08-07 19:19:37 +0000"
    },
    "done": true
  },
  "minecraft:recipes/building_blocks/cobbled_deepslate_stairs": {
    "criteria": {
      "has_cobbled_deepslate": "2024-08-07 22:00:31 +0000"
    },
    "done": true
  },
  "minecraft:recipes/building_blocks/mossy_stone_brick_stairs": {
    "criteria": {
      "has_mossy_stone_bricks": "2024-08-08 12:16:59 +0000"
    },
    "done": true
  },
  "minecraft:husbandry/root": {
    "criteria": {
      "consumed_item": "2024-08-07 19:17:50 +0000"
    },
    "done": true
  },
  "minecraft:recipes/building_blocks/stone_brick_slab": {
    "criteria": {
      "has_stone_bricks": "2024-08-07 19:22:11 +0000"
    },
    "done": true
  },
  "minecraft:recipes/redstone/redstone_torch": {
    "criteria": {
      "has_redstone": "2024-08-07 23:41:12 +0000"
    },
    "done": true
  },
  "minecraft:recipes/transportation/birch_boat": {
    "criteria": {
      "in_water": "2024-08-07 19:19:37 +0000"
    },
    "done": true
  },
  "minecraft:recipes/food/golden_apple": {
    "criteria": {
      "has_gold_ingot": "2024-08-07 19:14:42 +0000"
    },
    "done": true
  },
  "minecraft:recipes/building_blocks/polished_granite_slab_from_granite_stonecutting": {
    "criteria": {
      "has_granite": "2024-08-07 19:31:11 +0000"
    },
    "done": true
  },
  "croptopia:recipes/french_fries": {
    "criteria": {
      "has_potato": "2024-08-07 21:55:56 +0000"
    },
    "done": true
  },
  "minecraft:recipes/building_blocks/cobbled_deepslate_stairs_from_cobbled_deepslate_stonecutting": {
    "criteria": {
      "has_cobbled_deepslate": "2024-08-07 22:00:31 +0000"
    },
    "done": true
  },
  "minecraft:recipes/building_blocks/polished_andesite_from_andesite_stonecutting": {
    "criteria": {
      "has_andesite": "2024-08-07 23:06:18 +0000"
    },
    "done": true
  },
  "1_splatus:ultris/giantrevive": {
    "criteria": {
      "c1": "2024-08-07 19:33:20 +0000"
    },
    "done": true
  },
  "minecraft:recipes/tools/iron_shovel": {
    "criteria": {
      "has_iron_ingot": "2024-08-07 19:15:01 +0000"
    },
    "done": true
  },
  "minecraft:recipes/redstone/acacia_door": {
    "criteria": {
      "has_planks": "2024-08-07 19:14:23 +0000"
    },
    "done": true
  },
  "minecraft:recipes/decorations/cyan_bed_from_white_bed": {
    "criteria": {
      "has_bed": "2024-08-07 19:43:12 +0000"
    },
    "done": true
  },
  "justhammers:recipes/justhammers.justhammers_tab/gold_hammer": {
    "criteria": {
      "has_material": "2024-08-07 19:14:42 +0000"
    },
    "done": true
  },
  "sophisticatedbackpacks:recipes/sophisticatedbackpacks/stack_upgrade_starter_tier": {
    "criteria": {
      "has_upgrade_base": "2024-08-08 11:50:09 +0000"
    },
    "done": true
  },
  "evilcraft:cannibal": {
    "criteria": {
      "criteria_0": "2024-08-07 19:51:47 +0000"
    },
    "done": true
  },
  "sophisticatedbackpacks:recipes/sophisticatedbackpacks/chipped/glassblower_workbench_upgrade": {
    "criteria": {
      "has_upgrade_base": "2024-08-08 11:50:09 +0000"
    },
    "done": true
  },
  "farmersdelight:main/root": {
    "criteria": {
      "seeds": "2024-08-07 19:12:24 +0000"
    },
    "done": true
  },
  "minecraft:recipes/decorations/item_frame": {
    "criteria": {
      "has_leather": "2024-08-07 20:16:42 +0000"
    },
    "done": true
  },
  "minecraft:recipes/decorations/lime_bed_from_white_bed": {
    "criteria": {
      "has_bed": "2024-08-07 19:43:12 +0000"
    },
    "done": true
  },
  "minecraft:recipes/tools/stone_hoe": {
    "criteria": {
      "has_cobblestone": "2024-08-07 19:16:50 +0000"
    },
    "done": true
  },
  "minecraft:recipes/tools/clock": {
    "criteria": {
      "has_redstone": "2024-08-07 23:41:12 +0000"
    },
    "done": true
  },
  "minecraft:recipes/tools/diamond_hoe": {
    "criteria": {
      "has_diamond": "2024-08-07 19:14:48 +0000"
    },
    "done": true
  },
  "minecraft:recipes/food/baked_potato_from_smoking": {
    "criteria": {
      "has_potato": "2024-08-07 21:55:56 +0000"
    },
    "done": true
  },
  "minecraft:recipes/transportation/activator_rail": {
    "criteria": {
      "has_rail": "2024-08-07 22:00:35 +0000"
    },
    "done": true
  },
  "minecraft:recipes/tools/diamond_shovel": {
    "criteria": {
      "has_diamond": "2024-08-07 19:14:48 +0000"
    },
    "done": true
  },
  "vampirism:recipes/vampirism/hunter/hunter_table": {
    "criteria": {
      "has_fang": "2024-08-07 19:31:32 +0000"
    },
    "done": true
  },
  "minecraft:recipes/decorations/green_bed_from_white_bed": {
    "criteria": {
      "has_bed": "2024-08-07 19:43:12 +0000"
    },
    "done": true
  },
  "sophisticatedbackpacks:recipes/sophisticatedbackpacks/refill_upgrade": {
    "criteria": {
      "has_upgrade_base": "2024-08-08 11:50:09 +0000"
    },
    "done": true
  },
  "farmersdelight:recipes/farmersdelight/cooking/dog_food": {
    "criteria": {
      "has_any_ingredient": "2024-08-07 19:53:05 +0000"
    },
    "done": true
  },
  "farmersdelight:recipes/farmersdelight/wheat_dough_from_water": {
    "criteria": {
      "has_wheat": "2024-08-07 23:40:20 +0000"
    },
    "done": true
  },
  "minecraft:recipes/building_blocks/deepslate": {
    "criteria": {
      "has_cobbled_deepslate": "2024-08-07 22:00:31 +0000"
    },
    "done": true
  },
  "deeperdarker:main/find_ancient_city": {
    "criteria": {
      "ancient_city": "2024-08-08 12:11:57 +0000"
    },
    "done": true
  },
  "minecraft:recipes/building_blocks/granite_slab": {
    "criteria": {
      "has_granite": "2024-08-07 19:31:11 +0000"
    },
    "done": true
  },
  "minecraft:recipes/food/baked_potato": {
    "criteria": {
      "has_potato": "2024-08-07 21:55:56 +0000"
    },
    "done": true
  },
  "smallships:recipes/transportation/acacia_drakkar": {
    "criteria": {
      "in_water": "2024-08-07 19:19:37 +0000"
    },
    "done": true
  },
  "minecraft:recipes/decorations/white_carpet": {
    "criteria": {
      "has_white_wool": "2024-08-07 20:04:16 +0000"
    },
    "done": true
  },
  "sophisticatedbackpacks:recipes/sophisticatedbackpacks/deposit_upgrade": {
    "criteria": {
      "has_upgrade_base": "2024-08-08 11:50:09 +0000"
    },
    "done": true
  },
  "smallships:recipes/transportation/jungle_brigg": {
    "criteria": {
      "in_water": "2024-08-07 19:19:37 +0000"
    },
    "done": true
  },
  "sophisticatedbackpacks:recipes/sophisticatedbackpacks/iron_backpack_from_copper": {
    "criteria": {
      "has_copper_backpack": "2024-08-07 19:24:08 +0000"
    },
    "done": true
  },
  "sophisticatedbackpacks:recipes/sophisticatedbackpacks/anvil_upgrade": {
    "criteria": {
      "has_upgrade_base": "2024-08-08 11:50:09 +0000"
    },
    "done": true
  },
  "minecraft:recipes/transportation/birch_chest_boat": {
    "criteria": {
      "has_boat": "2024-08-07 20:07:20 +0000"
    },
    "done": true
  },
  "croptopia:recipes/croptopia.croptopia/toast_from_bread": {
    "criteria": {
      "has_bread": "2024-08-07 22:04:00 +0000"
    },
    "done": true
  },
  "paraglider:recipes/paraglider/cosmetic/goddess_statue": {
    "criteria": {
      "has_goddess_statue": "2024-08-07 20:22:20 +0000"
    },
    "done": true
  },
  "minecraft:recipes/misc/gold_ingot_from_nuggets": {
    "criteria": {
      "has_gold_nugget": "2024-08-08 00:09:04 +0000"
    },
    "done": true
  },
  "minecraft:story/mine_diamond": {
    "criteria": {
      "diamond": "2024-08-07 19:14:48 +0000"
    },
    "done": true
  },
  "tombstone:adventure/first_knowledge": {
    "criteria": {
      "coded_trigger": "2024-08-07 19:53:45 +0000"
    },
    "done": true
  },
  "minecraft:recipes/combat/diamond_helmet": {
    "criteria": {
      "has_diamond": "2024-08-07 19:14:48 +0000"
    },
    "done": true
  },
  "minecraft:recipes/building_blocks/polished_granite_stairs_from_granite_stonecutting": {
    "criteria": {
      "has_granite": "2024-08-07 19:31:11 +0000"
    },
    "done": true
  },
  "minecraft:recipes/decorations/soul_lantern": {
    "criteria": {
      "has_soul_torch": "2024-08-08 12:13:01 +0000"
    },
    "done": true
  },
  "minecraft:recipes/transportation/oak_boat": {
    "criteria": {
      "in_water": "2024-08-07 19:19:37 +0000"
    },
    "done": true
  },
  "vampirism:recipes/vampirism/vampire/vampire_clothing_legs": {
    "criteria": {
      "has_wool": "2024-08-07 20:04:22 +0000"
    },
    "done": true
  },
  "betterdungeons:spider_dungeon": {
    "criteria": {
      "in_better_spider_dungeon": "2024-08-07 19:16:30 +0000"
    },
    "done": true
  },
  "minecraft:recipes/decorations/blue_bed_from_white_bed": {
    "criteria": {
      "has_bed": "2024-08-07 19:43:12 +0000"
    },
    "done": true
  },
  "croptopia:recipes/croptopia.croptopia/cantaloupe_seed": {
    "criteria": {
      "has_cantaloupe": "2024-08-07 20:03:02 +0000"
    },
    "done": true
  },
  "minecraft:recipes/building_blocks/stone_brick_stairs": {
    "criteria": {
      "has_stone_bricks": "2024-08-07 19:22:11 +0000"
    },
    "done": true
  },
  "minecraft:recipes/combat/golden_boots": {
    "criteria": {
      "has_gold_ingot": "2024-08-07 19:14:42 +0000"
    },
    "done": true
  },
  "croptopia:recipes/croptopia.croptopia/apple_pie": {
    "criteria": {
      "has_apple": "2024-08-07 19:19:46 +0000"
    },
    "done": true
  },
  "minecraft:recipes/tools/wooden_axe": {
    "criteria": {
      "has_stick": "2024-08-07 19:15:49 +0000"
    },
    "done": true
  },
  "minecraft:recipes/building_blocks/lime_wool": {
    "criteria": {
      "has_white_wool": "2024-08-07 20:04:16 +0000"
    },
    "done": true
  },
  "exoticbirds:recipes/gray_birdhouse": {
    "criteria": {
      "has_wood": "2024-08-07 19:13:43 +0000"
    },
    "done": true
  },
  "blue_skies:recipes/decorations/anvil_compat": {
    "criteria": {
      "has_item": "2024-08-07 22:34:22 +0000"
    },
    "done": true
  },
  "grimoireofgaia:main/deathword": {
    "criteria": {
      "kill": "2024-08-08 00:03:10 +0000"
    },
    "done": true
  },
  "minecraft:recipes/decorations/mossy_stone_brick_wall_from_mossy_stone_brick_stonecutting": {
    "criteria": {
      "has_mossy_stone_bricks": "2024-08-08 12:16:59 +0000"
    },
    "done": true
  },
  "farmersdelight:main/plant_all_crops": {
    "criteria": {
      "potato": "2024-08-07 23:38:23 +0000",
      "wheat": "2024-08-07 23:40:12 +0000",
      "carrot": "2024-08-08 12:42:39 +0000"
    },
    "done": false
  },
  "exoticbirds:recipes/roost_box": {
    "criteria": {
      "has_material": "2024-08-07 19:13:43 +0000"
    },
    "done": true
  },
  "minecraft:recipes/building_blocks/polished_diorite_stairs_from_diorite_stonecutting": {
    "criteria": {
      "has_diorite": "2024-08-08 11:32:28 +0000"
    },
    "done": true
  },
  "exoticbirds:recipes/brown_birdhouse": {
    "criteria": {
      "has_wood": "2024-08-07 19:13:43 +0000"
    },
    "done": true
  },
  "sophisticatedbackpacks:recipes/sophisticatedbackpacks/battery_upgrade": {
    "criteria": {
      "has_upgrade_base": "2024-08-08 11:50:09 +0000"
    },
    "done": true
  },
  "tombstone:adventure/ashes_and_bones": {
    "criteria": {
      "coded_trigger": "2024-08-07 23:52:44 +0000"
    },
    "done": true
  },
  "minecraft:recipes/decorations/loom": {
    "criteria": {
      "has_string": "2024-08-07 19:21:36 +0000"
    },
    "done": true
  },
  "minecraft:recipes/building_blocks/green_wool": {
    "criteria": {
      "has_white_wool": "2024-08-07 20:04:16 +0000"
    },
    "done": true
  },
  "farmersdelight:recipes/farmersdelight/cooking/fried_rice": {
    "criteria": {
      "has_any_ingredient": "2024-08-08 12:34:45 +0000"
    },
    "done": true
  },
  "minecraft:recipes/tools/diamond_axe": {
    "criteria": {
      "has_diamond": "2024-08-07 19:14:48 +0000"
    },
    "done": true
  },
  "croptopia:recipes/potato_chips": {
    "criteria": {
      "has_potato": "2024-08-07 21:55:56 +0000"
    },
    "done": true
  },
  "minecraft:recipes/decorations/stone_brick_wall_from_stone_bricks_stonecutting": {
    "criteria": {
      "has_stone_bricks": "2024-08-07 19:22:11 +0000"
    },
    "done": true
  },
  "minecraft:recipes/building_blocks/brown_wool": {
    "criteria": {
      "has_white_wool": "2024-08-07 20:04:16 +0000"
    },
    "done": true
  },
  "vampirism:recipes/vampirism/hunter/alchemical_cauldron": {
    "criteria": {
      "has_iron": "2024-08-07 19:15:01 +0000"
    },
    "done": true
  },
  "farmersdelight:recipes/farmersdelight/cooking/pasta_with_meatballs": {
    "criteria": {
      "has_any_ingredient": "2024-08-07 20:16:42 +0000"
    },
    "done": true
  },
  "sophisticatedbackpacks:recipes/sophisticatedbackpacks/tool_swapper_upgrade": {
    "criteria": {
      "has_upgrade_base": "2024-08-08 11:50:09 +0000"
    },
    "done": true
  },
  "minecraft:recipes/building_blocks/chiseled_stone_bricks_from_stone_bricks_stonecutting": {
    "criteria": {
      "has_stone_bricks": "2024-08-07 19:22:11 +0000"
    },
    "done": true
  },
  "minecraft:recipes/decorations/scaffolding": {
    "criteria": {
      "has_bamboo": "2024-08-07 19:41:24 +0000"
    },
    "done": true
  },
  "farmersdelight:recipes/farmersdelight/cooking/pasta_with_mutton_chop": {
    "criteria": {
      "has_any_ingredient": "2024-08-07 20:04:16 +0000"
    },
    "done": true
  },
  "aquamirae:adventure/root": {
    "criteria": {
      "crafting_table": "2024-08-07 19:15:45 +0000"
    },
    "done": true
  },
  "smallships:recipes/transportation/spruce_drakkar": {
    "criteria": {
      "in_water": "2024-08-07 19:19:37 +0000"
    },
    "done": true
  },
  "croptopia:recipes/documentation": {
    "criteria": {
      "has_crop": "2024-08-07 19:14:43 +0000"
    },
    "done": true
  },
  "minecraft:recipes/decorations/painting": {
    "criteria": {
      "has_wool": "2024-08-07 20:04:16 +0000"
    },
    "done": true
  },
  "evilcraft:first_age": {
    "criteria": {
      "criteria_0": "2024-08-07 23:41:12 +0000"
    },
    "done": true
  },
  "minecraft:recipes/redstone/acacia_fence_gate": {
    "criteria": {
      "has_planks": "2024-08-07 19:14:23 +0000"
    },
    "done": true
  },
  "minecraft:recipes/combat/arrow": {
    "criteria": {
      "has_feather": "2024-08-07 21:56:48 +0000"
    },
    "done": true
  },
  "minecraft:recipes/building_blocks/andesite_slab_from_andesite_stonecutting": {
    "criteria": {
      "has_andesite": "2024-08-07 23:06:18 +0000"
    },
    "done": true
  },
  "minecraft:recipes/building_blocks/coal_block": {
    "criteria": {
      "has_coal": "2024-08-07 19:24:31 +0000"
    },
    "done": true
  },
  "sophisticatedbackpacks:recipes/sophisticatedbackpacks/chipped/philosopher_workbench_upgrade": {
    "criteria": {
      "has_upgrade_base": "2024-08-08 11:50:09 +0000"
    },
    "done": true
  },
  "minecraft:recipes/redstone/light_weighted_pressure_plate": {
    "criteria": {
      "has_gold_ingot": "2024-08-07 19:14:42 +0000"
    },
    "done": true
  },
  "croptopia:recipes/cashew_chicken": {
    "criteria": {
      "has_cashew": "2024-08-07 20:01:10 +0000"
    },
    "done": true
  },
  "vampirism:recipes/vampirism/dark_spruce_chest_boat": {
    "criteria": {
      "has_boat": "2024-08-07 20:07:20 +0000"
    },
    "done": true
  },
  "minecraft:recipes/tools/stone_shovel": {
    "criteria": {
      "has_cobblestone": "2024-08-07 19:16:50 +0000"
    },
    "done": true
  },
  "vampirism:recipes/vampirism/hunter/crossbow_arrow_normal": {
    "criteria": {
      "has_iron_ingot": "2024-08-07 19:15:01 +0000"
    },
    "done": true
  },
  "croptopia:recipes/leafy_salad": {
    "criteria": {
      "has_spinach": "2024-08-07 20:00:52 +0000"
    },
    "done": true
  },
  "farmersdelight:main/get_fd_seed": {
    "criteria": {
      "tomato_seeds": "2024-08-08 12:06:16 +0000"
    },
    "done": true
  },
  "smallships:recipes/transportation/mangrove_cog": {
    "criteria": {
      "in_water": "2024-08-07 19:19:37 +0000"
    },
    "done": true
  },
  "blue_skies:recipes/blue_skies_misc/ventium_nugget_from_ingot": {
    "criteria": {
      "has_item": "2024-08-07 22:34:22 +0000"
    },
    "done": true
  },
  "farmersdelight:recipes/farmersdelight/cooking/bone_broth": {
    "criteria": {
      "has_bone": "2024-08-07 19:14:44 +0000"
    },
    "done": true
  },
  "exoticbirds:recipes/lime_birdhouse": {
    "criteria": {
      "has_wood": "2024-08-07 19:13:43 +0000"
    },
    "done": true
  },
  "minecraft:recipes/building_blocks/diorite_stairs": {
    "criteria": {
      "has_diorite": "2024-08-08 11:32:28 +0000"
    },
    "done": true
  },
  "tombstone:adventure/root": {
    "criteria": {
      "auto": "2024-08-07 19:12:26 +0000"
    },
    "done": true
  },
  "vampirism:recipes/misc/leather_from_obi_belt": {
    "criteria": {
      "has_obi_belt": "2024-08-07 19:41:57 +0000"
    },
    "done": true
  },
  "cataclysm:root": {
    "criteria": {
      "custom_test_name": "2024-08-07 19:12:24 +0000"
    },
    "done": true
  },
  "minecraft:recipes/building_blocks/granite_slab_from_granite_stonecutting": {
    "criteria": {
      "has_granite": "2024-08-07 19:31:11 +0000"
    },
    "done": true
  },
  "exoticbirds:recipes/oak_birdcage": {
    "criteria": {
      "has_ingot": "2024-08-07 19:15:01 +0000"
    },
    "done": true
  },
  "blue_skies:recipes/blue_skies_blocks/tool_box": {
    "criteria": {
      "has_item": "2024-08-07 22:34:22 +0000"
    },
    "done": true
  },
  "blue_skies:recipes/blue_skies_blocks/food_prep_table": {
    "criteria": {
      "has_item": "2024-08-07 19:35:26 +0000"
    },
    "done": true
  },
  "naturalist:recipes/naturalist/bug_net": {
    "criteria": {
      "has_bamboo": "2024-08-07 19:41:24 +0000"
    },
    "done": true
  },
  "minecraft:recipes/building_blocks/andesite": {
    "criteria": {
      "has_stone": "2024-08-08 11:32:28 +0000"
    },
    "done": true
  },
  "minecraft:recipes/combat/golden_helmet": {
    "criteria": {
      "has_gold_ingot": "2024-08-07 19:14:42 +0000"
    },
    "done": true
  },
  "sophisticatedbackpacks:recipes/sophisticatedbackpacks/jukebox_upgrade": {
    "criteria": {
      "has_upgrade_base": "2024-08-08 11:50:09 +0000"
    },
    "done": true
  },
  "minecraft:recipes/redstone/acacia_trapdoor": {
    "criteria": {
      "has_planks": "2024-08-07 19:14:23 +0000"
    },
    "done": true
  },
  "minecraft:recipes/tools/lead": {
    "criteria": {
      "has_slime_ball": "2024-08-07 19:56:36 +0000"
    },
    "done": true
  },
  "farmersdelight:recipes/farmersdelight/shepherds_pie_block": {
    "criteria": {
      "has_cooked_mutton": "2024-08-07 20:05:37 +0000"
    },
    "done": true
  },
  "minecraft:recipes/redstone/oak_pressure_plate": {
    "criteria": {
      "has_planks": "2024-08-07 19:13:43 +0000"
    },
    "done": true
  },
  "minecraft:recipes/building_blocks/polished_deepslate_stairs_from_cobbled_deepslate_stonecutting": {
    "criteria": {
      "has_cobbled_deepslate": "2024-08-07 22:00:31 +0000"
    },
    "done": true
  },
  "grimoireofgaia:main/arachne": {
    "criteria": {
      "kill": "2024-08-08 11:46:36 +0000"
    },
    "done": true
  },
  "exoticbirds:recipes/green_birdhouse": {
    "criteria": {
      "has_wood": "2024-08-07 19:13:43 +0000"
    },
    "done": true
  },
  "minecraft:recipes/building_blocks/oak_wood": {
    "criteria": {
      "has_log": "2024-08-07 19:13:30 +0000"
    },
    "done": true
  },
  "vampirism:recipes/vampirism/vampire/coffin_gray": {
    "criteria": {
      "has_wool": "2024-08-07 20:04:22 +0000"
    },
    "done": true
  },
  "minecraft:story/root": {
    "criteria": {
      "crafting_table": "2024-08-07 19:15:45 +0000"
    },
    "done": true
  },
  "minecraft:recipes/redstone/dropper": {
    "criteria": {
      "has_redstone": "2024-08-07 23:41:12 +0000"
    },
    "done": true
  },
  "vampirism:recipes/misc/gold_nugget_from_accessory_blasting": {
    "criteria": {
      "has_ring": "2024-08-07 19:14:42 +0000"
    },
    "done": true
  },
  "sophisticatedbackpacks:recipes/sophisticatedbackpacks/smoking_upgrade": {
    "criteria": {
      "has_upgrade_base": "2024-08-08 11:50:09 +0000"
    },
    "done": true
  },
  "minecraft:recipes/transportation/spruce_chest_boat": {
    "criteria": {
      "has_boat": "2024-08-07 20:07:20 +0000"
    },
    "done": true
  },
  "grimoireofgaia:main/cecaelia": {
    "criteria": {
      "kill": "2024-08-07 23:11:29 +0000"
    },
    "done": true
  },
  "smallships:recipes/transportation/jungle_cog": {
    "criteria": {
      "in_water": "2024-08-07 19:19:37 +0000"
    },
    "done": true
  },
  "paraglider:recipes/paraglider/cosmetic/goron_goddess_statue": {
    "criteria": {
      "has_goddess_statue": "2024-08-07 20:22:20 +0000"
    },
    "done": true
  },
  "croptopia:recipes/candied_nuts": {
    "criteria": {
      "has_nut": "2024-08-07 20:00:45 +0000"
    },
    "done": true
  },
  "minecraft:recipes/combat/leather_chestplate": {
    "criteria": {
      "has_leather": "2024-08-07 20:16:42 +0000"
    },
    "done": true
  },
  "minecraft:recipes/building_blocks/acacia_planks": {
    "criteria": {
      "has_log": "2024-08-07 19:14:14 +0000"
    },
    "done": true
  },
  "minecraft:recipes/tools/compass": {
    "criteria": {
      "has_redstone": "2024-08-07 23:41:12 +0000"
    },
    "done": true
  },
  "vampirism:recipes/vampirism/vampire/altar_tip": {
    "criteria": {
      "has_iron": "2024-08-07 19:15:01 +0000"
    },
    "done": true
  },
  "minecraft:recipes/redstone/oak_button": {
    "criteria": {
      "has_planks": "2024-08-07 19:13:43 +0000"
    },
    "done": true
  },
  "vampirism:recipes/vampirism/vampire/blood_container": {
    "criteria": {
      "has_iron": "2024-08-07 19:15:01 +0000"
    },
    "done": true
  },
  "sophisticatedbackpacks:recipes/sophisticatedbackpacks/inception_upgrade": {
    "criteria": {
      "has_upgrade_base": "2024-08-08 11:50:09 +0000"
    },
    "done": true
  },
  "farmersdelight:recipes/farmersdelight/flint_knife": {
    "criteria": {
      "has_stick": "2024-08-07 19:15:49 +0000"
    },
    "done": true
  },
  "minecraft:recipes/building_blocks/polished_andesite": {
    "criteria": {
      "has_andesite": "2024-08-07 23:06:18 +0000"
    },
    "done": true
  },
  "farmersdelight:recipes/farmersdelight/stuffed_potato": {
    "criteria": {
      "has_baked_potato": "2024-08-07 22:33:40 +0000"
    },
    "done": true
  },
  "minecraft:recipes/building_blocks/mossy_stone_brick_slab_from_mossy_stone_brick_stonecutting": {
    "criteria": {
      "has_mossy_stone_bricks": "2024-08-08 12:16:59 +0000"
    },
    "done": true
  },
  "minecraft:recipes/food/cooked_beef": {
    "criteria": {
      "has_beef": "2024-08-07 20:16:42 +0000"
    },
    "done": true
  },
  "minecraft:recipes/redstone/iron_door": {
    "criteria": {
      "has_iron_ingot": "2024-08-07 19:15:01 +0000"
    },
    "done": true
  },
  "exoticbirds:recipes/phoenix_egg_from_cloud_phoenix": {
    "criteria": {
      "has_egg": "2024-08-07 19:12:24 +0000"
    },
    "done": true
  },
  "exoticbirds:recipes/jungle_birdcage": {
    "criteria": {
      "has_ingot": "2024-08-07 19:15:01 +0000"
    },
    "done": true
  },
  "grimoireofgaia:main/minotaurus": {
    "criteria": {
      "kill": "2024-08-07 23:12:03 +0000"
    },
    "done": true
  },
  "blue_skies:recipes/blue_skies_tools/ventium_shears": {
    "criteria": {
      "has_item": "2024-08-07 22:34:22 +0000"
    },
    "done": true
  },
  "minecraft:recipes/transportation/powered_rail": {
    "criteria": {
      "has_rail": "2024-08-07 22:00:35 +0000"
    },
    "done": true
  },
  "1_splatus:ultris/root": {
    "criteria": {
      "c1": "2024-08-07 19:12:24 +0000"
    },
    "done": true
  },
  "croptopia:recipes/croptopia.croptopia/cooking_pot": {
    "criteria": {
      "has_iron": "2024-08-07 19:15:01 +0000"
    },
    "done": true
  },
  "minecraft:recipes/misc/iron_ingot_from_nuggets": {
    "criteria": {
      "has_iron_nugget": "2024-08-07 19:56:36 +0000"
    },
    "done": true
  },
  "minecraft:recipes/redstone/oak_door": {
    "criteria": {
      "has_planks": "2024-08-07 19:13:43 +0000"
    },
    "done": true
  },
  "croptopia:recipes/croptopia.croptopia/peach_jam": {
    "criteria": {
      "has_peach": "2024-08-07 19:20:38 +0000"
    },
    "done": true
  },
  "farmersdelight:recipes/farmersdelight/diamond_knife": {
    "criteria": {
      "has_diamond": "2024-08-07 19:14:48 +0000"
    },
    "done": true
  },
  "smallships:recipes/transportation/mangrove_galley": {
    "criteria": {
      "in_water": "2024-08-07 19:19:37 +0000"
    },
    "done": true
  },
  "minecraft:recipes/transportation/jungle_boat": {
    "criteria": {
      "in_water": "2024-08-07 19:19:37 +0000"
    },
    "done": true
  },
  "paraglider:recipes/paraglider/cosmetic/kakariko_goddess_statue": {
    "criteria": {
      "has_goddess_statue": "2024-08-07 20:22:20 +0000"
    },
    "done": true
  },
  "croptopia:recipes/croptopia.croptopia/pecan_pie": {
    "criteria": {
      "has_pecan": "2024-08-07 20:03:19 +0000"
    },
    "done": true
  },
  "croptopia:recipes/croptopia.croptopia/apple_sapling": {
    "criteria": {
      "has_apple": "2024-08-07 19:19:46 +0000"
    },
    "done": true
  },
  "minecraft:recipes/redstone/heavy_weighted_pressure_plate": {
    "criteria": {
      "has_iron_ingot": "2024-08-07 19:15:01 +0000"
    },
    "done": true
  },
  "farmersdelight:recipes/farmersdelight/golden_knife": {
    "criteria": {
      "has_gold_ingot": "2024-08-07 19:14:42 +0000"
    },
    "done": true
  },
  "minecraft:recipes/transportation/dark_oak_boat": {
    "criteria": {
      "in_water": "2024-08-07 19:19:37 +0000"
    },
    "done": true
  },
  "minecraft:recipes/decorations/glow_item_frame": {
    "criteria": {
      "has_glow_ink_sac": "2024-08-08 12:08:17 +0000"
    },
    "done": true
  },
  "minecraft:recipes/transportation/carrot_on_a_stick": {
    "criteria": {
      "has_carrot": "2024-08-08 12:34:45 +0000"
    },
    "done": true
  },
  "minecraft:recipes/building_blocks/pink_wool": {
    "criteria": {
      "has_white_wool": "2024-08-07 20:04:16 +0000"
    },
    "done": true
  },
  "minecraft:recipes/decorations/andesite_wall_from_andesite_stonecutting": {
    "criteria": {
      "has_andesite": "2024-08-07 23:06:18 +0000"
    },
    "done": true
  },
  "vampirism:recipes/vampirism/hunter/crucifix": {
    "criteria": {
      "planks": "2024-08-07 19:13:43 +0000"
    },
    "done": true
  },
  "minecraft:recipes/decorations/brown_bed_from_white_bed": {
    "criteria": {
      "has_bed": "2024-08-07 19:43:12 +0000"
    },
    "done": true
  },
  "paraglider:pray_to_the_goddess": {
    "criteria": {
      "bargain": "2024-08-07 20:22:16 +0000"
    },
    "done": true
  },
  "smallships:recipes/transportation/spruce_galley": {
    "criteria": {
      "in_water": "2024-08-07 19:19:37 +0000"
    },
    "done": true
  },
  "minecraft:recipes/building_blocks/polished_granite": {
    "criteria": {
      "has_granite": "2024-08-07 19:31:11 +0000"
    },
    "done": true
  },
  "tombstone:adventure/choose_knowledge": {
    "criteria": {
      "coded_trigger": "2024-08-07 19:53:49 +0000"
    },
    "done": true
  },
  "minecraft:recipes/combat/golden_leggings": {
    "criteria": {
      "has_gold_ingot": "2024-08-07 19:14:42 +0000"
    },
    "done": true
  },
  "minecraft:recipes/redstone/piston": {
    "criteria": {
      "has_redstone": "2024-08-07 23:41:12 +0000"
    },
    "done": true
  },
  "sophisticatedbackpacks:recipes/sophisticatedbackpacks/pickup_upgrade": {
    "criteria": {
      "has_upgrade_base": "2024-08-08 11:50:09 +0000"
    },
    "done": true
  },
  "croptopia:recipes/shaped_beef_stew": {
    "criteria": {
      "has_beef": "2024-08-07 20:16:42 +0000"
    },
    "done": true
  },
  "exoticbirds:recipes/phoenix_egg_from_skeleton_phoenix": {
    "criteria": {
      "has_egg": "2024-08-07 19:12:24 +0000"
    },
    "done": true
  },
  "smallships:recipes/transportation/dark_oak_brigg": {
    "criteria": {
      "in_water": "2024-08-07 19:19:37 +0000"
    },
    "done": true
  },
  "minecraft:recipes/food/cooked_beef_from_campfire_cooking": {
    "criteria": {
      "has_beef": "2024-08-07 20:16:42 +0000"
    },
    "done": true
  },
  "exoticbirds:recipes/egg_incubator": {
    "criteria": {
      "has_bucket": "2024-08-07 19:12:24 +0000",
      "has_flint": "2024-08-07 19:12:24 +0000"
    },
    "done": true
  },
  "sophisticatedbackpacks:recipes/sophisticatedbackpacks/stonecutter_upgrade": {
    "criteria": {
      "has_upgrade_base": "2024-08-08 11:50:09 +0000"
    },
    "done": true
  },
  "minecraft:recipes/combat/diamond_boots": {
    "criteria": {
      "has_diamond": "2024-08-07 19:14:48 +0000"
    },
    "done": true
  },
  "croptopia:recipes/croptopia.croptopia/cashew_sapling": {
    "criteria": {
      "has_cashew": "2024-08-07 20:01:10 +0000"
    },
    "done": true
  },
  "smallships:recipes/transportation/dark_oak_cog": {
    "criteria": {
      "in_water": "2024-08-07 19:19:37 +0000"
    },
    "done": true
  },
  "vampirism:recipes/vampirism/weapontable/crucifix_enhanced": {
    "criteria": {
      "iron": "2024-08-07 19:15:01 +0000"
    },
    "done": true
  },
  "minecraft:recipes/decorations/soul_campfire": {
    "criteria": {
      "has_stick": "2024-08-07 19:15:49 +0000"
    },
    "done": true
  },
  "sophisticatedbackpacks:recipes/sophisticatedbackpacks/compacting_upgrade": {
    "criteria": {
      "has_upgrade_base": "2024-08-08 11:50:09 +0000"
    },
    "done": true
  },
  "minecraft:story/smelt_iron": {
    "criteria": {
      "iron": "2024-08-07 19:15:01 +0000"
    },
    "done": true
  },
  "exoticbirds:recipes/mangrove_birdcage": {
    "criteria": {
      "has_ingot": "2024-08-07 19:15:01 +0000"
    },
    "done": true
  },
  "minecraft:recipes/decorations/light_gray_bed_from_white_bed": {
    "criteria": {
      "has_bed": "2024-08-07 19:43:12 +0000"
    },
    "done": true
  },
  "sophisticatedbackpacks:recipes/sophisticatedbackpacks/tank_upgrade": {
    "criteria": {
      "has_upgrade_base": "2024-08-08 11:50:09 +0000"
    },
    "done": true
  },
  "croptopia:recipes/fruit_salad": {
    "criteria": {
      "has_apple": "2024-08-07 19:19:46 +0000"
    },
    "done": true
  },
  "minecraft:recipes/building_blocks/bone_block": {
    "criteria": {
      "has_bone_meal": "2024-08-08 12:03:35 +0000"
    },
    "done": true
  },
  "DataVersion": 3120
}